0.09775,0.1035,0.105,0.1085,0.11,0.11275,0.11425,0.11625,0.1195,0.11975,0.124,0.12625,0.1285,0.1285,0.13,0.1315,0.1355,0.13925,0.13925,0.1415,0.1435,0.14525,0.14775,0.148,0.15025,0.15225,0.15425,0.156,0.156,0.1585,0.16025,0.1595,0.16375,0.165,0.16625,0.16775,0.1695,0.17125,0.17275,0.174,0.175,0.176,0.1785,0.1815,0.183,0.1825,0.18075,0.18125,0.18275,0.18625,0.18725,0.189,0.19075,0.192,0.19275,0.1925,0.19375,0.19475,0.194,0.19575,0.19775,0.19875,0.19875,0.2005,0.201,0.20175,0.1995,0.2015,0.202,0.2025,0.2035,0.2045,0.20425,0.20375,0.20325,0.20325,0.202,0.20425,0.20375,0.20475,0.20425,0.2075,0.2095,0.21025,0.213,0.21375,0.213,0.216,0.21675,0.2175,0.2165,0.21675,0.21375,0.218,0.217,0.21725,0.2165,0.2165,0.21775,0.21625,0.21375,0.216,0.21675,0.21925,0.2215,0.22275,0.22325,0.2205,0.223,0.2195,0.2225,0.2205,0.22,0.2225,0.22225,0.22525,0.2245,0.22275,0.2205,0.2245,0.2265,0.22425,0.22325,0.22175,0.2225,0.221,0.21975,0.22225,0.2225,0.223,0.22125,0.2195,0.218,0.21725,0.21775,0.217,0.21475,0.2165,0.215,0.21825,0.2135,0.2145,0.21275,0.213,0.2125,0.21025,0.21125,0.21025,0.20975,0.20775,0.20675,0.20525,0.208,0.20725,0.20575,0.20425,0.20325,0.20275,0.20275,0.199,0.1975,0.194,0.19475,0.194,0.19275,0.19125,0.18925,0.1865,0.18375,0.18325,0.1805,0.176,0.1755,0.1745,0.1735,0.17225,0.16875,0.16825,0.16575,0.1645,0.16075,0.15925,0.1565,0.15525,0.1525,0.14775,0.14725,0.14575,0.1445,0.1425,0.14125,0.14025,0.13625,0.13425,0.133,0.1315,0.12875,0.126,0.12325,0.1175
0.10275,0.107,0.10975,0.1115,0.115,0.11775,0.118,0.12125,0.12225,0.1255,0.12825,0.129,0.1315,0.1325,0.13375,0.13725,0.1405,0.14325,0.14475,0.1465,0.14825,0.15,0.15075,0.15325,0.15475,0.157,0.16075,0.16025,0.1615,0.16225,0.16575,0.167,0.16825,0.16975,0.17175,0.173,0.176,0.1765,0.18075,0.181,0.18075,0.182,0.1845,0.1855,0.186,0.18675,0.1895,0.18875,0.19175,0.19275,0.195,0.19625,0.19775,0.19825,0.19825,0.19925,0.2005,0.20075,0.20175,0.20225,0.20425,0.205,0.205,0.20675,0.2065,0.208,0.20775,0.2075,0.20875,0.2095,0.21125,0.2115,0.2115,0.212,0.20825,0.2085,0.21,0.2095,0.2105,0.2115,0.214,0.2145,0.21675,0.219,0.2195,0.22175,0.224,0.22425,0.2235,0.2235,0.22325,0.22425,0.22325,0.226,0.22475,0.22575,0.22475,0.22525,0.22375,0.22625,0.2255,0.22275,0.2225,0.225,0.22675,0.228,0.228,0.22875,0.2285,0.2275,0.2285,0.22825,0.229,0.22925,0.2305,0.22975,0.23125,0.22875,0.231,0.23125,0.23275,0.232,0.2305,0.23025,0.23025,0.22975,0.23,0.23,0.22875,0.22875,0.22725,0.22475,0.22525,0.223,0.22325,0.22325,0.22425,0.22325,0.22475,0.2225,0.223,0.21875,0.2205,0.218,0.2175,0.2175,0.2175,0.21775,0.21575,0.2165,0.2145,0.2145,0.2135,0.21225,0.211,0.21125,0.21025,0.20975,0.207,0.20725,0.204,0.203,0.20125,0.19825,0.196,0.19575,0.1945,0.19075,0.18975,0.1875,0.1835,0.1815,0.182,0.17925,0.1785,0.1775,0.175,0.174,0.172,0.1685,0.16625,0.1635,0.162,0.159,0.15775,0.1555,0.15125,0.15,0.149,0.14675,0.14575,0.1435,0.142,0.13775,0.1355,0.134,0.13275,0.13075,0.1275,0.1245
0.105,0.109,0.11175,0.11525,0.11725,0.11975,0.12175,0.1235,0.127,0.12925,0.1295,0.13225,0.1325,0.13425,0.13675,0.14075,0.1435,0.146,0.1485,0.15,0.151,0.1525,0.15425,0.157,0.15825,0.16025,0.16225,0.1635,0.16525,0.16625,0.168,0.16975,0.172,0.1735,0.17475,0.1775,0.17825,0.18225,0.18275,0.18325,0.185,0.18675,0.189,0.191,0.189,0.192,0.19375,0.1945,0.1955,0.199,0.199,0.2015,0.2015,0.20225,0.20375,0.205,0.206,0.20575,0.205,0.20575,0.206,0.20925,0.21025,0.21175,0.21075,0.2125,0.21225,0.21325,0.21375,0.214,0.21375,0.21625,0.21625,0.21575,0.21525,0.216,0.21575,0.21575,0.215,0.2175,0.2185,0.2195,0.2225,0.2235,0.225,0.227,0.23,0.23075,0.22925,0.229,0.2275,0.228,0.2305,0.23,0.231,0.23025,0.2315,0.22925,0.23025,0.231,0.23,0.23,0.2295,0.2295,0.22975,0.232,0.233,0.23425,0.234,0.23475,0.23275,0.23225,0.23375,0.23375,0.23525,0.236,0.2335,0.2345,0.234,0.23525,0.23475,0.2335,0.23525,0.236,0.23375,0.233,0.23325,0.23425,0.23275,0.23425,0.231,0.22925,0.228,0.229,0.22825,0.22825,0.22775,0.22825,0.227,0.228,0.22375,0.22525,0.22375,0.22425,0.22175,0.22275,0.223,0.22175,0.2215,0.22025,0.22075,0.21675,0.21675,0.2155,0.2155,0.214,0.21375,0.2125,0.2115,0.209,0.20975,0.2065,0.2055,0.202,0.20125,0.198,0.1985,0.1955,0.1935,0.192,0.187,0.18675,0.18475,0.184,0.18,0.18025,0.17825,0.1755,0.17475,0.1725,0.1695,0.16775,0.16475,0.162,0.159,0.15825,0.15525,0.15375,0.1515,0.1505,0.14775,0.145,0.143,0.14125,0.13875,0.13625,0.13425,0.13325,0.13175,0.129
0.10625,0.1105,0.1145,0.11725,0.12025,0.1245,0.12475,0.12775,0.12925,0.12975,0.1335,0.13475,0.1355,0.1385,0.14125,0.1415,0.14525,0.14875,0.14875,0.1515,0.1545,0.15525,0.158,0.15975,0.162,0.163,0.16475,0.166,0.16875,0.169,0.171,0.172,0.1735,0.17675,0.1785,0.1795,0.18325,0.185,0.186,0.18675,0.18825,0.1905,0.194,0.1935,0.192,0.195,0.19725,0.1975,0.1995,0.20225,0.20225,0.20425,0.20525,0.20775,0.208,0.2095,0.20975,0.21,0.21075,0.20925,0.2125,0.21175,0.21475,0.21625,0.217,0.21725,0.218,0.21825,0.21725,0.21925,0.21775,0.2185,0.21975,0.22025,0.21975,0.21925,0.21975,0.22,0.2225,0.22225,0.22275,0.22625,0.2275,0.2285,0.22875,0.232,0.235,0.235,0.23575,0.23375,0.232,0.233,0.23275,0.2345,0.234,0.23475,0.2345,0.23625,0.23525,0.23475,0.234,0.23525,0.235,0.2345,0.235,0.23575,0.237,0.23775,0.24025,0.24,0.23675,0.23725,0.237,0.238,0.24,0.23925,0.2385,0.23775,0.23925,0.23775,0.23825,0.239,0.2385,0.24025,0.2405,0.237,0.2385,0.23775,0.23725,0.2365,0.233,0.2345,0.23275,0.2325,0.2325,0.232,0.23125,0.2295,0.22925,0.228,0.2295,0.22725,0.22875,0.22775,0.22725,0.2265,0.226,0.22525,0.2245,0.224,0.22425,0.2215,0.22025,0.22075,0.21875,0.2175,0.2165,0.2155,0.214,0.21425,0.21125,0.211,0.2065,0.20825,0.2045,0.20325,0.2015,0.20025,0.19725,0.19375,0.193,0.19125,0.18825,0.18575,0.1835,0.1795,0.1805,0.17875,0.1765,0.1745,0.1735,0.1705,0.167,0.16475,0.1625,0.1595,0.159,0.15675,0.154,0.15275,0.15025,0.14725,0.146,0.14325,0.14225,0.13975,0.13525,0.1345,0.133,0.129
0.1075,0.1145,0.117,0.1185,0.12375,0.126,0.1285,0.13025,0.131,0.13425,0.135,0.1355,0.13825,0.14125,0.144,0.14575,0.14825,0.15075,0.1525,0.1545,0.156,0.15875,0.1595,0.164,0.16575,0.1665,0.16725,0.16875,0.17125,0.17275,0.17325,0.17475,0.176,0.17775,0.18075,0.1835,0.1855,0.18725,0.19025,0.19125,0.19075,0.1945,0.195,0.1965,0.197,0.199,0.2,0.20225,0.204,0.2065,0.20675,0.20825,0.20925,0.21,0.212,0.21075,0.212,0.21325,0.214,0.21375,0.21475,0.21625,0.21725,0.219,0.22075,0.222,0.22275,0.222,0.2225,0.2225,0.22275,0.22225,0.22375,0.2245,0.222,0.223,0.22525,0.226,0.227,0.22825,0.22975,0.23,0.2295,0.23175,0.233,0.23525,0.2385,0.239,0.238,0.2405,0.238,0.237,0.236,0.23775,0.2395,0.24,0.23825,0.2395,0.2405,0.2395,0.23825,0.2365,0.239,0.23975,0.23875,0.23975,0.241,0.24275,0.2425,0.244,0.24225,0.2425,0.244,0.24425,0.24375,0.24225,0.24375,0.24275,0.24325,0.24225,0.24175,0.24325,0.244,0.24375,0.245,0.24375,0.24025,0.24175,0.24,0.24,0.239,0.2385,0.237,0.236,0.237,0.2355,0.233,0.23225,0.23075,0.2315,0.2305,0.23375,0.23075,0.23225,0.23,0.22975,0.2285,0.2295,0.22825,0.22725,0.227,0.22525,0.2255,0.223,0.222,0.221,0.219,0.21725,0.21675,0.21425,0.21625,0.21275,0.21225,0.20975,0.20925,0.206,0.2045,0.20175,0.19975,0.19825,0.19525,0.194,0.1915,0.19,0.1875,0.184,0.18325,0.18075,0.1795,0.17725,0.1755,0.17475,0.1715,0.16875,0.16575,0.16325,0.16075,0.16075,0.15775,0.15525,0.152,0.15075,0.148,0.14475,0.14425,0.14225,0.13875,0.13625,0.1345,0.1305
0.11025,0.1155,0.11975,0.124,0.1255,0.12875,0.131,0.13075,0.1345,0.13675,0.1365,0.13925,0.1425,0.1445,0.14525,0.1485,0.1515,0.15275,0.15425,0.1575,0.1585,0.16175,0.16325,0.16575,0.1675,0.1695,0.1705,0.1715,0.174,0.175,0.17625,0.1775,0.18,0.18025,0.18475,0.18675,0.188,0.191,0.1925,0.195,0.1955,0.19625,0.1975,0.1985,0.202,0.2035,0.2025,0.2045,0.207,0.20875,0.21025,0.21175,0.2115,0.213,0.21575,0.21625,0.21575,0.21625,0.2185,0.219,0.22,0.21975,0.22175,0.2215,0.224,0.226,0.2265,0.22875,0.22675,0.227,0.2255,0.2265,0.226,0.2275,0.228,0.22925,0.23125,0.232,0.233,0.2335,0.23425,0.23425,0.2335,0.2355,0.23875,0.23925,0.24375,0.24125,0.24325,0.24275,0.24275,0.24225,0.24225,0.242,0.243,0.24375,0.24175,0.2415,0.24275,0.24375,0.242,0.241,0.2425,0.2445,0.244,0.245,0.245,0.244,0.246,0.2465,0.2485,0.24875,0.2485,0.24875,0.246,0.247,0.246,0.24725,0.246,0.247,0.247,0.24625,0.2475,0.24725,0.2475,0.24825,0.2455,0.2435,0.24325,0.2435,0.2435,0.2425,0.24025,0.24225,0.2415,0.23875,0.23675,0.2355,0.2365,0.23325,0.2355,0.236,0.23575,0.23275,0.234,0.232,0.23225,0.23325,0.2305,0.231,0.23025,0.23025,0.2285,0.22725,0.22375,0.2245,0.22225,0.22175,0.21925,0.2185,0.21825,0.21725,0.214,0.21525,0.211,0.211,0.20625,0.207,0.2035,0.202,0.19925,0.197,0.19475,0.192,0.19025,0.1875,0.18725,0.184,0.1805,0.17775,0.1765,0.17625,0.17525,0.17275,0.169,0.1655,0.16325,0.16125,0.16025,0.15725,0.15475,0.15275,0.15125,0.148,0.1475,0.1445,0.14175,0.13875,0.13575,0.13175
0.11275,0.1175,0.12275,0.125,0.12875,0.13025,0.13175,0.1355,0.13625,0.13825,0.13975,0.142,0.144,0.14675,0.1495,0.15025,0.15375,0.1555,0.158,0.1595,0.161,0.164,0.16575,0.16825,0.171,0.17225,0.17275,0.1755,0.176,0.17775,0.1795,0.18025,0.1815,0.184,0.1865,0.188,0.18975,0.1935,0.19575,0.19675,0.198,0.20025,0.19975,0.20325,0.204,0.2065,0.20675,0.2075,0.21025,0.21225,0.21475,0.2155,0.217,0.21825,0.2165,0.21775,0.221,0.22075,0.22225,0.22425,0.224,0.22525,0.22525,0.22625,0.227,0.22875,0.2305,0.23025,0.23075,0.2315,0.231,0.2305,0.23125,0.2315,0.234,0.23625,0.2365,0.23825,0.23825,0.2385,0.238,0.239,0.24125,0.241,0.24125,0.24375,0.24375,0.247,0.24725,0.24775,0.24875,0.24775,0.24725,0.24675,0.2475,0.24825,0.24775,0.2455,0.24825,0.24675,0.2475,0.24675,0.24825,0.25,0.248,0.2515,0.2485,0.249,0.249,0.25,0.25175,0.25175,0.2535,0.254,0.25425,0.25175,0.252,0.25025,0.2505,0.25025,0.251,0.2515,0.2495,0.24925,0.24975,0.2505,0.2485,0.24825,0.247,0.24675,0.247,0.2465,0.24675,0.2465,0.2455,0.2395,0.24,0.23925,0.23675,0.2375,0.23875,0.238,0.23775,0.23775,0.23575,0.23725,0.23575,0.23575,0.23475,0.23475,0.23475,0.2325,0.23075,0.2295,0.22725,0.2255,0.22575,0.22425,0.22425,0.2225,0.222,0.22,0.218,0.21675,0.2155,0.214,0.21225,0.20875,0.20725,0.20525,0.2035,0.2005,0.198,0.195,0.19375,0.189,0.18975,0.188,0.1845,0.18225,0.17975,0.17625,0.176,0.17575,0.1725,0.17025,0.167,0.1655,0.16225,0.162,0.15825,0.15575,0.153,0.152,0.14875,0.147,0.14425,0.14075,0.1365,0.13375
0.117,0.12075,0.125,0.128,0.13,0.13125,0.13575,0.13625,0.137,0.13975,0.14375,0.1455,0.149,0.15,0.15275,0.15375,0.1565,0.158,0.16,0.16175,0.1645,0.16525,0.16675,0.17,0.1725,0.17325,0.176,0.177,0.17825,0.18025,0.18075,0.18375,0.1865,0.18775,0.189,0.191,0.192,0.19525,0.19775,0.198,0.20075,0.2025,0.20475,0.20475,0.20725,0.209,0.21075,0.212,0.2125,0.215,0.21825,0.22,0.22125,0.2215,0.21975,0.222,0.2225,0.225,0.22575,0.2265,0.22925,0.22975,0.23025,0.23125,0.2315,0.23075,0.23125,0.23375,0.23275,0.2345,0.2335,0.23475,0.2345,0.237,0.238,0.24075,0.24175,0.24275,0.24475,0.2435,0.244,0.2445,0.2455,0.2455,0.24875,0.247,0.24925,0.248,0.25125,0.25275,0.253,0.25125,0.2515,0.25075,0.252,0.251,0.251,0.2525,0.252,0.2525,0.2505,0.253,0.254,0.25225,0.254,0.253,0.25475,0.2515,0.25175,0.25325,0.2565,0.25525,0.257,0.2595,0.257,0.25925,0.255,0.25575,0.25275,0.25475,0.25425,0.25375,0.2555,0.25375,0.254,0.25325,0.25275,0.2525,0.25275,0.251,0.25075,0.25125,0.25,0.24875,0.24725,0.244,0.2455,0.243,0.2415,0.241,0.241,0.2395,0.24075,0.24025,0.24075,0.24025,0.24075,0.23775,0.23825,0.23725,0.23575,0.234,0.23375,0.2335,0.23175,0.231,0.228,0.22925,0.226,0.22575,0.2235,0.2215,0.22125,0.21975,0.21975,0.21825,0.21475,0.21375,0.21075,0.209,0.2065,0.2045,0.2035,0.2,0.198,0.193,0.192,0.19025,0.1875,0.18525,0.184,0.1815,0.17925,0.177,0.17625,0.174,0.17,0.166,0.1645,0.16225,0.16075,0.1595,0.15625,0.1535,0.1525,0.14925,0.1475,0.1445,0.14225,0.1365
0.12125,0.1235,0.1275,0.129,0.13175,0.13525,0.1375,0.13825,0.139,0.1435,0.1455,0.148,0.15175,0.1525,0.154,0.15625,0.158,0.16025,0.162,0.1645,0.16575,0.16775,0.1705,0.17325,0.1755,0.17675,0.17725,0.18025,0.18025,0.1825,0.18325,0.18725,0.18875,0.19025,0.19325,0.1945,0.1965,0.1975,0.1995,0.20175,0.2035,0.206,0.208,0.21,0.21125,0.21175,0.21425,0.21725,0.218,0.219,0.22075,0.22275,0.22425,0.224,0.2245,0.2265,0.22625,0.22975,0.23125,0.2315,0.2325,0.235,0.234,0.23475,0.23425,0.233,0.23525,0.2375,0.238,0.2375,0.2395,0.2395,0.24125,0.24225,0.242,0.24325,0.24625,0.24575,0.248,0.24975,0.251,0.25025,0.24875,0.252,0.2505,0.25275,0.2535,0.253,0.25325,0.2545,0.25725,0.2575,0.257,0.25625,0.257,0.25425,0.256,0.25575,0.257,0.2545,0.2545,0.25675,0.25825,0.25825,0.2565,0.25725,0.25525,0.25575,0.25825,0.257,0.2585,0.2605,0.26275,0.2635,0.26175,0.26075,0.2605,0.25875,0.25825,0.2575,0.2575,0.2575,0.25725,0.2575,0.25725,0.257,0.256,0.25675,0.25675,0.25525,0.2535,0.254,0.25375,0.2535,0.25075,0.24925,0.24775,0.2485,0.24525,0.24375,0.24275,0.2435,0.2425,0.244,0.24325,0.244,0.24225,0.2415,0.24125,0.2405,0.23925,0.23725,0.2365,0.2365,0.23575,0.23425,0.2345,0.23,0.23,0.228,0.226,0.225,0.22425,0.22475,0.223,0.22,0.21725,0.21625,0.21525,0.211,0.20925,0.207,0.206,0.20425,0.20075,0.19825,0.19475,0.19375,0.192,0.19075,0.18675,0.185,0.183,0.1795,0.1775,0.17725,0.1725,0.16925,0.16725,0.165,0.16375,0.16275,0.15975,0.1565,0.15425,0.153,0.14975,0.147,0.1445,0.139
0.12075,0.126,0.13,0.13175,0.13575,0.13575,0.13775,0.1405,0.143,0.14375,0.14925,0.151,0.15325,0.15525,0.157,0.1595,0.16125,0.16225,0.16475,0.16725,0.16875,0.171,0.1725,0.17525,0.177,0.177,0.1805,0.1815,0.18325,0.18475,0.189,0.19025,0.191,0.1935,0.195,0.19825,0.19875,0.2,0.202,0.2025,0.2055,0.2085,0.2105,0.21325,0.21325,0.214,0.2155,0.21725,0.21925,0.22175,0.22375,0.22475,0.22625,0.22825,0.2285,0.22975,0.23175,0.232,0.2335,0.23425,0.23575,0.2375,0.23825,0.23725,0.239,0.23675,0.23825,0.23775,0.23975,0.2415,0.2425,0.2445,0.24475,0.247,0.249,0.24875,0.24775,0.25,0.25175,0.254,0.25425,0.25425,0.2565,0.257,0.25825,0.258,0.25775,0.258,0.2575,0.2595,0.26075,0.26225,0.26125,0.26025,0.2595,0.25875,0.258,0.26,0.26,0.2615,0.25975,0.25975,0.26225,0.2605,0.26075,0.259,0.26025,0.2615,0.26325,0.26075,0.2605,0.26425,0.26575,0.26675,0.26425,0.26375,0.265,0.263,0.2605,0.26125,0.26075,0.25975,0.261,0.25925,0.26025,0.25875,0.26,0.25975,0.26075,0.2585,0.258,0.257,0.258,0.25625,0.25575,0.25325,0.25225,0.25125,0.2495,0.24625,0.2455,0.24625,0.2455,0.24625,0.2475,0.24625,0.24775,0.245,0.24575,0.2425,0.24275,0.24175,0.23975,0.23975,0.23825,0.239,0.23675,0.2355,0.23075,0.23125,0.22925,0.22925,0.2285,0.2255,0.22475,0.22425,0.22025,0.218,0.2175,0.21475,0.21225,0.21125,0.208,0.207,0.2055,0.20175,0.201,0.19775,0.1955,0.1925,0.19075,0.18875,0.18725,0.1825,0.17975,0.1775,0.176,0.17425,0.17075,0.16725,0.16425,0.1635,0.16325,0.16025,0.15625,0.1535,0.15125,0.14875,0.14625,0.142
0.12425,0.12875,0.13025,0.134,0.1355,0.1385,0.14,0.1435,0.146,0.14875,0.152,0.15325,0.155,0.1575,0.1595,0.16225,0.164,0.166,0.166,0.1675,0.17125,0.1725,0.176,0.17725,0.17925,0.18025,0.18225,0.18425,0.18375,0.18875,0.19125,0.1905,0.19425,0.1965,0.19725,0.198,0.20125,0.20275,0.203,0.2055,0.2095,0.2115,0.2135,0.2145,0.21625,0.21875,0.2205,0.22275,0.2215,0.2255,0.227,0.22775,0.22775,0.23125,0.23025,0.2345,0.2345,0.23625,0.236,0.23875,0.24125,0.242,0.2435,0.242,0.2415,0.243,0.2415,0.243,0.243,0.24375,0.247,0.2475,0.2505,0.25025,0.25325,0.254,0.25225,0.25525,0.2585,0.258,0.258,0.2615,0.25775,0.26075,0.26175,0.261,0.26225,0.26175,0.26225,0.2645,0.26375,0.265,0.26375,0.2655,0.26325,0.26375,0.26475,0.26375,0.2655,0.2655,0.26425,0.265,0.2645,0.26375,0.26275,0.26575,0.26725,0.26525,0.26625,0.268,0.26825,0.26775,0.27,0.26925,0.2705,0.269,0.2685,0.26775,0.26625,0.2645,0.26575,0.2635,0.2635,0.2625,0.26325,0.263,0.262,0.26325,0.26275,0.26275,0.26125,0.261,0.2585,0.2605,0.2575,0.25675,0.25375,0.2555,0.25425,0.252,0.252,0.25175,0.249,0.24875,0.24875,0.24975,0.249,0.24875,0.24825,0.247,0.246,0.2445,0.244,0.2425,0.244,0.242,0.2385,0.23775,0.2355,0.2345,0.2345,0.23325,0.23025,0.23,0.22625,0.22725,0.224,0.222,0.2205,0.21925,0.218,0.21475,0.21175,0.20825,0.20875,0.20475,0.2045,0.202,0.198,0.1965,0.19375,0.1915,0.18725,0.1835,0.18175,0.1795,0.1775,0.1755,0.1735,0.17075,0.16775,0.167,0.164,0.1625,0.159,0.15575,0.15375,0.15275,0.14775,0.14375
0.12625,0.12925,0.1335,0.1355,0.137,0.13975,0.14325,0.145,0.1485,0.1505,0.153,0.1545,0.1565,0.15925,0.162,0.16575,0.16675,0.16725,0.1675,0.17,0.17375,0.175,0.1775,0.17875,0.1805,0.1825,0.18375,0.18625,0.19025,0.19175,0.192,0.19475,0.1965,0.19875,0.1995,0.2015,0.203,0.205,0.20625,0.209,0.211,0.2135,0.2155,0.21775,0.21975,0.22125,0.223,0.225,0.22575,0.227,0.22825,0.23075,0.23275,0.2335,0.2355,0.236,0.238,0.239,0.241,0.24175,0.2425,0.2455,0.24525,0.245,0.247,0.245,0.24725,0.2455,0.24625,0.24825,0.25,0.25275,0.2515,0.25525,0.257,0.2575,0.25825,0.261,0.262,0.262,0.265,0.26225,0.26725,0.26675,0.26525,0.2655,0.266,0.26625,0.26575,0.26725,0.267,0.2675,0.2685,0.26775,0.2675,0.26825,0.268,0.26975,0.2685,0.27075,0.27075,0.2685,0.268,0.26775,0.26825,0.27,0.2725,0.27,0.27,0.27275,0.27325,0.2745,0.2715,0.2715,0.27425,0.27475,0.272,0.2715,0.2725,0.27175,0.26925,0.268,0.264,0.267,0.267,0.26675,0.26575,0.265,0.26725,0.26575,0.2665,0.26375,0.2635,0.2615,0.26175,0.26025,0.2595,0.2575,0.25625,0.257,0.2555,0.2555,0.254,0.2535,0.25275,0.252,0.25325,0.25125,0.2525,0.251,0.2505,0.24775,0.2475,0.24775,0.24575,0.2445,0.2435,0.2415,0.23925,0.23775,0.23725,0.23675,0.23425,0.23175,0.2305,0.229,0.22775,0.22575,0.2225,0.22225,0.22,0.21825,0.21325,0.21475,0.21075,0.2095,0.20825,0.2045,0.20325,0.201,0.19725,0.19325,0.191,0.18725,0.184,0.183,0.18025,0.1775,0.1775,0.17425,0.171,0.17,0.1675,0.1645,0.16175,0.158,0.15625,0.1545,0.15,0.1455
0.127,0.1335,0.1345,0.13625,0.138,0.14225,0.14425,0.1475,0.1505,0.15275,0.15475,0.15625,0.15875,0.16225,0.164,0.168,0.16925,0.1695,0.1715,0.173,0.17475,0.1775,0.17925,0.18075,0.183,0.185,0.18525,0.19,0.19025,0.19225,0.19425,0.19625,0.199,0.2005,0.2015,0.2045,0.205,0.20625,0.209,0.211,0.212,0.21475,0.216,0.2205,0.22175,0.2245,0.22575,0.22825,0.22925,0.22975,0.23275,0.235,0.237,0.23725,0.237,0.23825,0.241,0.243,0.24275,0.24475,0.24525,0.2475,0.248,0.2465,0.24975,0.2515,0.25075,0.2505,0.24975,0.2515,0.254,0.2555,0.25675,0.258,0.2595,0.26025,0.2625,0.26275,0.26475,0.2655,0.267,0.26875,0.269,0.27175,0.27125,0.2695,0.269,0.272,0.2715,0.26875,0.271,0.27125,0.27225,0.27375,0.27325,0.2725,0.27275,0.27375,0.27425,0.2735,0.274,0.2745,0.27425,0.272,0.27375,0.275,0.2755,0.2765,0.275,0.277,0.278,0.277,0.27625,0.2755,0.2765,0.27875,0.27725,0.27675,0.279,0.27625,0.2755,0.27225,0.27225,0.27,0.271,0.27075,0.26975,0.2695,0.26975,0.269,0.26675,0.26825,0.26825,0.2665,0.26425,0.263,0.263,0.26125,0.26,0.2605,0.26075,0.25775,0.2575,0.258,0.25425,0.25525,0.255,0.25425,0.2555,0.2545,0.25375,0.25225,0.25125,0.251,0.2485,0.248,0.245,0.2445,0.242,0.2415,0.239,0.238,0.23775,0.235,0.234,0.231,0.229,0.22825,0.22625,0.22475,0.223,0.2215,0.2205,0.216,0.21475,0.213,0.21,0.2085,0.20575,0.204,0.20075,0.19625,0.1925,0.1905,0.18725,0.1855,0.184,0.18,0.17825,0.1775,0.1755,0.17225,0.16975,0.16475,0.164,0.16075,0.15925,0.1555,0.15175,0.149
0.13075,0.13375,0.1365,0.13875,0.1415,0.14375,0.148,0.15075,0.15275,0.153,0.15525,0.15925,0.16275,0.16375,0.1675,0.169,0.17075,0.17325,0.17325,0.17525,0.1775,0.17925,0.18225,0.18425,0.18575,0.18775,0.18925,0.1925,0.19175,0.19325,0.19725,0.19925,0.20225,0.20375,0.2055,0.20575,0.20675,0.20875,0.2115,0.213,0.21425,0.21675,0.21875,0.2215,0.22475,0.2275,0.22975,0.2305,0.232,0.23425,0.2365,0.237,0.2415,0.24,0.24275,0.242,0.24375,0.245,0.24675,0.24925,0.24975,0.251,0.2515,0.252,0.2525,0.25175,0.25375,0.2555,0.257,0.25625,0.25675,0.25925,0.26,0.262,0.2625,0.267,0.26525,0.2675,0.26775,0.26725,0.272,0.27375,0.274,0.27525,0.277,0.27625,0.27575,0.27725,0.27725,0.27375,0.27475,0.276,0.277,0.2765,0.2765,0.2795,0.2775,0.2785,0.277,0.277,0.27825,0.279,0.27675,0.27825,0.27825,0.2785,0.279,0.27975,0.2805,0.281,0.2795,0.281,0.28125,0.2805,0.27825,0.28075,0.281,0.28175,0.28,0.27975,0.2795,0.28,0.27625,0.2765,0.27525,0.2745,0.2745,0.27375,0.27425,0.27175,0.272,0.2715,0.272,0.26825,0.2675,0.266,0.2665,0.26425,0.26575,0.26525,0.263,0.261,0.26025,0.26075,0.25975,0.2575,0.25775,0.258,0.256,0.255,0.2565,0.25625,0.25675,0.254,0.25225,0.24925,0.249,0.247,0.2455,0.24225,0.2415,0.24075,0.23875,0.2385,0.2365,0.2345,0.23175,0.23025,0.2305,0.22725,0.2255,0.2245,0.22275,0.21925,0.21775,0.2165,0.2125,0.21325,0.209,0.20625,0.2035,0.19925,0.1955,0.19225,0.189,0.188,0.18625,0.183,0.1815,0.181,0.17775,0.17375,0.17175,0.16975,0.1665,0.164,0.1615,0.158,0.155,0.1505
0.13125,0.13525,0.138,0.1405,0.14375,0.1465,0.151,0.15325,0.15475,0.1575,0.1595,0.1625,0.16475,0.167,0.16875,0.17075,0.1735,0.17475,0.17725,0.177,0.17925,0.18225,0.18325,0.18525,0.1885,0.1905,0.19275,0.19275,0.19475,0.19675,0.19925,0.20175,0.20325,0.20575,0.2075,0.2085,0.21,0.2115,0.213,0.215,0.2175,0.22025,0.223,0.22425,0.22675,0.23025,0.2325,0.23225,0.2355,0.2365,0.23675,0.2395,0.242,0.24525,0.2455,0.245,0.24625,0.24925,0.25025,0.25075,0.2525,0.25425,0.254,0.2555,0.256,0.25575,0.25775,0.26025,0.2615,0.26125,0.2615,0.26125,0.26275,0.266,0.267,0.2685,0.27,0.2715,0.27,0.272,0.274,0.2755,0.276,0.2785,0.28125,0.282,0.2815,0.2795,0.2805,0.2805,0.28025,0.27925,0.279,0.281,0.2815,0.281,0.283,0.283,0.28175,0.283,0.28,0.2815,0.28325,0.283,0.28375,0.28175,0.28325,0.28275,0.28575,0.28325,0.2835,0.28525,0.28475,0.28525,0.2835,0.283,0.28525,0.28425,0.28375,0.2815,0.28325,0.28275,0.28325,0.279,0.279,0.278,0.27875,0.278,0.277,0.27675,0.274,0.2755,0.2735,0.274,0.273,0.27125,0.26975,0.2705,0.269,0.26825,0.26625,0.26675,0.265,0.26475,0.26425,0.26275,0.26075,0.25875,0.25875,0.2595,0.25825,0.26,0.25825,0.25575,0.2555,0.2555,0.25275,0.25075,0.2475,0.24525,0.24375,0.242,0.2425,0.241,0.23925,0.237,0.235,0.235,0.23225,0.23125,0.2275,0.22575,0.225,0.22225,0.22075,0.21875,0.21725,0.2135,0.212,0.2085,0.20675,0.20375,0.19875,0.196,0.1945,0.1915,0.18775,0.18675,0.18475,0.18175,0.17975,0.17575,0.1755,0.1725,0.1695,0.16525,0.163,0.1615,0.15825,0.15325
0.132,0.137,0.1405,0.14425,0.14675,0.14925,0.15225,0.15425,0.157,0.16075,0.1625,0.16525,0.166,0.16925,0.173,0.17425,0.177,0.17725,0.17825,0.18025,0.183,0.184,0.18575,0.187,0.1895,0.1935,0.1935,0.1955,0.1975,0.199,0.20025,0.204,0.20625,0.20725,0.209,0.212,0.21225,0.21425,0.21725,0.21775,0.2185,0.22325,0.22525,0.22725,0.229,0.23425,0.23375,0.23625,0.23825,0.241,0.24175,0.242,0.2455,0.247,0.248,0.24775,0.25025,0.25175,0.251,0.25225,0.25375,0.2545,0.2575,0.25675,0.25675,0.26025,0.26225,0.2645,0.26725,0.26675,0.265,0.2665,0.265,0.268,0.27125,0.2725,0.27325,0.27325,0.2755,0.276,0.27675,0.2785,0.28075,0.28175,0.28275,0.2835,0.285,0.2855,0.28525,0.2855,0.2845,0.2845,0.28425,0.28675,0.28575,0.28575,0.287,0.28775,0.28775,0.2865,0.2865,0.288,0.288,0.288,0.2865,0.28775,0.287,0.2875,0.287,0.28775,0.2875,0.28925,0.28975,0.28925,0.2885,0.28675,0.28625,0.2865,0.28725,0.28475,0.28675,0.28725,0.2865,0.28425,0.2815,0.28175,0.2795,0.28075,0.2805,0.27875,0.27975,0.27825,0.277,0.2765,0.27625,0.2755,0.2745,0.2725,0.27325,0.27125,0.27025,0.26825,0.2695,0.26875,0.26725,0.26675,0.26325,0.26225,0.262,0.26175,0.26125,0.26025,0.2605,0.2585,0.259,0.2555,0.25525,0.252,0.25025,0.248,0.247,0.24475,0.245,0.244,0.24125,0.2395,0.23875,0.236,0.23525,0.234,0.23125,0.22875,0.2265,0.2245,0.223,0.2215,0.218,0.21475,0.21325,0.21075,0.20825,0.2035,0.20275,0.1985,0.19625,0.1945,0.19125,0.18875,0.1845,0.1825,0.18075,0.17925,0.1775,0.175,0.17275,0.16925,0.1645,0.163,0.16,0.1555
0.13325,0.13975,0.143,0.14725,0.14925,0.1535,0.1545,0.15675,0.16075,0.16175,0.164,0.16775,0.16925,0.171,0.175,0.1765,0.178,0.18025,0.1805,0.18275,0.18425,0.18675,0.188,0.19025,0.193,0.194,0.197,0.19825,0.1995,0.20175,0.2035,0.2065,0.208,0.211,0.2135,0.21425,0.21625,0.21675,0.218,0.21975,0.225,0.226,0.22925,0.2305,0.2325,0.235,0.23725,0.23775,0.24075,0.2425,0.2455,0.2465,0.2475,0.248,0.24925,0.25175,0.2525,0.254,0.25525,0.25575,0.25725,0.25725,0.2595,0.26,0.26225,0.26375,0.265,0.26825,0.26975,0.271,0.27125,0.27075,0.27025,0.27175,0.27425,0.274,0.276,0.27775,0.279,0.28025,0.28175,0.28225,0.28475,0.28525,0.28625,0.2865,0.287,0.29,0.28925,0.2885,0.28975,0.28825,0.29125,0.29025,0.28975,0.29,0.2885,0.29025,0.28925,0.29025,0.2915,0.29225,0.29175,0.29125,0.293,0.29225,0.29125,0.2885,0.2895,0.29175,0.2925,0.2935,0.293,0.293,0.2925,0.29025,0.28725,0.28875,0.29,0.289,0.28975,0.2915,0.28975,0.28775,0.287,0.2845,0.28375,0.28475,0.28375,0.2835,0.28425,0.28175,0.281,0.27925,0.27975,0.2815,0.27825,0.276,0.27575,0.275,0.27325,0.2715,0.272,0.27125,0.27025,0.2675,0.26825,0.26525,0.265,0.26425,0.264,0.26225,0.26125,0.26225,0.25875,0.25875,0.25575,0.2545,0.253,0.25125,0.24925,0.248,0.246,0.2445,0.2435,0.24225,0.241,0.23825,0.238,0.2365,0.2335,0.2325,0.2295,0.2275,0.226,0.22425,0.22275,0.21825,0.218,0.21475,0.21075,0.20625,0.2055,0.2025,0.19825,0.194,0.19375,0.19125,0.18725,0.185,0.18225,0.1805,0.17975,0.17725,0.175,0.17175,0.16775,0.16525,0.16075,0.157
0.138,0.1425,0.1475,0.15,0.15225,0.15375,0.157,0.1585,0.1625,0.1645,0.16725,0.1685,0.17125,0.1735,0.17525,0.1785,0.18,0.18125,0.18375,0.18375,0.18675,0.18925,0.192,0.19475,0.19475,0.196,0.19825,0.19975,0.20225,0.20425,0.20675,0.2085,0.21,0.214,0.21475,0.216,0.2175,0.21925,0.221,0.22475,0.22625,0.22875,0.2335,0.2345,0.2355,0.236,0.23775,0.24125,0.241,0.2455,0.24775,0.24825,0.2505,0.25075,0.25325,0.25425,0.25375,0.25725,0.25675,0.25775,0.26025,0.2615,0.262,0.26375,0.26575,0.26775,0.26925,0.272,0.2735,0.276,0.27825,0.27575,0.27675,0.27475,0.27725,0.2765,0.28125,0.282,0.28425,0.28625,0.286,0.288,0.2885,0.28925,0.29,0.29,0.29175,0.292,0.2945,0.2945,0.29525,0.295,0.2955,0.29575,0.2945,0.29175,0.2915,0.293,0.2935,0.29575,0.29625,0.2955,0.295,0.2965,0.296,0.29725,0.2935,0.294,0.29525,0.29625,0.29675,0.29725,0.2965,0.295,0.29575,0.29275,0.2925,0.291,0.29225,0.2925,0.293,0.293,0.2935,0.2925,0.29075,0.2895,0.28675,0.28725,0.28575,0.2855,0.28775,0.28725,0.2865,0.28425,0.28375,0.281,0.28075,0.281,0.28,0.27775,0.279,0.27575,0.275,0.27625,0.2725,0.27425,0.271,0.2695,0.2685,0.26525,0.26575,0.26475,0.26375,0.263,0.26325,0.2595,0.2605,0.257,0.258,0.25525,0.253,0.25275,0.24975,0.24675,0.24575,0.245,0.24225,0.242,0.2395,0.23575,0.23575,0.23375,0.2325,0.23075,0.2285,0.2275,0.22525,0.22225,0.2195,0.2165,0.2115,0.21025,0.20775,0.2045,0.20125,0.19875,0.1965,0.194,0.1915,0.188,0.184,0.18325,0.18075,0.17875,0.17575,0.17425,0.1705,0.16775,0.1645,0.159
0.13925,0.14525,0.1495,0.15275,0.15375,0.15575,0.1585,0.1615,0.165,0.168,0.1685,0.1705,0.174,0.17625,0.17875,0.17875,0.1805,0.1835,0.18575,0.188,0.189,0.1925,0.19425,0.195,0.19675,0.19875,0.20125,0.2035,0.204,0.20625,0.2095,0.20925,0.21275,0.21525,0.217,0.21725,0.2205,0.223,0.22475,0.227,0.22925,0.23225,0.236,0.23675,0.23675,0.239,0.24175,0.243,0.2465,0.248,0.24975,0.25125,0.2545,0.255,0.2545,0.25575,0.2585,0.2595,0.26,0.262,0.26225,0.26325,0.26625,0.26775,0.26875,0.2705,0.27175,0.276,0.27725,0.2785,0.27925,0.281,0.2815,0.28,0.279,0.283,0.284,0.287,0.288,0.28975,0.29225,0.2925,0.29225,0.2925,0.29175,0.29425,0.2965,0.29675,0.29775,0.29875,0.3015,0.2995,0.3,0.29925,0.29625,0.29675,0.29325,0.29525,0.298,0.2975,0.299,0.29775,0.29975,0.3,0.29925,0.29825,0.29825,0.29875,0.29975,0.2985,0.2995,0.30075,0.3005,0.3,0.2985,0.29725,0.29675,0.29625,0.29475,0.29475,0.295,0.29875,0.29625,0.2965,0.29425,0.2925,0.2925,0.2905,0.29075,0.28875,0.288,0.28775,0.288,0.28875,0.28575,0.28625,0.28275,0.28375,0.284,0.28275,0.27975,0.28,0.279,0.27875,0.2775,0.275,0.2745,0.27175,0.271,0.26975,0.2675,0.268,0.26575,0.26525,0.26475,0.26375,0.2625,0.261,0.25925,0.25775,0.25625,0.25425,0.25225,0.24825,0.24975,0.248,0.246,0.24325,0.242,0.23975,0.23725,0.2365,0.2345,0.23225,0.232,0.22925,0.227,0.2235,0.22175,0.219,0.217,0.213,0.2105,0.20825,0.20425,0.2015,0.19875,0.194,0.19375,0.19,0.18625,0.1855,0.18275,0.179,0.1765,0.175,0.1735,0.17075,0.166,0.16175
0.14175,0.1485,0.151,0.1535,0.15625,0.15875,0.16125,0.163,0.1675,0.16875,0.17125,0.17275,0.17575,0.1785,0.18075,0.18125,0.18325,0.186,0.18875,0.19075,0.194,0.19625,0.19575,0.1975,0.19975,0.2015,0.2035,0.205,0.207,0.20975,0.21175,0.21575,0.216,0.21675,0.2175,0.22,0.224,0.22575,0.2275,0.23,0.2325,0.235,0.2365,0.2375,0.24,0.24325,0.24525,0.247,0.24875,0.25125,0.25125,0.25475,0.2565,0.25725,0.258,0.25925,0.262,0.262,0.264,0.26425,0.26475,0.26575,0.26875,0.271,0.272,0.275,0.2775,0.27775,0.28075,0.28325,0.28275,0.283,0.28725,0.2845,0.28625,0.28725,0.2885,0.2905,0.292,0.29525,0.29525,0.2955,0.296,0.29775,0.29775,0.29825,0.29875,0.29975,0.302,0.3025,0.30475,0.30525,0.3045,0.30275,0.30325,0.29925,0.29775,0.29875,0.30025,0.29925,0.3,0.3045,0.30375,0.304,0.3035,0.30425,0.302,0.30275,0.304,0.305,0.30425,0.30375,0.30225,0.3035,0.3,0.301,0.302,0.30025,0.29825,0.29875,0.29875,0.29875,0.30175,0.2985,0.29825,0.2985,0.29825,0.29725,0.294,0.29225,0.29025,0.2895,0.29275,0.29075,0.2915,0.28725,0.28725,0.28625,0.28575,0.28625,0.28275,0.2835,0.28225,0.2825,0.28025,0.27975,0.278,0.27475,0.27375,0.2715,0.27075,0.269,0.269,0.2665,0.265,0.26675,0.266,0.2625,0.26275,0.26025,0.259,0.25675,0.25525,0.25275,0.252,0.2495,0.24875,0.247,0.2435,0.2425,0.24075,0.239,0.237,0.2355,0.234,0.23175,0.22925,0.22775,0.22425,0.22225,0.21925,0.217,0.21325,0.21025,0.208,0.20375,0.202,0.197,0.19625,0.1925,0.19,0.18725,0.185,0.18225,0.1795,0.17775,0.17625,0.17425,0.1685,0.16325
0.14425,0.15025,0.15275,0.15575,0.1585,0.1605,0.16275,0.166,0.16875,0.17075,0.17425,0.17525,0.1775,0.18075,0.18175,0.184,0.18675,0.1885,0.19025,0.1945,0.197,0.1975,0.19725,0.20025,0.2015,0.20375,0.2055,0.20775,0.20975,0.212,0.21425,0.21625,0.21775,0.21875,0.21775,0.22075,0.22675,0.2275,0.22975,0.23225,0.23575,0.2355,0.2385,0.2405,0.24375,0.2455,0.2485,0.2505,0.25075,0.252,0.25575,0.25525,0.25875,0.25875,0.26275,0.2625,0.26325,0.26575,0.26625,0.26675,0.2695,0.272,0.27275,0.273,0.27425,0.27775,0.28,0.28225,0.28325,0.28525,0.2865,0.28725,0.2875,0.29125,0.2915,0.29275,0.29275,0.29275,0.2955,0.29775,0.299,0.29775,0.29875,0.30125,0.30375,0.3015,0.30375,0.3035,0.30625,0.30825,0.30775,0.30825,0.30825,0.30875,0.305,0.30475,0.30375,0.30275,0.30225,0.305,0.3065,0.30575,0.3065,0.30575,0.30675,0.30575,0.3065,0.3065,0.309,0.30925,0.30875,0.30375,0.304,0.3065,0.3055,0.3035,0.30525,0.30475,0.30475,0.3035,0.30225,0.30375,0.30325,0.302,0.29975,0.2995,0.3025,0.3,0.29775,0.29675,0.29425,0.294,0.2945,0.295,0.2935,0.2925,0.291,0.292,0.28775,0.28725,0.2875,0.2855,0.28625,0.28575,0.28375,0.28325,0.28,0.2765,0.27475,0.275,0.274,0.2735,0.26875,0.26925,0.2685,0.266,0.268,0.2665,0.2635,0.264,0.25975,0.26025,0.259,0.25525,0.25575,0.25275,0.2515,0.25,0.248,0.24525,0.245,0.242,0.24,0.2365,0.235,0.2325,0.23125,0.22975,0.226,0.225,0.22125,0.21775,0.21575,0.2125,0.20925,0.20825,0.20275,0.20125,0.1985,0.19475,0.19275,0.19025,0.187,0.18425,0.18175,0.17925,0.1775,0.17475,0.1705,0.16425
0.14825,0.151,0.1545,0.158,0.1605,0.16275,0.16575,0.168,0.17075,0.17375,0.17425,0.1765,0.17875,0.1815,0.186,0.18675,0.1885,0.191,0.194,0.196,0.198,0.198,0.201,0.20175,0.2045,0.20425,0.20725,0.21,0.21325,0.215,0.21625,0.21725,0.21975,0.22175,0.22225,0.2255,0.22775,0.23125,0.23325,0.233,0.23625,0.23875,0.24175,0.24475,0.24675,0.24875,0.24975,0.25175,0.254,0.25325,0.25525,0.259,0.2605,0.2625,0.26325,0.266,0.266,0.26825,0.2705,0.27225,0.273,0.275,0.276,0.278,0.27925,0.282,0.2845,0.287,0.28925,0.28825,0.28975,0.2905,0.292,0.2945,0.29925,0.29925,0.29925,0.29875,0.29975,0.29925,0.30025,0.3025,0.3035,0.3065,0.30325,0.30675,0.305,0.30925,0.30825,0.31125,0.3105,0.3095,0.3125,0.31175,0.30925,0.30825,0.3095,0.3075,0.30775,0.30825,0.30775,0.31,0.3095,0.30925,0.3095,0.31225,0.3105,0.31075,0.3115,0.314,0.31,0.30925,0.30825,0.308,0.30925,0.31,0.30825,0.30875,0.309,0.307,0.30675,0.306,0.30575,0.30275,0.30325,0.30325,0.3045,0.30325,0.2995,0.30175,0.29925,0.29825,0.2975,0.29775,0.2985,0.297,0.2955,0.29175,0.29125,0.2915,0.2905,0.2905,0.28775,0.2865,0.2875,0.28475,0.28225,0.2805,0.27875,0.2765,0.2765,0.2755,0.27325,0.27175,0.271,0.27025,0.27,0.268,0.266,0.2635,0.2635,0.2615,0.2625,0.26025,0.2595,0.256,0.25575,0.2525,0.25,0.2495,0.24575,0.244,0.24225,0.239,0.23675,0.23475,0.23275,0.2325,0.228,0.22675,0.22325,0.22275,0.21775,0.21525,0.2125,0.20925,0.20825,0.20375,0.201,0.19825,0.19475,0.19275,0.19025,0.18625,0.18375,0.18175,0.1785,0.17575,0.17375,0.16825
0.1485,0.1545,0.1585,0.15975,0.16225,0.16475,0.16725,0.17075,0.1735,0.17425,0.17725,0.1785,0.18,0.1845,0.1855,0.188,0.19025,0.1925,0.1955,0.197,0.19875,0.2005,0.20175,0.204,0.20425,0.20575,0.21,0.2115,0.21475,0.2165,0.21975,0.2215,0.22225,0.22275,0.226,0.2285,0.231,0.2335,0.23575,0.236,0.2385,0.2415,0.24325,0.24575,0.2485,0.25125,0.2515,0.253,0.25725,0.25725,0.258,0.26025,0.262,0.264,0.26675,0.26825,0.26925,0.26875,0.27225,0.2745,0.27625,0.27875,0.28075,0.28225,0.283,0.28425,0.28625,0.2885,0.2905,0.2925,0.292,0.29525,0.29625,0.29825,0.301,0.305,0.30375,0.30325,0.30375,0.30325,0.3015,0.30575,0.30825,0.30775,0.30925,0.3085,0.31175,0.31,0.31275,0.31175,0.3125,0.314,0.31375,0.3165,0.31525,0.314,0.31175,0.312,0.31275,0.313,0.31225,0.31125,0.31225,0.31225,0.3145,0.31525,0.31525,0.317,0.31575,0.314,0.31525,0.3145,0.31225,0.31325,0.31325,0.31375,0.31375,0.31425,0.31175,0.31275,0.31025,0.3115,0.30775,0.3075,0.30775,0.30725,0.30575,0.30575,0.3045,0.3055,0.3035,0.302,0.3015,0.302,0.30075,0.29875,0.298,0.295,0.29675,0.294,0.2925,0.29275,0.2925,0.28925,0.2875,0.2875,0.28475,0.28225,0.28325,0.28075,0.27775,0.27725,0.2775,0.274,0.274,0.27175,0.27275,0.2695,0.2685,0.26825,0.267,0.267,0.26375,0.2635,0.26125,0.25825,0.25625,0.255,0.2535,0.25225,0.248,0.2455,0.24475,0.2415,0.24,0.23675,0.23475,0.2335,0.2325,0.229,0.22625,0.22475,0.2215,0.217,0.215,0.21275,0.20925,0.206,0.20275,0.2,0.198,0.19375,0.19225,0.19,0.18525,0.1825,0.18075,0.17675,0.1735,0.171
0.151,0.1555,0.159,0.1605,0.16425,0.1665,0.17,0.17275,0.17475,0.178,0.17775,0.18075,0.184,0.1865,0.1865,0.18925,0.19225,0.1935,0.1955,0.199,0.20175,0.2025,0.2045,0.2045,0.20675,0.2095,0.21325,0.216,0.216,0.2195,0.223,0.2235,0.22525,0.2285,0.2295,0.232,0.2335,0.23575,0.23675,0.241,0.2435,0.246,0.246,0.24725,0.25125,0.25325,0.254,0.2565,0.257,0.2595,0.26075,0.261,0.2625,0.2665,0.2695,0.2715,0.27225,0.27475,0.2755,0.27775,0.27975,0.28225,0.28475,0.28575,0.2875,0.2875,0.289,0.2915,0.29325,0.2935,0.2965,0.29825,0.3005,0.303,0.305,0.30575,0.30825,0.3075,0.3075,0.306,0.30825,0.309,0.31025,0.312,0.311,0.31475,0.314,0.315,0.31525,0.3155,0.31575,0.3165,0.3175,0.319,0.31975,0.319,0.317,0.3175,0.31675,0.31575,0.3155,0.3165,0.316,0.31725,0.317,0.31825,0.321,0.32,0.319,0.31675,0.3175,0.3165,0.31825,0.31775,0.3185,0.3165,0.31775,0.318,0.31675,0.31575,0.316,0.316,0.31375,0.30925,0.31075,0.31075,0.3105,0.31075,0.31175,0.30925,0.308,0.30675,0.3045,0.30275,0.30275,0.30175,0.2995,0.29975,0.299,0.29775,0.2955,0.29625,0.29575,0.293,0.29025,0.28925,0.29,0.28725,0.28575,0.28525,0.2815,0.28275,0.28075,0.27825,0.277,0.27425,0.2735,0.272,0.27125,0.2695,0.27025,0.27,0.26975,0.2665,0.26575,0.26075,0.2585,0.25775,0.256,0.25475,0.25175,0.249,0.24625,0.24575,0.2415,0.24125,0.23725,0.23425,0.23225,0.23,0.227,0.22475,0.22225,0.2205,0.216,0.21575,0.213,0.20925,0.20625,0.205,0.20125,0.19675,0.19425,0.192,0.18675,0.185,0.18075,0.18025,0.17625,0.17075
0.15325,0.15675,0.161,0.16475,0.166,0.16925,0.171,0.17425,0.17625,0.17975,0.1805,0.185,0.18625,0.1875,0.188,0.19075,0.19375,0.19575,0.19825,0.19975,0.2035,0.205,0.2055,0.205,0.20875,0.21125,0.2145,0.21725,0.2185,0.22075,0.22175,0.22675,0.2285,0.2305,0.23275,0.2355,0.236,0.236,0.23925,0.24275,0.24525,0.24775,0.249,0.25025,0.254,0.25525,0.257,0.25775,0.2595,0.26075,0.26175,0.26475,0.2665,0.26825,0.27175,0.27275,0.27575,0.279,0.2825,0.28175,0.2835,0.28475,0.287,0.28975,0.29,0.291,0.29375,0.296,0.29525,0.29775,0.301,0.30375,0.305,0.306,0.30875,0.30975,0.30975,0.3115,0.311,0.31275,0.3115,0.3125,0.312,0.31425,0.3185,0.31625,0.3195,0.31825,0.31975,0.317,0.318,0.32,0.322,0.3235,0.32025,0.323,0.3235,0.32075,0.32075,0.31925,0.32025,0.32025,0.32025,0.32275,0.3205,0.32275,0.323,0.32275,0.32025,0.32125,0.3205,0.3215,0.322,0.32075,0.32125,0.32225,0.32075,0.32025,0.3185,0.31775,0.31825,0.319,0.31825,0.3165,0.31575,0.31275,0.31275,0.31575,0.3145,0.312,0.31,0.31025,0.30975,0.30575,0.3045,0.30325,0.30375,0.30275,0.30325,0.30225,0.29875,0.2985,0.29725,0.2965,0.29475,0.29425,0.292,0.28875,0.28825,0.286,0.28675,0.2855,0.28375,0.28075,0.279,0.278,0.277,0.276,0.27425,0.27325,0.274,0.2735,0.26975,0.27125,0.2665,0.26575,0.26225,0.25975,0.25725,0.25575,0.25325,0.25025,0.24825,0.24625,0.24475,0.24175,0.24,0.23625,0.233,0.233,0.2305,0.22825,0.22525,0.22425,0.222,0.218,0.21625,0.2115,0.2095,0.20725,0.20425,0.20125,0.199,0.19425,0.1915,0.18775,0.183,0.17925,0.179,0.172
0.15475,0.15975,0.16425,0.16625,0.16925,0.17075,0.17275,0.176,0.17825,0.1795,0.18375,0.18625,0.187,0.1885,0.19075,0.1955,0.19575,0.19825,0.20025,0.20225,0.20425,0.20575,0.20775,0.20975,0.21125,0.2145,0.216,0.218,0.2205,0.22225,0.2255,0.23,0.232,0.23475,0.237,0.23825,0.239,0.24225,0.24325,0.2455,0.2475,0.25,0.2525,0.25325,0.2555,0.25825,0.259,0.25975,0.2595,0.26125,0.2625,0.267,0.2705,0.27025,0.2715,0.2765,0.278,0.2815,0.2835,0.28625,0.28625,0.29025,0.2915,0.293,0.29375,0.296,0.298,0.298,0.30175,0.3015,0.3065,0.307,0.30925,0.3085,0.308,0.31325,0.3135,0.3145,0.3185,0.3175,0.3155,0.3145,0.3155,0.318,0.3175,0.31975,0.321,0.32175,0.32175,0.3225,0.321,0.32425,0.32475,0.325,0.324,0.32425,0.325,0.3245,0.324,0.32425,0.32575,0.325,0.32575,0.3235,0.3255,0.32475,0.32575,0.3255,0.3255,0.32425,0.32575,0.32525,0.32425,0.32675,0.32475,0.3265,0.32625,0.32325,0.323,0.321,0.322,0.32275,0.322,0.3195,0.31875,0.31725,0.319,0.3175,0.31675,0.3155,0.31375,0.31325,0.31175,0.312,0.30725,0.3065,0.30425,0.308,0.3055,0.30525,0.303,0.301,0.29975,0.29875,0.297,0.2955,0.29325,0.29225,0.292,0.292,0.2885,0.2885,0.288,0.286,0.28275,0.2795,0.28,0.2785,0.277,0.27575,0.276,0.275,0.27325,0.272,0.271,0.26675,0.2655,0.26325,0.259,0.25675,0.25375,0.252,0.2485,0.24775,0.24525,0.24575,0.24225,0.2385,0.236,0.2335,0.2335,0.231,0.229,0.22625,0.2245,0.222,0.21725,0.216,0.2115,0.20975,0.2075,0.20575,0.201,0.1975,0.19275,0.18925,0.1865,0.18275,0.17875,0.1745
0.1555,0.16175,0.163,0.16675,0.17125,0.17475,0.17625,0.1775,0.179,0.18325,0.18525,0.18625,0.18925,0.19225,0.1945,0.19625,0.19775,0.2,0.201,0.203,0.205,0.20625,0.209,0.21275,0.21425,0.21625,0.21875,0.22225,0.22225,0.22375,0.22775,0.23025,0.23425,0.23625,0.237,0.23975,0.24225,0.24425,0.2465,0.25,0.249,0.2535,0.25375,0.25575,0.25775,0.2595,0.261,0.261,0.26325,0.26525,0.2665,0.269,0.273,0.27375,0.275,0.278,0.2815,0.2835,0.28475,0.28675,0.2905,0.2925,0.2935,0.2955,0.29775,0.30125,0.30125,0.306,0.30625,0.3065,0.3095,0.31125,0.3125,0.31425,0.31275,0.315,0.316,0.3185,0.31975,0.3205,0.3195,0.3175,0.31925,0.32075,0.32125,0.32325,0.323,0.3245,0.32625,0.3265,0.32975,0.32725,0.327,0.329,0.329,0.32725,0.327,0.329,0.32875,0.328,0.328,0.32925,0.32825,0.33,0.3285,0.328,0.327,0.328,0.32775,0.32925,0.32875,0.32725,0.3275,0.3295,0.331,0.32925,0.3275,0.32575,0.32525,0.32475,0.32575,0.327,0.32525,0.32425,0.32175,0.32325,0.322,0.321,0.31925,0.3205,0.3185,0.31625,0.31525,0.316,0.313,0.30975,0.30925,0.3085,0.308,0.30625,0.3045,0.3035,0.30075,0.30125,0.3,0.29775,0.297,0.29525,0.2945,0.29075,0.29175,0.291,0.28975,0.2875,0.28525,0.28275,0.2795,0.282,0.28075,0.28025,0.27925,0.27875,0.27725,0.2765,0.2725,0.2715,0.26625,0.266,0.2625,0.2585,0.25525,0.25325,0.252,0.2485,0.24925,0.24425,0.24525,0.2405,0.23875,0.2345,0.234,0.23275,0.2305,0.2285,0.22625,0.224,0.22225,0.2185,0.2145,0.21225,0.20975,0.20625,0.2045,0.201,0.19675,0.1915,0.1895,0.18325,0.17925,0.17425
0.15725,0.16175,0.1665,0.17025,0.17275,0.17525,0.1795,0.18075,0.18225,0.1855,0.1875,0.188,0.19075,0.194,0.19575,0.19875,0.19975,0.20175,0.2035,0.20325,0.2045,0.207,0.21225,0.2155,0.21625,0.21925,0.22175,0.22375,0.225,0.2265,0.2285,0.23325,0.236,0.23925,0.2405,0.2425,0.24575,0.24825,0.24725,0.25075,0.252,0.25425,0.257,0.2595,0.26,0.26025,0.2625,0.262,0.26425,0.26725,0.26975,0.2705,0.27275,0.276,0.279,0.2805,0.283,0.286,0.29025,0.291,0.2935,0.29575,0.297,0.301,0.30275,0.30375,0.30725,0.30775,0.31175,0.31175,0.3125,0.31475,0.31575,0.31575,0.317,0.31775,0.32,0.32225,0.32275,0.32225,0.325,0.3245,0.32325,0.325,0.32625,0.325,0.328,0.32625,0.3265,0.32975,0.3315,0.332,0.33225,0.3325,0.332,0.33225,0.331,0.331,0.334,0.332,0.33225,0.332,0.33325,0.3325,0.3305,0.33025,0.33125,0.331,0.335,0.33475,0.335,0.333,0.33225,0.333,0.33075,0.33275,0.33225,0.3305,0.3295,0.327,0.32925,0.327,0.33025,0.327,0.3265,0.3265,0.32625,0.32425,0.32275,0.32325,0.32375,0.32025,0.318,0.317,0.3145,0.31575,0.3135,0.3125,0.311,0.3085,0.3065,0.30525,0.304,0.30475,0.303,0.30025,0.29925,0.30025,0.29825,0.29675,0.2965,0.296,0.2925,0.28925,0.288,0.2865,0.2865,0.28575,0.284,0.28225,0.28125,0.28,0.27875,0.27775,0.277,0.27225,0.2705,0.2665,0.26675,0.26125,0.2595,0.25525,0.2525,0.2525,0.25075,0.2485,0.24625,0.24475,0.2405,0.2385,0.23575,0.23325,0.2325,0.23025,0.2285,0.2255,0.22525,0.221,0.21625,0.2145,0.21175,0.2085,0.20675,0.20275,0.19975,0.195,0.19025,0.18725,0.18175,0.17675
0.15875,0.164,0.1675,0.1715,0.175,0.17625,0.179,0.1835,0.18525,0.18625,0.18875,0.191,0.193,0.19525,0.19825,0.2005,0.20125,0.20325,0.20625,0.20575,0.208,0.212,0.2155,0.21675,0.2205,0.223,0.2225,0.22575,0.23075,0.229,0.233,0.2375,0.23875,0.23925,0.24125,0.2465,0.2485,0.251,0.25275,0.254,0.25475,0.25775,0.259,0.25975,0.26225,0.2645,0.264,0.26575,0.26775,0.26925,0.2715,0.2725,0.2765,0.27925,0.2835,0.28475,0.287,0.288,0.29275,0.295,0.29625,0.2985,0.302,0.303,0.304,0.30825,0.30925,0.31375,0.3155,0.3165,0.31625,0.31975,0.32025,0.32,0.32,0.32425,0.32425,0.32325,0.32725,0.3255,0.3295,0.32825,0.32925,0.3285,0.328,0.32775,0.32625,0.33075,0.3325,0.33275,0.33575,0.33425,0.336,0.33625,0.3365,0.3335,0.3345,0.33675,0.3375,0.33775,0.33725,0.3365,0.33575,0.3335,0.33325,0.3345,0.332,0.33325,0.3365,0.337,0.33875,0.3355,0.3355,0.3345,0.3345,0.33375,0.3355,0.33425,0.333,0.3315,0.33175,0.331,0.33075,0.33225,0.33,0.32975,0.3285,0.32775,0.32575,0.32625,0.32525,0.32325,0.32025,0.3185,0.31925,0.318,0.31725,0.31275,0.3125,0.31075,0.3095,0.30875,0.308,0.30725,0.3055,0.3025,0.304,0.30175,0.303,0.3005,0.29775,0.298,0.29625,0.29325,0.29075,0.291,0.288,0.2875,0.2865,0.285,0.284,0.28275,0.28125,0.27875,0.27625,0.27575,0.2725,0.272,0.26825,0.266,0.26225,0.26025,0.256,0.25375,0.25075,0.24775,0.248,0.24575,0.244,0.242,0.23775,0.23525,0.23225,0.23225,0.2315,0.22825,0.2265,0.2235,0.22075,0.21525,0.21225,0.209,0.208,0.2055,0.202,0.19825,0.194,0.18825,0.1855,0.18
0.161,0.1655,0.169,0.173,0.176,0.1775,0.179,0.18325,0.187,0.18875,0.19075,0.19475,0.19625,0.1975,0.2,0.202,0.204,0.2065,0.208,0.2105,0.21,0.2135,0.217,0.2195,0.2225,0.2235,0.2245,0.22875,0.23075,0.23425,0.2365,0.2385,0.2405,0.24075,0.245,0.248,0.252,0.2545,0.25425,0.25575,0.25825,0.26,0.261,0.26025,0.2645,0.26475,0.26725,0.2675,0.27225,0.274,0.275,0.2765,0.27925,0.28225,0.28475,0.288,0.2905,0.291,0.29375,0.29725,0.29975,0.3025,0.306,0.30825,0.31,0.3105,0.31375,0.31725,0.31975,0.32025,0.3205,0.32325,0.3235,0.32325,0.32675,0.32675,0.32825,0.32775,0.3285,0.33175,0.332,0.3315,0.33325,0.3305,0.332,0.331,0.3315,0.3335,0.33525,0.33475,0.33525,0.337,0.3345,0.33825,0.338,0.33675,0.3385,0.33825,0.341,0.33875,0.3415,0.341,0.34,0.33775,0.3365,0.3365,0.33875,0.3385,0.33875,0.3385,0.34025,0.34125,0.34025,0.338,0.338,0.3365,0.33825,0.33925,0.3345,0.33425,0.33425,0.3335,0.335,0.335,0.3345,0.3325,0.33275,0.33175,0.3305,0.3285,0.32575,0.32575,0.32525,0.3235,0.323,0.32075,0.31925,0.31775,0.315,0.31425,0.31275,0.3105,0.311,0.30925,0.309,0.30825,0.307,0.3035,0.3035,0.304,0.3015,0.301,0.2985,0.29575,0.29425,0.295,0.29125,0.2905,0.2905,0.288,0.28725,0.28525,0.28225,0.27975,0.2785,0.27625,0.274,0.27275,0.271,0.267,0.264,0.262,0.2585,0.2545,0.251,0.25025,0.24775,0.2465,0.24475,0.2435,0.23825,0.2385,0.235,0.23325,0.23275,0.2305,0.22875,0.22625,0.2235,0.2185,0.21575,0.2125,0.21025,0.2075,0.2035,0.1985,0.19525,0.19125,0.1865,0.18325
0.1625,0.167,0.17175,0.17525,0.17675,0.17875,0.182,0.18625,0.1875,0.191,0.1945,0.19375,0.1975,0.1985,0.2015,0.20375,0.20575,0.20725,0.2105,0.212,0.21375,0.217,0.21975,0.22075,0.22325,0.22575,0.229,0.2305,0.235,0.23625,0.2395,0.2405,0.24275,0.2465,0.2475,0.2495,0.252,0.2545,0.2575,0.25925,0.25925,0.26075,0.26375,0.2655,0.2655,0.2675,0.26975,0.27375,0.27425,0.27575,0.2775,0.28,0.28225,0.28425,0.2885,0.29075,0.2945,0.29725,0.29925,0.30075,0.3025,0.306,0.30825,0.3115,0.313,0.31675,0.319,0.32125,0.32275,0.323,0.32525,0.32425,0.32725,0.32925,0.331,0.331,0.3305,0.33275,0.33425,0.333,0.3355,0.33475,0.33525,0.3365,0.335,0.3345,0.337,0.3365,0.336,0.33825,0.339,0.33775,0.34,0.34025,0.342,0.342,0.34075,0.3405,0.34225,0.3435,0.34375,0.3445,0.3445,0.343,0.34025,0.3415,0.343,0.344,0.34125,0.3425,0.3415,0.34375,0.343,0.3415,0.3405,0.34025,0.34125,0.34,0.34075,0.3405,0.33925,0.33875,0.33975,0.338,0.33675,0.33725,0.33625,0.33575,0.33425,0.3325,0.3295,0.329,0.33,0.328,0.32575,0.324,0.32375,0.32125,0.319,0.318,0.31525,0.31475,0.31375,0.3135,0.312,0.311,0.309,0.30775,0.30625,0.30625,0.305,0.30125,0.3015,0.29975,0.2985,0.29425,0.294,0.29275,0.2935,0.2915,0.28975,0.28675,0.283,0.282,0.2805,0.27725,0.27525,0.27375,0.27125,0.2695,0.26675,0.264,0.26075,0.2575,0.25375,0.25275,0.24975,0.2495,0.24775,0.2435,0.2425,0.24025,0.24,0.23675,0.234,0.2335,0.23125,0.2275,0.224,0.221,0.218,0.214,0.21225,0.21,0.205,0.202,0.19775,0.1935,0.19075,0.18475
0.16425,0.1695,0.17275,0.1755,0.17875,0.1795,0.1845,0.1875,0.19025,0.1935,0.195,0.197,0.199,0.20075,0.20325,0.20525,0.2075,0.2105,0.21075,0.21325,0.216,0.21875,0.22175,0.223,0.22275,0.22825,0.22925,0.2355,0.237,0.24025,0.241,0.243,0.2465,0.24675,0.24975,0.25125,0.253,0.25625,0.25825,0.26025,0.26175,0.2635,0.26525,0.2675,0.2685,0.27125,0.2735,0.2755,0.27625,0.27875,0.28,0.282,0.2855,0.2885,0.2905,0.2955,0.298,0.29875,0.30125,0.30325,0.304,0.30675,0.31125,0.31425,0.31775,0.31975,0.324,0.3245,0.326,0.328,0.3275,0.3285,0.3315,0.33175,0.333,0.3345,0.33475,0.33625,0.33875,0.33675,0.338,0.3375,0.33975,0.338,0.34075,0.34,0.3395,0.338,0.3385,0.33775,0.341,0.34325,0.34225,0.34275,0.34425,0.346,0.34625,0.34425,0.346,0.346,0.347,0.34775,0.34975,0.34675,0.346,0.34775,0.34575,0.347,0.3455,0.346,0.34675,0.34475,0.3465,0.34525,0.34525,0.34425,0.342,0.34425,0.34225,0.3435,0.34525,0.344,0.34275,0.33825,0.33975,0.33975,0.34125,0.339,0.33525,0.33625,0.334,0.33225,0.3295,0.332,0.33,0.32825,0.32425,0.32375,0.32475,0.32225,0.3195,0.318,0.31525,0.315,0.315,0.313,0.313,0.311,0.311,0.31,0.307,0.30675,0.30375,0.301,0.30075,0.2975,0.297,0.2955,0.2945,0.2915,0.291,0.28775,0.2865,0.28375,0.28225,0.281,0.2785,0.27425,0.27325,0.27,0.2695,0.2665,0.26225,0.261,0.25775,0.25325,0.25375,0.2505,0.249,0.247,0.24375,0.2445,0.2415,0.23975,0.23675,0.234,0.2305,0.2315,0.22625,0.22475,0.2215,0.2185,0.2135,0.21175,0.2065,0.2035,0.2,0.19575,0.1915,0.1845
0.166,0.171,0.173,0.1785,0.1785,0.182,0.185,0.1905,0.1935,0.19475,0.19875,0.2,0.20125,0.20225,0.204,0.20575,0.2095,0.21,0.2125,0.21575,0.21875,0.22225,0.22275,0.2255,0.22825,0.2295,0.2355,0.23725,0.2405,0.24225,0.2445,0.248,0.24825,0.25175,0.253,0.25575,0.2555,0.25775,0.261,0.26275,0.2645,0.26725,0.2685,0.27025,0.27225,0.27475,0.276,0.27825,0.2795,0.28125,0.28425,0.28775,0.289,0.292,0.2945,0.29725,0.30025,0.3015,0.30325,0.306,0.30725,0.31025,0.31225,0.3155,0.32025,0.32175,0.32525,0.32625,0.32825,0.328,0.32975,0.333,0.3355,0.33625,0.33725,0.33625,0.33925,0.3385,0.33875,0.33875,0.339,0.33975,0.3425,0.342,0.34275,0.3435,0.34225,0.34325,0.3415,0.34025,0.34325,0.34175,0.347,0.348,0.35025,0.3485,0.348,0.34875,0.34825,0.34825,0.34825,0.3505,0.35,0.35125,0.353,0.35125,0.34975,0.35025,0.34925,0.349,0.3485,0.349,0.34925,0.3495,0.34925,0.349,0.34725,0.34675,0.34625,0.3465,0.34775,0.34775,0.3455,0.345,0.3435,0.344,0.344,0.343,0.341,0.338,0.339,0.337,0.3335,0.33275,0.33225,0.33225,0.3285,0.3285,0.328,0.32575,0.3225,0.321,0.31925,0.3165,0.315,0.31575,0.31525,0.3145,0.3125,0.31225,0.31025,0.30975,0.308,0.3055,0.304,0.3015,0.299,0.2975,0.29675,0.29325,0.29175,0.28975,0.28725,0.28525,0.28425,0.2825,0.2805,0.2765,0.27575,0.27275,0.27125,0.2695,0.26625,0.26425,0.26075,0.257,0.25525,0.253,0.25075,0.2495,0.247,0.24475,0.24525,0.24075,0.2395,0.2355,0.23325,0.229,0.22875,0.22575,0.22375,0.22125,0.21725,0.21275,0.211,0.20525,0.20225,0.199,0.194,0.1875
0.167,0.17125,0.175,0.17725,0.1815,0.18225,0.18775,0.18975,0.1945,0.19875,0.20075,0.202,0.203,0.204,0.20575,0.2085,0.21,0.212,0.2145,0.217,0.2195,0.22275,0.2255,0.22975,0.23025,0.23325,0.23525,0.23925,0.24075,0.243,0.24725,0.25,0.252,0.25325,0.255,0.25725,0.25975,0.2615,0.26125,0.26525,0.266,0.2675,0.26925,0.2715,0.27675,0.277,0.2785,0.2795,0.2815,0.286,0.28875,0.2895,0.2925,0.295,0.29625,0.30075,0.30225,0.3045,0.30675,0.30925,0.3125,0.31425,0.31675,0.3205,0.3215,0.32575,0.328,0.32975,0.3315,0.33325,0.33675,0.338,0.33625,0.34025,0.3415,0.342,0.34225,0.3435,0.34375,0.34175,0.345,0.342,0.34575,0.347,0.34575,0.3455,0.34875,0.34675,0.3465,0.34625,0.34575,0.34525,0.349,0.35075,0.35075,0.3495,0.3515,0.3505,0.35125,0.352,0.35125,0.35175,0.354,0.35575,0.35575,0.35325,0.35375,0.353,0.3525,0.35125,0.35,0.35225,0.355,0.35325,0.353,0.351,0.35025,0.349,0.35075,0.35025,0.34975,0.3505,0.3485,0.3475,0.349,0.34825,0.34675,0.34475,0.34375,0.3405,0.3405,0.34125,0.34075,0.33625,0.33375,0.333,0.335,0.33175,0.33025,0.32775,0.3265,0.3265,0.3235,0.31875,0.31875,0.31825,0.31875,0.3185,0.317,0.31325,0.31475,0.31375,0.30875,0.308,0.307,0.30325,0.303,0.30225,0.29825,0.296,0.293,0.29175,0.288,0.28875,0.285,0.283,0.28125,0.28075,0.27775,0.27525,0.272,0.2705,0.26925,0.26625,0.266,0.26075,0.2585,0.254,0.2525,0.25225,0.24925,0.2475,0.24575,0.245,0.2405,0.238,0.23475,0.23075,0.22975,0.22875,0.2255,0.223,0.22075,0.216,0.211,0.2075,0.2045,0.2005,0.19675,0.19075
0.168,0.17525,0.177,0.18025,0.181,0.18625,0.189,0.19125,0.19475,0.19875,0.19975,0.20325,0.20575,0.206,0.209,0.20975,0.2125,0.21225,0.21725,0.21975,0.22175,0.2255,0.23,0.23075,0.23375,0.23525,0.2385,0.24125,0.244,0.2475,0.249,0.25225,0.25275,0.25575,0.25725,0.25925,0.2625,0.264,0.2625,0.26725,0.26925,0.26925,0.27025,0.275,0.278,0.27975,0.28025,0.28175,0.28425,0.28875,0.28875,0.2925,0.2955,0.298,0.302,0.305,0.306,0.30875,0.30925,0.31275,0.313,0.31625,0.31775,0.321,0.3245,0.32575,0.331,0.33175,0.3345,0.338,0.3385,0.3395,0.34075,0.34125,0.345,0.346,0.34575,0.34625,0.34525,0.3465,0.34525,0.349,0.3485,0.34775,0.3495,0.34875,0.3505,0.352,0.35025,0.34775,0.349,0.3495,0.35,0.35125,0.353,0.3525,0.35125,0.3555,0.35475,0.354,0.35425,0.3555,0.358,0.3595,0.358,0.35925,0.358,0.3575,0.35525,0.35425,0.35525,0.35525,0.353,0.35375,0.356,0.353,0.3545,0.355,0.35375,0.35125,0.35225,0.35225,0.3525,0.35275,0.34975,0.35025,0.35,0.34775,0.34825,0.34675,0.34525,0.34375,0.3445,0.34125,0.33775,0.33825,0.33725,0.33475,0.3325,0.33025,0.32925,0.328,0.327,0.324,0.321,0.32125,0.321,0.3195,0.3185,0.31775,0.31575,0.31625,0.313,0.31075,0.308,0.3065,0.30425,0.3035,0.299,0.29925,0.29525,0.29375,0.29325,0.29075,0.28825,0.28625,0.28525,0.282,0.281,0.276,0.2745,0.273,0.2715,0.26975,0.2665,0.2625,0.26025,0.257,0.25575,0.25425,0.251,0.24975,0.248,0.24475,0.245,0.2385,0.237,0.2345,0.23175,0.23025,0.22875,0.225,0.221,0.218,0.2155,0.21,0.20625,0.20175,0.19575,0.19025
0.171,0.17525,0.178,0.181,0.1835,0.18775,0.1905,0.19375,0.19725,0.19825,0.20175,0.20325,0.2055,0.20825,0.212,0.21275,0.2125,0.21625,0.2185,0.2215,0.224,0.22775,0.23075,0.234,0.23475,0.239,0.23925,0.24475,0.2465,0.2485,0.25275,0.254,0.2555,0.25775,0.2585,0.2625,0.265,0.2655,0.2675,0.26875,0.27075,0.271,0.2745,0.27675,0.28025,0.283,0.28625,0.28575,0.28775,0.29025,0.293,0.29625,0.2985,0.3015,0.305,0.3085,0.309,0.31,0.31375,0.316,0.3175,0.32,0.3215,0.3245,0.3265,0.33075,0.33375,0.336,0.3385,0.342,0.34,0.34125,0.3445,0.34725,0.34775,0.34775,0.3485,0.348,0.34825,0.34825,0.35,0.34925,0.35175,0.34875,0.3485,0.35025,0.35275,0.35225,0.3535,0.3545,0.35375,0.3535,0.35375,0.353,0.354,0.3565,0.3565,0.35525,0.35725,0.357,0.35675,0.3595,0.359,0.36025,0.36,0.35925,0.36175,0.359,0.36025,0.3585,0.35875,0.35925,0.35825,0.35925,0.35825,0.3575,0.35725,0.3595,0.358,0.356,0.35525,0.357,0.356,0.3555,0.35375,0.35175,0.351,0.351,0.35,0.35025,0.35025,0.3475,0.34525,0.34425,0.343,0.34175,0.34025,0.33725,0.336,0.3335,0.33425,0.331,0.32925,0.32875,0.32525,0.3255,0.323,0.32225,0.321,0.32075,0.31825,0.31725,0.317,0.31325,0.3125,0.3125,0.3085,0.305,0.303,0.301,0.29725,0.296,0.29475,0.29125,0.2905,0.2885,0.28525,0.283,0.27975,0.279,0.27725,0.27475,0.27375,0.2725,0.2675,0.26325,0.264,0.26125,0.2585,0.25675,0.25375,0.2525,0.2485,0.248,0.24375,0.2425,0.23975,0.23625,0.2345,0.232,0.2285,0.22775,0.22325,0.21925,0.21525,0.213,0.2075,0.2045,0.19975,0.19275
0.1725,0.1785,0.17975,0.18375,0.1885,0.18875,0.19325,0.1955,0.19825,0.201,0.2025,0.20475,0.20775,0.21175,0.21225,0.215,0.21625,0.21925,0.2215,0.22175,0.2265,0.2285,0.23325,0.237,0.23875,0.23925,0.24425,0.24575,0.24925,0.2515,0.254,0.255,0.25825,0.25975,0.26025,0.26275,0.26525,0.2665,0.2685,0.2685,0.27125,0.275,0.27475,0.27825,0.28275,0.28625,0.287,0.2885,0.29275,0.29325,0.29575,0.298,0.30275,0.3045,0.3085,0.31,0.31225,0.315,0.31675,0.31925,0.3215,0.323,0.32575,0.32775,0.33075,0.33125,0.33425,0.33775,0.33975,0.3425,0.34275,0.34575,0.3475,0.34925,0.34925,0.34725,0.349,0.35125,0.35125,0.351,0.352,0.3545,0.34925,0.35375,0.352,0.352,0.35575,0.35525,0.35625,0.36025,0.3575,0.35825,0.35575,0.35625,0.35625,0.358,0.357,0.359,0.36,0.3605,0.36,0.36025,0.361,0.363,0.36125,0.36225,0.36075,0.3645,0.36375,0.3625,0.36275,0.3625,0.36225,0.3615,0.359,0.36125,0.36125,0.36125,0.36075,0.35925,0.3585,0.35975,0.358,0.357,0.35825,0.3555,0.356,0.35375,0.354,0.35225,0.352,0.3495,0.3475,0.34675,0.34575,0.34375,0.34175,0.34,0.33825,0.33975,0.33775,0.33775,0.3325,0.3315,0.33,0.32675,0.32725,0.32525,0.32425,0.32325,0.32075,0.3195,0.3185,0.31925,0.31575,0.31475,0.31125,0.3095,0.30525,0.30275,0.30125,0.3,0.296,0.29375,0.29175,0.28925,0.28775,0.2855,0.281,0.27975,0.279,0.2765,0.27525,0.27225,0.26875,0.2685,0.2655,0.26525,0.2625,0.26075,0.257,0.25425,0.25175,0.24575,0.24525,0.24225,0.24075,0.23975,0.23625,0.233,0.231,0.22725,0.22725,0.22225,0.2185,0.215,0.2125,0.20475,0.2005,0.197
0.1725,0.1785,0.18325,0.18725,0.1895,0.192,0.19425,0.196,0.1985,0.2015,0.202,0.20575,0.20875,0.21275,0.2125,0.215,0.219,0.2215,0.2215,0.22625,0.2275,0.2335,0.235,0.2395,0.24025,0.24225,0.24625,0.2495,0.25325,0.255,0.2565,0.25725,0.25875,0.2635,0.263,0.26425,0.26675,0.27075,0.27125,0.271,0.27375,0.2775,0.27925,0.2815,0.28425,0.2875,0.29025,0.29225,0.29425,0.297,0.29925,0.303,0.3045,0.308,0.3095,0.31,0.31425,0.31775,0.3195,0.3235,0.32525,0.327,0.3275,0.332,0.33125,0.3325,0.33775,0.339,0.3395,0.34375,0.34425,0.34975,0.35125,0.35225,0.35225,0.3525,0.35425,0.35275,0.3545,0.354,0.35575,0.35575,0.35575,0.357,0.358,0.35575,0.35525,0.357,0.35875,0.36075,0.36175,0.361,0.35975,0.358,0.3585,0.359,0.36025,0.36175,0.3645,0.3635,0.36275,0.3625,0.364,0.365,0.367,0.364,0.367,0.36575,0.36775,0.36675,0.36725,0.36575,0.3645,0.3635,0.3625,0.3645,0.364,0.36325,0.36275,0.362,0.362,0.36025,0.3605,0.35875,0.358,0.361,0.35475,0.35475,0.35725,0.35575,0.3545,0.352,0.351,0.35,0.34725,0.348,0.34625,0.3435,0.34375,0.34225,0.34025,0.3385,0.33775,0.333,0.3305,0.32975,0.3285,0.3285,0.32725,0.325,0.324,0.3215,0.322,0.32,0.32,0.3155,0.3135,0.3115,0.308,0.305,0.306,0.30025,0.29925,0.29625,0.29425,0.29225,0.289,0.286,0.285,0.283,0.2805,0.278,0.27575,0.27425,0.27425,0.27075,0.26925,0.26525,0.2635,0.262,0.2605,0.257,0.253,0.24975,0.248,0.24525,0.2425,0.2425,0.2375,0.23675,0.23125,0.22975,0.227,0.22375,0.22,0.2175,0.2115,0.20825,0.203,0.1985
0.17175,0.18,0.18625,0.189,0.19225,0.1935,0.195,0.197,0.1995,0.20225,0.2055,0.20725,0.20875,0.212,0.21525,0.2175,0.2205,0.22475,0.22525,0.22525,0.22975,0.23375,0.23675,0.239,0.2415,0.2465,0.247,0.25325,0.2555,0.25675,0.258,0.2595,0.26275,0.26375,0.265,0.2665,0.2705,0.27025,0.27275,0.27475,0.27525,0.27775,0.28225,0.2845,0.28875,0.29175,0.292,0.2945,0.29625,0.29925,0.3025,0.3035,0.30925,0.31175,0.31125,0.31675,0.31775,0.32175,0.3235,0.32525,0.3275,0.32825,0.33225,0.33225,0.33425,0.338,0.33975,0.339,0.34275,0.34625,0.3485,0.3505,0.35375,0.355,0.3535,0.3555,0.356,0.35775,0.35875,0.35975,0.35875,0.35975,0.3605,0.36025,0.35825,0.36,0.35875,0.35875,0.36275,0.3635,0.363,0.3645,0.36325,0.3625,0.35975,0.36125,0.36175,0.36475,0.3665,0.36575,0.366,0.36625,0.36775,0.36725,0.3665,0.369,0.36725,0.369,0.37,0.3715,0.36975,0.36875,0.368,0.3655,0.36725,0.3655,0.36675,0.36475,0.36425,0.36525,0.36225,0.36375,0.36275,0.36075,0.3635,0.35925,0.3605,0.36075,0.36,0.3585,0.3555,0.35425,0.35375,0.3535,0.3495,0.35025,0.35025,0.34875,0.346,0.344,0.34275,0.3415,0.34,0.33675,0.33375,0.334,0.3335,0.33175,0.33025,0.326,0.3255,0.327,0.3245,0.32225,0.32225,0.31925,0.3145,0.31425,0.312,0.30875,0.30575,0.3035,0.301,0.29925,0.2965,0.29425,0.2915,0.28925,0.286,0.28525,0.28175,0.27925,0.27775,0.2765,0.27475,0.27225,0.27175,0.2705,0.26575,0.26525,0.26225,0.258,0.25525,0.254,0.251,0.24825,0.246,0.241,0.2415,0.23725,0.235,0.231,0.227,0.224,0.22175,0.21775,0.2125,0.20925,0.20775,0.2005
0.1755,0.18325,0.187,0.1885,0.1925,0.19375,0.19575,0.19775,0.20025,0.203,0.20575,0.20825,0.212,0.214,0.216,0.218,0.2225,0.22575,0.22625,0.23075,0.23175,0.23675,0.23875,0.242,0.246,0.247,0.24975,0.2535,0.25525,0.2585,0.25825,0.263,0.2645,0.267,0.267,0.27025,0.2705,0.2725,0.2755,0.2775,0.27875,0.2805,0.2845,0.28775,0.289,0.2935,0.295,0.2975,0.3005,0.30375,0.3055,0.308,0.3115,0.31325,0.31725,0.31875,0.32025,0.32375,0.3275,0.328,0.33025,0.33175,0.33275,0.3355,0.33875,0.34125,0.34125,0.34275,0.34425,0.35025,0.3515,0.35375,0.3555,0.35625,0.358,0.3575,0.35775,0.3605,0.36075,0.359,0.36175,0.36175,0.36325,0.36375,0.36225,0.3635,0.36425,0.36325,0.3645,0.365,0.3665,0.36575,0.367,0.3665,0.36525,0.3655,0.3655,0.36625,0.37025,0.36875,0.368,0.36875,0.36675,0.36925,0.37025,0.36975,0.3705,0.37175,0.373,0.3725,0.372,0.37075,0.371,0.3715,0.369,0.36925,0.36875,0.36775,0.368,0.367,0.3665,0.3665,0.36675,0.3655,0.36525,0.363,0.3635,0.36425,0.363,0.361,0.3585,0.3575,0.356,0.35525,0.355,0.35225,0.3515,0.35175,0.34875,0.34775,0.3455,0.34425,0.34375,0.3425,0.33975,0.33625,0.33525,0.33375,0.33275,0.33,0.32775,0.3285,0.326,0.32525,0.32575,0.32,0.31825,0.31675,0.31425,0.3115,0.30825,0.3055,0.303,0.30125,0.29725,0.294,0.2935,0.292,0.29025,0.28625,0.28275,0.28075,0.27975,0.279,0.277,0.2745,0.2735,0.27175,0.269,0.268,0.2625,0.26125,0.25775,0.25675,0.2525,0.251,0.2475,0.2445,0.2415,0.24125,0.236,0.233,0.22975,0.225,0.22225,0.22125,0.2145,0.21225,0.208,0.203
0.177,0.1825,0.1875,0.19,0.19225,0.19425,0.19725,0.1985,0.20275,0.2045,0.206,0.2075,0.21275,0.21575,0.218,0.2205,0.225,0.22625,0.22975,0.23175,0.236,0.23725,0.23925,0.24325,0.24625,0.25125,0.2515,0.254,0.25825,0.26,0.2625,0.2635,0.26725,0.26675,0.2695,0.27075,0.274,0.27675,0.28,0.27975,0.2815,0.285,0.28725,0.29,0.292,0.29525,0.2975,0.30175,0.303,0.30525,0.30975,0.31025,0.31325,0.317,0.31825,0.322,0.325,0.32725,0.3285,0.3305,0.33375,0.33475,0.334,0.33875,0.342,0.3425,0.34525,0.34675,0.34875,0.35125,0.3535,0.3545,0.355,0.35825,0.36075,0.363,0.361,0.3615,0.362,0.3615,0.36325,0.3675,0.365,0.366,0.367,0.36875,0.36575,0.36775,0.36675,0.36925,0.36875,0.369,0.371,0.37125,0.3695,0.37,0.368,0.36975,0.37,0.372,0.371,0.3725,0.3705,0.373,0.37325,0.375,0.376,0.37375,0.37225,0.372,0.37325,0.37675,0.376,0.3735,0.37375,0.37325,0.372,0.37025,0.37025,0.36775,0.368,0.365,0.368,0.36925,0.36675,0.3685,0.3675,0.364,0.36525,0.36475,0.3615,0.35925,0.35775,0.35725,0.35825,0.3565,0.3545,0.3545,0.3525,0.351,0.3475,0.347,0.34475,0.34525,0.34275,0.3405,0.3375,0.33775,0.336,0.33425,0.33125,0.3305,0.331,0.32975,0.327,0.3225,0.32025,0.32,0.3145,0.31175,0.311,0.3075,0.30525,0.30175,0.29875,0.297,0.2945,0.2945,0.2925,0.28925,0.28625,0.28475,0.282,0.27975,0.27825,0.2755,0.275,0.27275,0.27125,0.26975,0.26725,0.26525,0.261,0.259,0.256,0.25275,0.25,0.247,0.244,0.2415,0.23975,0.235,0.23125,0.22775,0.224,0.22075,0.2185,0.21525,0.20725,0.202
0.179,0.184,0.1865,0.19025,0.193,0.196,0.198,0.2015,0.202,0.205,0.20675,0.209,0.21325,0.216,0.21925,0.2205,0.2245,0.2285,0.231,0.23425,0.2375,0.24,0.24225,0.24525,0.25,0.25075,0.25425,0.25725,0.25875,0.2605,0.26325,0.26575,0.2675,0.27075,0.27025,0.27475,0.2765,0.27925,0.2805,0.28325,0.284,0.2875,0.291,0.2925,0.2935,0.29575,0.30025,0.30275,0.307,0.30875,0.31125,0.31375,0.31675,0.32,0.32275,0.32575,0.32775,0.32975,0.33175,0.333,0.3345,0.3355,0.337,0.3415,0.3425,0.34575,0.34775,0.352,0.35075,0.3505,0.35275,0.3555,0.3585,0.359,0.36175,0.3635,0.365,0.36225,0.3645,0.366,0.36775,0.368,0.36875,0.368,0.36975,0.37,0.37175,0.3685,0.37,0.371,0.3735,0.373,0.373,0.37275,0.37525,0.37375,0.3735,0.37225,0.373,0.3725,0.37525,0.37425,0.37425,0.376,0.37725,0.378,0.37725,0.3765,0.37775,0.37575,0.37625,0.3765,0.3795,0.3775,0.3765,0.3745,0.375,0.37425,0.3745,0.37225,0.36925,0.36875,0.3705,0.3705,0.3725,0.372,0.368,0.3665,0.36675,0.3645,0.36425,0.362,0.36325,0.361,0.36,0.359,0.3595,0.357,0.354,0.35175,0.351,0.34825,0.34775,0.346,0.3465,0.34625,0.34275,0.33875,0.33925,0.33675,0.3335,0.33325,0.33075,0.33025,0.327,0.3265,0.322,0.32075,0.318,0.3155,0.3115,0.31025,0.30625,0.303,0.30175,0.30025,0.29725,0.2955,0.29325,0.28925,0.28875,0.28475,0.2845,0.28175,0.279,0.27925,0.2745,0.275,0.27175,0.272,0.26925,0.26525,0.2635,0.26075,0.256,0.25325,0.252,0.2495,0.24525,0.24325,0.24,0.237,0.232,0.229,0.2245,0.22075,0.218,0.2155,0.20975,0.20425
0.179,0.18425,0.18875,0.19075,0.1935,0.19575,0.2,0.2025,0.204,0.20525,0.2065,0.2115,0.214,0.21725,0.21975,0.22125,0.22575,0.229,0.23325,0.2345,0.2375,0.2415,0.244,0.248,0.2505,0.2515,0.2565,0.2585,0.261,0.26275,0.2645,0.268,0.26975,0.26975,0.27375,0.2745,0.27925,0.28125,0.2835,0.28525,0.2885,0.2905,0.2915,0.29625,0.2955,0.3005,0.30525,0.30625,0.30925,0.31175,0.313,0.3175,0.32025,0.325,0.32725,0.32675,0.3305,0.33125,0.33325,0.3365,0.33725,0.33925,0.34125,0.344,0.3455,0.348,0.35275,0.3535,0.355,0.35525,0.353,0.357,0.35975,0.3605,0.3645,0.3655,0.366,0.36575,0.36575,0.36775,0.3695,0.37125,0.37225,0.37375,0.372,0.37325,0.37225,0.37325,0.372,0.37275,0.3725,0.37375,0.3735,0.375,0.3765,0.37825,0.37975,0.37725,0.373,0.37525,0.37375,0.377,0.37875,0.376,0.37725,0.37875,0.37825,0.37875,0.37825,0.3795,0.38175,0.38,0.3795,0.38275,0.3825,0.3805,0.377,0.376,0.37425,0.374,0.37325,0.37225,0.374,0.372,0.374,0.37275,0.37025,0.3695,0.3695,0.3685,0.3675,0.36575,0.367,0.3625,0.36075,0.362,0.36075,0.35725,0.357,0.35575,0.356,0.354,0.35025,0.34975,0.34925,0.34875,0.34475,0.344,0.3415,0.339,0.33875,0.33675,0.3345,0.33,0.32975,0.32725,0.324,0.321,0.31825,0.31725,0.315,0.31375,0.3105,0.307,0.3045,0.303,0.30175,0.29725,0.2945,0.29225,0.29025,0.28725,0.2865,0.28425,0.28125,0.28,0.27875,0.274,0.2745,0.27175,0.26975,0.2665,0.2655,0.26125,0.25925,0.25575,0.2535,0.25125,0.24725,0.24475,0.24025,0.236,0.2345,0.2295,0.22775,0.223,0.219,0.216,0.21225,0.205
0.18125,0.186,0.18825,0.192,0.19325,0.19675,0.2,0.203,0.204,0.207,0.209,0.21225,0.215,0.21875,0.2195,0.2245,0.2275,0.23125,0.233,0.23675,0.2405,0.24325,0.24775,0.24925,0.2515,0.2555,0.25575,0.2595,0.26175,0.2635,0.2655,0.26775,0.2705,0.272,0.27675,0.2775,0.279,0.2815,0.28425,0.28825,0.291,0.29325,0.293,0.29925,0.3005,0.303,0.306,0.30825,0.309,0.31125,0.3165,0.31925,0.322,0.32725,0.329,0.331,0.33225,0.335,0.337,0.3385,0.34075,0.3415,0.34425,0.346,0.34725,0.3515,0.353,0.35425,0.35375,0.35625,0.35775,0.35875,0.36025,0.36375,0.36625,0.367,0.36825,0.3695,0.37025,0.369,0.3695,0.37175,0.37675,0.37825,0.37825,0.37325,0.3755,0.3755,0.376,0.373,0.37425,0.375,0.3765,0.37875,0.3775,0.3805,0.38075,0.37875,0.37825,0.3745,0.375,0.37525,0.3805,0.38,0.379,0.382,0.3825,0.38225,0.38525,0.38275,0.38325,0.38325,0.38475,0.385,0.3855,0.381,0.3805,0.37925,0.37575,0.37825,0.37675,0.37725,0.37875,0.37725,0.37375,0.37475,0.374,0.37175,0.3715,0.37,0.37,0.369,0.36625,0.366,0.363,0.363,0.362,0.36075,0.3615,0.36,0.35825,0.3555,0.3535,0.352,0.35275,0.3515,0.35075,0.34675,0.3445,0.3445,0.3425,0.33825,0.3355,0.335,0.3305,0.3285,0.32575,0.3245,0.32175,0.32,0.31725,0.31575,0.313,0.31025,0.30775,0.3055,0.3025,0.30075,0.297,0.295,0.29175,0.2905,0.2885,0.287,0.28375,0.282,0.27925,0.278,0.276,0.27325,0.271,0.26825,0.26575,0.2635,0.26075,0.25725,0.255,0.2525,0.2495,0.24675,0.24175,0.23575,0.23525,0.23425,0.22825,0.224,0.2215,0.21775,0.21375,0.20825
0.18125,0.186,0.1905,0.19275,0.196,0.19775,0.2,0.2035,0.20725,0.2095,0.21125,0.214,0.2185,0.219,0.22225,0.22525,0.23075,0.23175,0.235,0.24025,0.24175,0.2465,0.24825,0.252,0.252,0.254,0.26025,0.25925,0.262,0.2655,0.26625,0.2685,0.2715,0.27525,0.27825,0.28125,0.2835,0.2825,0.28675,0.28875,0.2935,0.2945,0.29825,0.3,0.304,0.30625,0.307,0.309,0.31,0.31325,0.317,0.323,0.324,0.3275,0.33,0.3335,0.33775,0.33725,0.33725,0.3415,0.3435,0.34375,0.3445,0.35025,0.3515,0.35225,0.35375,0.35575,0.35625,0.36,0.359,0.36175,0.36125,0.364,0.366,0.36675,0.369,0.36975,0.373,0.3705,0.3715,0.375,0.3765,0.3795,0.377,0.379,0.37725,0.37775,0.3765,0.37675,0.3765,0.37975,0.37825,0.38075,0.3825,0.38175,0.38075,0.38225,0.37925,0.379,0.37775,0.37875,0.3795,0.38125,0.3835,0.383,0.386,0.38625,0.3885,0.38625,0.38675,0.387,0.3875,0.38875,0.386,0.38625,0.38525,0.38175,0.38425,0.382,0.381,0.38375,0.38175,0.38,0.3785,0.37925,0.37725,0.37675,0.37325,0.373,0.37425,0.37275,0.37175,0.36925,0.3665,0.36525,0.3645,0.362,0.36375,0.3625,0.362,0.3575,0.35725,0.358,0.35575,0.35525,0.35325,0.351,0.3475,0.346,0.34225,0.34175,0.34,0.336,0.334,0.32975,0.32675,0.32675,0.324,0.32125,0.318,0.31725,0.31375,0.31325,0.3105,0.3085,0.3045,0.303,0.2985,0.29825,0.29425,0.2915,0.29125,0.2885,0.2845,0.28275,0.2815,0.2805,0.27775,0.276,0.27225,0.27025,0.2665,0.26575,0.26125,0.26,0.25625,0.25275,0.24975,0.246,0.24225,0.23925,0.237,0.2335,0.229,0.2255,0.22275,0.21975,0.2155,0.20675
0.1825,0.1865,0.189,0.1945,0.197,0.1985,0.19975,0.2055,0.2075,0.2115,0.21425,0.2175,0.219,0.22075,0.225,0.2285,0.23,0.234,0.2375,0.241,0.24425,0.24725,0.24975,0.25125,0.25425,0.2575,0.25875,0.26225,0.26425,0.26675,0.2695,0.27075,0.27275,0.27775,0.2795,0.282,0.2865,0.287,0.29,0.2935,0.2955,0.29775,0.299,0.30275,0.3065,0.30875,0.3095,0.31,0.31375,0.31575,0.32,0.3225,0.3275,0.329,0.3315,0.3345,0.33625,0.33925,0.3405,0.34325,0.3435,0.34725,0.3495,0.35125,0.3535,0.357,0.3585,0.3565,0.3605,0.362,0.36225,0.364,0.36625,0.364,0.367,0.3695,0.372,0.373,0.37325,0.3755,0.37675,0.379,0.38125,0.37925,0.37925,0.381,0.38125,0.3805,0.379,0.37925,0.38125,0.38025,0.382,0.384,0.383,0.3835,0.38425,0.3825,0.38325,0.3835,0.38325,0.38225,0.3815,0.38275,0.38625,0.388,0.39225,0.3905,0.3895,0.38775,0.3885,0.39025,0.391,0.3875,0.38925,0.3875,0.389,0.3885,0.38625,0.38475,0.38425,0.3845,0.3845,0.38125,0.38175,0.38125,0.379,0.379,0.37725,0.376,0.376,0.37575,0.3735,0.3695,0.368,0.367,0.36675,0.3645,0.36625,0.36625,0.3635,0.361,0.3605,0.35825,0.35925,0.3565,0.35575,0.35375,0.352,0.346,0.34575,0.34425,0.34125,0.33825,0.33525,0.3325,0.33,0.33025,0.3265,0.32475,0.32075,0.3185,0.31575,0.313,0.31275,0.31075,0.30725,0.303,0.30175,0.29925,0.29625,0.29375,0.29225,0.289,0.287,0.28375,0.282,0.2805,0.27975,0.2765,0.27475,0.27275,0.2705,0.26725,0.26475,0.26075,0.25775,0.25425,0.2505,0.24575,0.243,0.242,0.239,0.2345,0.2305,0.2285,0.225,0.221,0.2155,0.20925
0.1835,0.1885,0.19125,0.19475,0.1965,0.1985,0.20225,0.206,0.208,0.212,0.216,0.217,0.22,0.22125,0.226,0.22825,0.232,0.237,0.23925,0.2425,0.244,0.24925,0.25225,0.254,0.2545,0.25775,0.26,0.26275,0.267,0.26725,0.26825,0.2725,0.275,0.27725,0.27975,0.2845,0.287,0.2905,0.2935,0.294,0.297,0.30025,0.3035,0.30425,0.309,0.30975,0.31025,0.31425,0.3175,0.3215,0.32275,0.3255,0.32825,0.33375,0.33475,0.33625,0.33925,0.34225,0.34625,0.3445,0.34475,0.34975,0.3515,0.354,0.3555,0.36,0.35975,0.3605,0.362,0.3645,0.3655,0.36575,0.368,0.36925,0.36875,0.3695,0.3725,0.37525,0.37525,0.37775,0.37975,0.383,0.382,0.3835,0.382,0.383,0.382,0.38325,0.38175,0.3825,0.38325,0.38375,0.38475,0.386,0.38475,0.385,0.385,0.38625,0.3835,0.389,0.38475,0.3855,0.385,0.3875,0.388,0.39175,0.3935,0.39275,0.393,0.39225,0.3925,0.39275,0.3925,0.3945,0.38875,0.38825,0.39275,0.39175,0.389,0.39,0.388,0.38475,0.384,0.3835,0.3825,0.3835,0.3795,0.37875,0.38,0.379,0.377,0.37675,0.37575,0.37525,0.3715,0.37,0.36975,0.3665,0.369,0.36925,0.3665,0.369,0.366,0.363,0.36075,0.35975,0.3565,0.356,0.35325,0.35125,0.34925,0.3455,0.34075,0.339,0.3385,0.33575,0.3335,0.3305,0.3275,0.32525,0.32275,0.32175,0.31925,0.31625,0.31425,0.31325,0.3105,0.307,0.303,0.3025,0.29975,0.296,0.29325,0.29025,0.29025,0.28825,0.286,0.28375,0.2795,0.277,0.276,0.2725,0.27,0.268,0.26625,0.263,0.25775,0.256,0.25325,0.2485,0.24525,0.24275,0.24025,0.2355,0.232,0.22925,0.22725,0.22125,0.21675,0.21025
0.183,0.18825,0.191,0.19225,0.19525,0.2,0.20275,0.20625,0.20875,0.2135,0.2135,0.219,0.2205,0.2255,0.2285,0.2315,0.235,0.237,0.242,0.24375,0.2465,0.24925,0.25075,0.254,0.25475,0.25575,0.26175,0.2655,0.265,0.26825,0.2725,0.27425,0.2765,0.27975,0.28225,0.28575,0.2905,0.29225,0.2945,0.2975,0.30025,0.30175,0.30475,0.30775,0.309,0.31025,0.31325,0.3145,0.3215,0.3235,0.326,0.32825,0.331,0.33425,0.33525,0.339,0.34325,0.34625,0.348,0.34875,0.35,0.35175,0.35175,0.35525,0.359,0.3605,0.3635,0.3615,0.3645,0.365,0.36875,0.367,0.36875,0.369,0.3725,0.37175,0.37225,0.37475,0.37625,0.379,0.382,0.38425,0.38475,0.384,0.3855,0.383,0.386,0.38475,0.38625,0.38625,0.38675,0.38675,0.388,0.3885,0.391,0.388,0.387,0.3875,0.38775,0.38725,0.391,0.38925,0.39025,0.38925,0.39025,0.39075,0.39375,0.3935,0.39575,0.39625,0.39475,0.395,0.39425,0.39425,0.38825,0.39075,0.393,0.392,0.3945,0.392,0.391,0.38725,0.38625,0.3855,0.38475,0.3835,0.3845,0.38175,0.38225,0.37925,0.381,0.37775,0.3795,0.37675,0.37475,0.3735,0.37225,0.37125,0.37175,0.37075,0.37125,0.3705,0.3685,0.36575,0.36325,0.362,0.359,0.3545,0.35275,0.3525,0.35325,0.3475,0.3455,0.34225,0.34075,0.34075,0.33625,0.3345,0.3295,0.325,0.32425,0.32375,0.32,0.31875,0.31575,0.31525,0.3105,0.308,0.30625,0.3035,0.3015,0.29825,0.2955,0.29325,0.292,0.28925,0.28875,0.28525,0.28125,0.2795,0.27625,0.2755,0.271,0.27025,0.26675,0.26225,0.259,0.25675,0.25375,0.2505,0.24675,0.2435,0.24025,0.23775,0.23375,0.2305,0.225,0.222,0.216,0.2095
0.1835,0.18875,0.1915,0.193,0.1965,0.2015,0.20425,0.209,0.21125,0.21225,0.21725,0.2195,0.2235,0.22625,0.2285,0.235,0.23625,0.23975,0.24125,0.24475,0.24825,0.25125,0.25375,0.254,0.259,0.258,0.26175,0.265,0.267,0.27075,0.27275,0.27575,0.27875,0.282,0.2845,0.28775,0.29125,0.29325,0.29825,0.3,0.302,0.304,0.307,0.3085,0.312,0.314,0.31675,0.32,0.32275,0.32675,0.3275,0.33025,0.33425,0.33525,0.33975,0.34075,0.34725,0.347,0.35,0.34925,0.3535,0.3545,0.356,0.35625,0.359,0.36225,0.363,0.36525,0.36675,0.367,0.36775,0.37,0.37225,0.373,0.3745,0.375,0.37325,0.37625,0.38,0.38175,0.38225,0.38375,0.3855,0.3865,0.38675,0.387,0.3865,0.38925,0.38775,0.39,0.39,0.38725,0.3885,0.39075,0.38975,0.391,0.388,0.3905,0.38975,0.3905,0.39125,0.3945,0.39325,0.393,0.39525,0.394,0.39475,0.39675,0.39975,0.399,0.39825,0.39675,0.3955,0.3955,0.3975,0.3955,0.39625,0.3965,0.395,0.39525,0.3915,0.39075,0.39075,0.38725,0.38525,0.38625,0.38325,0.38425,0.385,0.38425,0.38225,0.38225,0.38,0.38025,0.378,0.37525,0.3745,0.37475,0.37525,0.3745,0.37375,0.372,0.36975,0.36825,0.3655,0.36375,0.3615,0.3585,0.355,0.3555,0.35125,0.3505,0.34475,0.345,0.3445,0.341,0.34025,0.3345,0.3345,0.329,0.32625,0.32525,0.32225,0.32025,0.31775,0.31625,0.3135,0.313,0.3085,0.30425,0.303,0.3,0.29775,0.29625,0.295,0.2925,0.287,0.287,0.28325,0.28125,0.279,0.276,0.27275,0.26975,0.26675,0.2645,0.26125,0.25925,0.25425,0.252,0.249,0.2445,0.24125,0.2375,0.23475,0.23,0.22625,0.22075,0.219,0.21325
0.18475,0.19075,0.1925,0.1965,0.19825,0.20225,0.20625,0.20975,0.212,0.2155,0.21775,0.22225,0.226,0.22725,0.23225,0.235,0.23925,0.239,0.2425,0.24425,0.24925,0.252,0.2535,0.25575,0.25775,0.26,0.26225,0.265,0.268,0.27275,0.273,0.276,0.27925,0.28175,0.286,0.28825,0.2905,0.294,0.297,0.30025,0.303,0.30825,0.30725,0.31175,0.314,0.316,0.32,0.32275,0.3255,0.32675,0.32925,0.33275,0.33525,0.339,0.342,0.34425,0.34725,0.34875,0.3495,0.35475,0.35425,0.35575,0.35875,0.35675,0.36025,0.362,0.36475,0.36575,0.36775,0.36825,0.3715,0.3715,0.37375,0.3755,0.37625,0.376,0.378,0.37825,0.38025,0.382,0.3855,0.386,0.38625,0.3875,0.389,0.38725,0.38875,0.38975,0.39175,0.39225,0.39075,0.3895,0.391,0.392,0.3925,0.39225,0.3945,0.39225,0.39275,0.39225,0.39475,0.39575,0.39825,0.39925,0.3995,0.3975,0.3965,0.3985,0.399,0.39925,0.39975,0.4,0.39575,0.3985,0.39825,0.3975,0.3975,0.3965,0.39775,0.39325,0.394,0.394,0.39225,0.3895,0.38725,0.38875,0.38725,0.3865,0.38825,0.3865,0.385,0.3845,0.3835,0.38025,0.38,0.38175,0.378,0.37725,0.3765,0.3765,0.373,0.3735,0.36975,0.3675,0.36575,0.36525,0.361,0.35975,0.35675,0.3555,0.3525,0.35075,0.34975,0.348,0.3465,0.343,0.3415,0.339,0.33475,0.33225,0.32875,0.3275,0.32575,0.3205,0.321,0.318,0.318,0.31325,0.309,0.308,0.3045,0.30175,0.29925,0.29925,0.29675,0.2945,0.291,0.288,0.285,0.2825,0.28075,0.27675,0.27275,0.27,0.26625,0.26425,0.2615,0.26,0.25525,0.25325,0.2495,0.24775,0.242,0.24,0.23325,0.23025,0.22475,0.22175,0.21725,0.2135
0.18725,0.19225,0.19275,0.196,0.20075,0.20475,0.20775,0.20975,0.21425,0.2155,0.2195,0.223,0.227,0.23025,0.23375,0.2365,0.2395,0.24125,0.244,0.24525,0.2485,0.2525,0.2555,0.25725,0.259,0.2605,0.2635,0.26725,0.26875,0.272,0.27475,0.2775,0.283,0.285,0.287,0.29025,0.2945,0.29625,0.29875,0.30175,0.307,0.30925,0.3115,0.313,0.31825,0.3205,0.32375,0.32375,0.327,0.32875,0.33125,0.334,0.33725,0.342,0.3445,0.3475,0.34925,0.35075,0.35425,0.3565,0.35775,0.35775,0.36075,0.36025,0.36225,0.3635,0.3655,0.36925,0.368,0.371,0.3725,0.375,0.3735,0.377,0.379,0.37925,0.38025,0.383,0.3815,0.3845,0.3855,0.3865,0.38775,0.389,0.38975,0.393,0.392,0.39325,0.39525,0.398,0.3925,0.39625,0.39325,0.393,0.39375,0.3955,0.3945,0.3965,0.395,0.396,0.394,0.3965,0.39775,0.402,0.40175,0.4025,0.3995,0.39775,0.39825,0.402,0.39975,0.4005,0.39925,0.40125,0.40175,0.401,0.39825,0.3985,0.3975,0.3965,0.39525,0.39825,0.3935,0.39275,0.392,0.3915,0.3885,0.38925,0.389,0.38925,0.3865,0.38375,0.382,0.384,0.382,0.37975,0.3805,0.379,0.37775,0.3775,0.37675,0.37325,0.3715,0.36875,0.36925,0.3675,0.36625,0.363,0.36075,0.35875,0.3545,0.35425,0.35225,0.35075,0.34775,0.3455,0.344,0.3405,0.338,0.33275,0.332,0.33,0.3275,0.325,0.3225,0.32075,0.3195,0.31575,0.311,0.30825,0.30675,0.30525,0.3025,0.301,0.2995,0.29575,0.2935,0.28925,0.2875,0.28475,0.28175,0.28025,0.275,0.27175,0.2695,0.265,0.26275,0.2605,0.25675,0.2545,0.2515,0.24675,0.2445,0.2395,0.234,0.23,0.229,0.2235,0.219,0.21225
0.18725,0.19325,0.196,0.198,0.20025,0.2045,0.20775,0.2105,0.2135,0.218,0.221,0.22375,0.2285,0.23025,0.23475,0.23825,0.24025,0.2425,0.244,0.247,0.2505,0.252,0.25675,0.25925,0.26,0.26125,0.26475,0.26825,0.27,0.2715,0.276,0.27975,0.28475,0.286,0.28925,0.29325,0.296,0.29925,0.3015,0.30525,0.3065,0.311,0.31525,0.31675,0.32,0.3235,0.32475,0.32625,0.33,0.33075,0.33325,0.3355,0.3395,0.34275,0.3465,0.3455,0.3505,0.3535,0.357,0.35725,0.359,0.35975,0.36325,0.3645,0.36425,0.366,0.3685,0.36825,0.3705,0.36975,0.3745,0.376,0.3755,0.37675,0.37975,0.382,0.38375,0.38525,0.38675,0.38675,0.388,0.3895,0.38925,0.38875,0.3915,0.39275,0.3955,0.396,0.397,0.3965,0.396,0.396,0.3945,0.395,0.3965,0.398,0.398,0.397,0.3975,0.3965,0.399,0.4015,0.40025,0.40225,0.40425,0.4035,0.4005,0.40025,0.40175,0.3995,0.40025,0.4035,0.40125,0.40325,0.4035,0.40225,0.40075,0.39925,0.39625,0.39875,0.399,0.39775,0.39625,0.39725,0.3955,0.3935,0.3925,0.393,0.391,0.391,0.38975,0.3865,0.38525,0.38775,0.385,0.38175,0.38275,0.38025,0.3805,0.38025,0.379,0.37625,0.3735,0.373,0.37175,0.369,0.3665,0.363,0.3615,0.36075,0.358,0.35675,0.35325,0.3525,0.35125,0.348,0.34425,0.34275,0.33925,0.3385,0.33325,0.33125,0.3305,0.327,0.32375,0.32175,0.31975,0.31825,0.31375,0.31225,0.31,0.305,0.30425,0.30175,0.30025,0.29725,0.293,0.28925,0.289,0.2865,0.2825,0.2785,0.27525,0.27375,0.27,0.26825,0.2655,0.261,0.259,0.25575,0.25375,0.24875,0.24425,0.241,0.23675,0.233,0.2295,0.22575,0.221,0.21375
0.1885,0.1945,0.1955,0.20075,0.20325,0.20575,0.2085,0.21075,0.21475,0.22,0.22225,0.227,0.2305,0.23325,0.23625,0.23825,0.24,0.244,0.2455,0.24775,0.2505,0.25375,0.25525,0.25775,0.2605,0.2635,0.2675,0.27,0.27075,0.27675,0.278,0.2825,0.285,0.288,0.29325,0.2955,0.2985,0.30225,0.304,0.307,0.30975,0.31375,0.316,0.32075,0.323,0.325,0.328,0.3305,0.333,0.333,0.3375,0.33925,0.343,0.3445,0.34425,0.348,0.35275,0.35475,0.357,0.35825,0.359,0.36275,0.36375,0.36575,0.36725,0.36925,0.36875,0.37025,0.37175,0.37525,0.37375,0.37775,0.379,0.37975,0.38125,0.38375,0.3845,0.38675,0.38675,0.3915,0.3885,0.38875,0.38875,0.3925,0.3925,0.395,0.39775,0.39825,0.39825,0.3995,0.39725,0.399,0.39675,0.398,0.3995,0.3995,0.398,0.399,0.39825,0.401,0.40125,0.402,0.40325,0.4065,0.40675,0.4065,0.4055,0.405,0.40375,0.40125,0.402,0.4035,0.40625,0.40625,0.40525,0.4005,0.40175,0.40175,0.40125,0.401,0.398,0.40025,0.39925,0.39975,0.396,0.39675,0.396,0.39375,0.39475,0.393,0.391,0.39,0.3895,0.38925,0.38875,0.3865,0.383,0.3845,0.38425,0.3825,0.38225,0.37875,0.37725,0.375,0.3735,0.3705,0.36875,0.36725,0.36275,0.362,0.36075,0.358,0.35725,0.355,0.3535,0.35075,0.348,0.3445,0.34275,0.3415,0.33875,0.3345,0.3335,0.32825,0.32775,0.32325,0.322,0.31825,0.315,0.31525,0.3115,0.3085,0.30575,0.302,0.30025,0.29875,0.29525,0.2925,0.2895,0.287,0.28275,0.28075,0.2765,0.2745,0.2695,0.269,0.26475,0.2625,0.2595,0.2555,0.2535,0.24925,0.24425,0.241,0.23825,0.2345,0.231,0.2265,0.22125,0.216
0.18675,0.193,0.19725,0.201,0.20325,0.20775,0.2095,0.2145,0.216,0.21875,0.22525,0.228,0.23175,0.234,0.23525,0.239,0.2405,0.24425,0.24575,0.24875,0.25125,0.25425,0.2565,0.25725,0.2625,0.266,0.2685,0.27,0.27425,0.276,0.28125,0.28225,0.28525,0.28975,0.29275,0.29875,0.301,0.303,0.307,0.307,0.3115,0.3145,0.31875,0.3245,0.324,0.328,0.3285,0.333,0.33375,0.337,0.34175,0.344,0.34275,0.34575,0.34825,0.34775,0.35225,0.35475,0.35825,0.35975,0.362,0.363,0.3635,0.367,0.369,0.36975,0.371,0.37375,0.37275,0.37525,0.37725,0.37775,0.38125,0.38075,0.3835,0.38475,0.38825,0.3895,0.39075,0.39025,0.391,0.3895,0.3945,0.39425,0.39575,0.39775,0.40025,0.3985,0.40175,0.4005,0.40025,0.401,0.40175,0.403,0.40275,0.4035,0.40075,0.402,0.403,0.40475,0.40525,0.40325,0.40725,0.40775,0.40675,0.40725,0.4095,0.407,0.4065,0.406,0.4055,0.4055,0.4055,0.407,0.406,0.40475,0.40325,0.40275,0.4025,0.40525,0.40425,0.40325,0.4015,0.39975,0.4015,0.39925,0.39925,0.396,0.39625,0.39325,0.394,0.3915,0.39175,0.392,0.389,0.38675,0.3865,0.387,0.38725,0.3865,0.38375,0.3815,0.38,0.3795,0.37675,0.3715,0.3725,0.369,0.367,0.365,0.362,0.36125,0.3595,0.357,0.354,0.353,0.34975,0.34775,0.34425,0.34125,0.34,0.33775,0.3325,0.33025,0.32925,0.32675,0.323,0.321,0.31775,0.31575,0.31525,0.30975,0.306,0.304,0.30075,0.29925,0.2985,0.29525,0.2915,0.28725,0.2855,0.28325,0.2785,0.2755,0.273,0.269,0.26325,0.261,0.2585,0.25675,0.25375,0.25,0.24675,0.2405,0.2385,0.23625,0.232,0.22675,0.221,0.21775
0.19025,0.19675,0.19925,0.20325,0.20575,0.207,0.21175,0.21575,0.2195,0.22175,0.22325,0.2275,0.23275,0.23325,0.237,0.2385,0.2415,0.24525,0.2475,0.2515,0.2505,0.255,0.25775,0.261,0.26625,0.26775,0.269,0.272,0.275,0.27925,0.28275,0.2845,0.2895,0.292,0.2975,0.299,0.30275,0.30475,0.3065,0.30975,0.3145,0.31875,0.32075,0.3235,0.3285,0.33125,0.33475,0.33425,0.33775,0.33875,0.342,0.3425,0.34725,0.348,0.3495,0.35175,0.35325,0.35525,0.3575,0.3585,0.3625,0.3645,0.3645,0.3675,0.369,0.37025,0.37375,0.3745,0.37325,0.37625,0.377,0.382,0.382,0.384,0.385,0.38475,0.38675,0.38925,0.39175,0.39075,0.39175,0.394,0.3955,0.3965,0.3975,0.3995,0.3995,0.40325,0.40175,0.402,0.399,0.404,0.40325,0.40525,0.406,0.40575,0.4065,0.4055,0.40825,0.40675,0.40575,0.40675,0.4075,0.4085,0.411,0.41075,0.4095,0.4095,0.41125,0.40925,0.40925,0.40775,0.40525,0.4065,0.40525,0.406,0.4045,0.40675,0.40525,0.405,0.4055,0.40375,0.40225,0.403,0.40025,0.40225,0.399,0.39725,0.39675,0.396,0.3955,0.39375,0.39275,0.39425,0.39125,0.38975,0.392,0.391,0.389,0.3875,0.3875,0.383,0.38325,0.379,0.376,0.37525,0.3735,0.37225,0.36975,0.366,0.36625,0.36325,0.36075,0.36,0.35475,0.35375,0.35125,0.35,0.34675,0.345,0.34075,0.3385,0.336,0.3335,0.332,0.327,0.32625,0.32225,0.319,0.317,0.31575,0.31225,0.30775,0.306,0.3045,0.3015,0.2985,0.29675,0.29375,0.28975,0.2855,0.28375,0.28025,0.2775,0.27175,0.269,0.2655,0.262,0.2595,0.2545,0.25175,0.25,0.24775,0.24275,0.23925,0.236,0.23325,0.2285,0.2245,0.21925
0.1905,0.1975,0.20075,0.20625,0.208,0.2105,0.21575,0.21825,0.22025,0.223,0.227,0.228,0.232,0.2345,0.236,0.23925,0.24325,0.24575,0.24975,0.25125,0.25475,0.25675,0.261,0.264,0.266,0.269,0.2715,0.27525,0.27775,0.28075,0.28325,0.28875,0.292,0.2955,0.299,0.302,0.304,0.30625,0.30975,0.31275,0.31725,0.32075,0.324,0.3265,0.32975,0.3325,0.33525,0.338,0.339,0.3435,0.34325,0.34425,0.347,0.35025,0.35075,0.35325,0.3575,0.35675,0.36075,0.36025,0.36225,0.3675,0.3695,0.36775,0.37025,0.37225,0.375,0.3775,0.3775,0.378,0.38,0.38125,0.3845,0.38375,0.387,0.387,0.38875,0.38875,0.39175,0.3935,0.39375,0.396,0.39775,0.398,0.402,0.40175,0.401,0.40225,0.40325,0.40525,0.403,0.4055,0.407,0.406,0.40775,0.40875,0.4105,0.4105,0.41175,0.4095,0.4085,0.4085,0.4115,0.4085,0.41175,0.40875,0.40875,0.4125,0.4135,0.41225,0.41275,0.4105,0.40725,0.406,0.407,0.4095,0.40975,0.407,0.40875,0.4095,0.4065,0.405,0.40425,0.40175,0.403,0.40225,0.404,0.40175,0.40025,0.39975,0.39725,0.3995,0.39575,0.39725,0.395,0.3955,0.3935,0.39275,0.3915,0.38725,0.38875,0.3875,0.383,0.382,0.379,0.379,0.376,0.37525,0.372,0.37025,0.36625,0.36575,0.363,0.361,0.35875,0.355,0.352,0.3515,0.34875,0.3475,0.34525,0.34025,0.3385,0.33725,0.33225,0.331,0.32825,0.325,0.32075,0.318,0.31625,0.31425,0.31075,0.307,0.30575,0.302,0.2985,0.2965,0.29475,0.293,0.28775,0.286,0.2815,0.27675,0.27525,0.27075,0.26675,0.26425,0.26,0.25775,0.254,0.25,0.2485,0.24375,0.24,0.237,0.23375,0.231,0.22575,0.2185
0.1905,0.2,0.204,0.20625,0.2095,0.212,0.217,0.221,0.22325,0.22575,0.22775,0.2295,0.2325,0.236,0.238,0.24025,0.2445,0.24775,0.24875,0.25225,0.25575,0.259,0.26425,0.267,0.2685,0.27175,0.2755,0.27775,0.28,0.2815,0.2855,0.2885,0.2935,0.29725,0.301,0.3035,0.305,0.3085,0.31275,0.318,0.32025,0.32175,0.3255,0.32875,0.33125,0.33275,0.3375,0.34,0.3435,0.34325,0.346,0.34625,0.34975,0.35125,0.35375,0.35475,0.357,0.36,0.3615,0.3615,0.365,0.3665,0.3665,0.37,0.3705,0.372,0.3755,0.37775,0.37975,0.3785,0.381,0.3855,0.38525,0.387,0.387,0.38975,0.3895,0.391,0.38925,0.3945,0.395,0.398,0.4005,0.40125,0.401,0.40375,0.4045,0.40325,0.4055,0.4055,0.40625,0.408,0.4075,0.40675,0.4085,0.41175,0.41175,0.4125,0.4115,0.411,0.41125,0.41225,0.41225,0.4135,0.411,0.4105,0.4135,0.415,0.4135,0.41575,0.4155,0.414,0.411,0.40725,0.41,0.41125,0.41075,0.40925,0.41075,0.41025,0.40875,0.40825,0.40725,0.40525,0.40475,0.404,0.403,0.4045,0.403,0.402,0.40225,0.401,0.401,0.39825,0.4,0.399,0.3945,0.39175,0.3935,0.39125,0.3915,0.38925,0.386,0.385,0.381,0.38075,0.38,0.376,0.374,0.37125,0.3685,0.36775,0.36675,0.362,0.36175,0.357,0.3555,0.35375,0.35275,0.35125,0.34525,0.34325,0.34225,0.33575,0.334,0.33275,0.33,0.32725,0.3235,0.321,0.3175,0.31425,0.3125,0.31,0.3045,0.3025,0.3005,0.29725,0.2955,0.294,0.2915,0.2885,0.282,0.28075,0.277,0.2725,0.267,0.26425,0.26075,0.25775,0.254,0.2525,0.24925,0.24575,0.2405,0.2385,0.2345,0.232,0.22775,0.219
0.19125,0.1995,0.204,0.2085,0.21125,0.214,0.21775,0.22075,0.224,0.2265,0.2285,0.23175,0.23325,0.23775,0.23875,0.2425,0.2465,0.2485,0.251,0.25225,0.2575,0.2625,0.26575,0.26975,0.271,0.27475,0.276,0.27875,0.2805,0.284,0.28825,0.29175,0.2955,0.299,0.3015,0.30375,0.307,0.31025,0.31475,0.3195,0.32125,0.324,0.32575,0.33025,0.3325,0.33625,0.33725,0.34225,0.34375,0.34525,0.34575,0.349,0.35025,0.35125,0.354,0.3575,0.359,0.3605,0.363,0.36325,0.36525,0.3665,0.3685,0.37125,0.37225,0.373,0.374,0.377,0.3805,0.3815,0.385,0.38575,0.38725,0.388,0.39025,0.38975,0.39125,0.39075,0.39475,0.393,0.39675,0.399,0.4015,0.40375,0.406,0.404,0.4055,0.40675,0.40725,0.406,0.40625,0.408,0.4085,0.40775,0.41125,0.41325,0.413,0.415,0.414,0.40975,0.4135,0.4145,0.41525,0.41275,0.4145,0.41525,0.41475,0.41675,0.41725,0.418,0.41475,0.415,0.4145,0.412,0.4105,0.4105,0.41225,0.414,0.4135,0.412,0.4125,0.41,0.41,0.4075,0.407,0.40375,0.406,0.404,0.40625,0.4035,0.405,0.405,0.40125,0.40275,0.39925,0.39725,0.3985,0.39675,0.395,0.3945,0.394,0.38925,0.389,0.38575,0.385,0.383,0.37975,0.3805,0.37525,0.372,0.371,0.37,0.36875,0.36575,0.36275,0.3595,0.35775,0.35475,0.352,0.35225,0.34825,0.34625,0.341,0.33825,0.33725,0.33475,0.33,0.329,0.32525,0.32225,0.3195,0.3175,0.312,0.30925,0.308,0.305,0.30225,0.29775,0.29475,0.2945,0.29175,0.28875,0.28425,0.28,0.27775,0.274,0.26825,0.26375,0.26175,0.25775,0.25525,0.2515,0.2505,0.2445,0.24175,0.2395,0.2375,0.23125,0.22725,0.219
0.194,0.20025,0.20675,0.20925,0.21225,0.2155,0.21725,0.222,0.2265,0.2275,0.22975,0.23075,0.23525,0.2375,0.2405,0.24375,0.24625,0.2485,0.2505,0.2555,0.259,0.26375,0.26575,0.26925,0.271,0.275,0.27775,0.28,0.2835,0.28625,0.2915,0.29475,0.298,0.301,0.303,0.307,0.309,0.3135,0.31775,0.3205,0.3215,0.32725,0.32825,0.3315,0.337,0.3365,0.34275,0.3425,0.34725,0.347,0.34925,0.35,0.35425,0.35575,0.35875,0.36075,0.36,0.36125,0.366,0.365,0.366,0.369,0.3715,0.3715,0.3745,0.37375,0.375,0.378,0.38275,0.3855,0.3885,0.388,0.388,0.38975,0.391,0.3935,0.3915,0.39375,0.39725,0.39725,0.39875,0.40025,0.402,0.403,0.40575,0.407,0.4045,0.4075,0.409,0.40875,0.40775,0.40825,0.4105,0.411,0.4135,0.4145,0.4135,0.4155,0.4175,0.4155,0.4165,0.41675,0.416,0.41625,0.418,0.41775,0.4175,0.419,0.417,0.4165,0.41575,0.415,0.417,0.4175,0.41325,0.413,0.415,0.4165,0.41425,0.4135,0.4125,0.4115,0.41025,0.4115,0.41025,0.41025,0.40825,0.40775,0.40575,0.40825,0.407,0.40575,0.4055,0.403,0.4025,0.3995,0.40025,0.39925,0.3965,0.39625,0.394,0.39225,0.38975,0.38825,0.38725,0.38325,0.383,0.381,0.37925,0.374,0.374,0.372,0.37,0.3685,0.363,0.36075,0.3595,0.35775,0.35375,0.352,0.35,0.3465,0.34475,0.342,0.34,0.336,0.335,0.32975,0.328,0.323,0.321,0.31925,0.3145,0.31075,0.31075,0.307,0.304,0.29925,0.29575,0.29575,0.29225,0.288,0.28575,0.28,0.277,0.2725,0.26975,0.266,0.26275,0.2595,0.25475,0.2535,0.2485,0.24525,0.243,0.24125,0.23775,0.23225,0.22875,0.222
0.19475,0.20175,0.2065,0.2095,0.214,0.21675,0.22,0.223,0.226,0.2285,0.23025,0.23225,0.23625,0.23875,0.241,0.2435,0.245,0.24875,0.2545,0.257,0.26,0.263,0.26875,0.27025,0.274,0.277,0.2795,0.28225,0.2865,0.288,0.293,0.297,0.29875,0.30075,0.306,0.30825,0.31475,0.3175,0.31875,0.32175,0.32325,0.32825,0.3305,0.33425,0.33975,0.341,0.3405,0.34425,0.34625,0.3505,0.353,0.35475,0.3545,0.3575,0.357,0.36125,0.3615,0.364,0.36325,0.367,0.36625,0.371,0.37175,0.373,0.375,0.3785,0.38,0.37975,0.38125,0.3865,0.388,0.391,0.3905,0.38975,0.3915,0.391,0.39425,0.3925,0.3975,0.40025,0.40375,0.4015,0.403,0.405,0.40375,0.4065,0.4085,0.40825,0.41175,0.412,0.40975,0.40825,0.413,0.41575,0.41675,0.4145,0.415,0.416,0.41775,0.418,0.41675,0.4165,0.41675,0.418,0.42025,0.42,0.4215,0.41825,0.418,0.416,0.41975,0.41925,0.42025,0.41825,0.417,0.4165,0.41625,0.41575,0.41675,0.417,0.415,0.41125,0.41175,0.41225,0.41275,0.41175,0.4115,0.41,0.4095,0.40925,0.40775,0.40975,0.40725,0.4045,0.4035,0.40325,0.40175,0.402,0.4,0.39725,0.39425,0.392,0.3925,0.391,0.38725,0.38725,0.3855,0.38175,0.379,0.37875,0.375,0.375,0.37175,0.369,0.367,0.36525,0.36125,0.35725,0.35675,0.35375,0.35175,0.34975,0.34775,0.34475,0.342,0.33775,0.3355,0.33275,0.3295,0.326,0.32225,0.321,0.31825,0.31325,0.31175,0.308,0.30575,0.30225,0.29975,0.29625,0.29225,0.28725,0.2855,0.28175,0.2775,0.274,0.271,0.26775,0.26625,0.261,0.2575,0.251,0.249,0.2465,0.2455,0.2425,0.23875,0.23325,0.2305,0.22325
0.19425,0.20075,0.206,0.211,0.216,0.21925,0.2215,0.2245,0.22575,0.228,0.23125,0.23225,0.23625,0.24075,0.24275,0.24525,0.24775,0.25275,0.25675,0.25875,0.2605,0.2655,0.26825,0.27225,0.27475,0.279,0.28225,0.28525,0.29,0.29125,0.29475,0.29675,0.30075,0.30475,0.30775,0.31125,0.31525,0.3175,0.32,0.32325,0.327,0.32625,0.33175,0.3355,0.33925,0.3415,0.34175,0.34625,0.35,0.34975,0.3525,0.355,0.3575,0.359,0.361,0.36175,0.36425,0.3665,0.3665,0.367,0.37175,0.37225,0.37375,0.37275,0.375,0.37925,0.379,0.382,0.38225,0.3845,0.38625,0.39,0.392,0.391,0.39275,0.39575,0.39475,0.39725,0.39775,0.40225,0.403,0.40425,0.403,0.40625,0.40625,0.40825,0.4095,0.41175,0.41025,0.41325,0.41325,0.41475,0.41425,0.41425,0.41725,0.417,0.4145,0.41525,0.41575,0.41875,0.41525,0.41725,0.4185,0.41825,0.421,0.423,0.42,0.42125,0.42,0.421,0.42025,0.42025,0.41975,0.421,0.4245,0.4215,0.416,0.41775,0.41725,0.4185,0.41875,0.41775,0.415,0.415,0.4135,0.41225,0.4135,0.41275,0.413,0.41125,0.41125,0.41075,0.4115,0.40875,0.4065,0.40375,0.40475,0.4025,0.3995,0.39975,0.39625,0.395,0.39275,0.3905,0.38925,0.38775,0.38625,0.38225,0.38175,0.37775,0.378,0.3745,0.37325,0.3725,0.37,0.368,0.36475,0.35825,0.35775,0.3555,0.3535,0.352,0.34925,0.347,0.3435,0.3405,0.33725,0.335,0.3325,0.3295,0.326,0.32225,0.31725,0.3165,0.31125,0.31025,0.307,0.3055,0.30075,0.2965,0.29375,0.28925,0.28725,0.28275,0.27975,0.27675,0.272,0.2695,0.26625,0.26275,0.2575,0.25375,0.25,0.247,0.24525,0.24325,0.23875,0.23525,0.232,0.22475
0.19525,0.2005,0.20675,0.21,0.21625,0.2195,0.22125,0.224,0.22725,0.229,0.23175,0.23375,0.23925,0.24025,0.24275,0.24775,0.2505,0.25275,0.256,0.259,0.263,0.266,0.271,0.2725,0.2755,0.28125,0.28425,0.28775,0.2905,0.29375,0.295,0.29725,0.30225,0.305,0.31025,0.31225,0.31525,0.31725,0.3215,0.325,0.32825,0.331,0.33425,0.338,0.3405,0.343,0.3445,0.34575,0.34775,0.3515,0.35325,0.3575,0.359,0.36225,0.362,0.36525,0.3655,0.368,0.36875,0.3705,0.372,0.37125,0.37525,0.37325,0.37775,0.3805,0.383,0.3835,0.38475,0.387,0.38775,0.388,0.39175,0.3935,0.39325,0.39575,0.3955,0.39725,0.40125,0.4025,0.406,0.40425,0.4055,0.407,0.409,0.40875,0.408,0.411,0.4135,0.4095,0.41575,0.41625,0.4175,0.417,0.41775,0.417,0.4175,0.4155,0.415,0.415,0.41875,0.4215,0.421,0.422,0.422,0.42475,0.42325,0.4215,0.42125,0.422,0.4205,0.4195,0.42,0.42275,0.42275,0.4235,0.4225,0.41925,0.42,0.4185,0.419,0.41825,0.4175,0.4185,0.4175,0.41725,0.41525,0.413,0.412,0.413,0.412,0.4115,0.41275,0.41075,0.41,0.408,0.406,0.4035,0.402,0.39775,0.39875,0.3975,0.395,0.39125,0.391,0.38675,0.38675,0.38375,0.379,0.38225,0.382,0.37775,0.37525,0.37575,0.3725,0.36975,0.36575,0.365,0.3585,0.35725,0.356,0.35175,0.35125,0.349,0.3455,0.341,0.338,0.3375,0.33375,0.33125,0.326,0.32375,0.3195,0.316,0.313,0.312,0.30925,0.30475,0.30225,0.29875,0.294,0.2905,0.28575,0.28125,0.2795,0.27675,0.27325,0.26925,0.267,0.26225,0.25925,0.25425,0.25175,0.248,0.2445,0.24175,0.24075,0.23525,0.2325,0.2265
0.19575,0.2015,0.20575,0.2115,0.21325,0.219,0.2235,0.22425,0.2285,0.231,0.2325,0.23675,0.2395,0.2415,0.24425,0.24775,0.25025,0.25275,0.2555,0.2605,0.26425,0.26775,0.2705,0.27525,0.2785,0.2825,0.28575,0.28925,0.2925,0.2945,0.29675,0.301,0.30275,0.308,0.31275,0.3125,0.31675,0.32025,0.32425,0.3255,0.33,0.33475,0.3375,0.33875,0.34125,0.3435,0.34425,0.34675,0.34975,0.3525,0.35525,0.35925,0.36175,0.36225,0.3665,0.36575,0.36825,0.3695,0.3705,0.37025,0.37375,0.37575,0.3755,0.37725,0.3795,0.37975,0.3825,0.384,0.3855,0.387,0.387,0.38875,0.392,0.39625,0.3955,0.3985,0.3975,0.40225,0.401,0.40425,0.4045,0.40725,0.408,0.4095,0.409,0.411,0.4115,0.41175,0.41375,0.416,0.41675,0.4175,0.41775,0.4185,0.418,0.418,0.4155,0.41725,0.4185,0.418,0.42075,0.42275,0.42425,0.42575,0.42225,0.4245,0.423,0.422,0.42325,0.424,0.42125,0.42225,0.42375,0.4235,0.4245,0.4265,0.42525,0.42425,0.42175,0.41925,0.41675,0.42225,0.421,0.42,0.4195,0.4185,0.418,0.415,0.41525,0.414,0.41325,0.414,0.414,0.4145,0.41325,0.41025,0.4075,0.4055,0.403,0.40175,0.39975,0.39925,0.39625,0.39325,0.3915,0.38925,0.38675,0.38475,0.38475,0.38275,0.38125,0.37875,0.3795,0.376,0.373,0.36875,0.3675,0.3635,0.3625,0.358,0.35425,0.3535,0.3525,0.3485,0.34675,0.344,0.34125,0.33775,0.33375,0.33225,0.3275,0.325,0.32,0.31775,0.31575,0.31325,0.30925,0.3065,0.30175,0.30125,0.296,0.29125,0.28775,0.28425,0.279,0.2775,0.27475,0.26975,0.265,0.26325,0.26125,0.25725,0.25475,0.2505,0.24625,0.242,0.2395,0.2365,0.23325,0.22675
0.1985,0.2035,0.2075,0.2105,0.21525,0.219,0.2225,0.22525,0.22725,0.23075,0.235,0.23725,0.23925,0.242,0.246,0.2485,0.251,0.2545,0.2565,0.2595,0.265,0.26925,0.27225,0.27675,0.27925,0.28475,0.28675,0.2905,0.293,0.2945,0.29875,0.3025,0.30725,0.312,0.31475,0.316,0.31875,0.32125,0.32525,0.329,0.33275,0.336,0.3405,0.338,0.3415,0.3455,0.3475,0.34875,0.3495,0.35425,0.358,0.361,0.36275,0.365,0.3655,0.368,0.36825,0.3695,0.36925,0.372,0.37575,0.376,0.3775,0.38,0.38125,0.382,0.3835,0.38475,0.38825,0.38725,0.3905,0.38925,0.392,0.394,0.39725,0.40025,0.4015,0.4025,0.406,0.40375,0.4065,0.404,0.408,0.41125,0.4115,0.4105,0.411,0.41375,0.416,0.41975,0.41825,0.418,0.418,0.42125,0.4205,0.4195,0.42025,0.4175,0.419,0.4205,0.42175,0.42075,0.4225,0.42525,0.42475,0.4235,0.4235,0.4245,0.42725,0.42375,0.426,0.424,0.42675,0.4255,0.427,0.42775,0.42675,0.42825,0.425,0.42175,0.4195,0.419,0.42225,0.42325,0.42375,0.4205,0.42,0.419,0.41725,0.41725,0.41525,0.41475,0.414,0.41325,0.414,0.41025,0.41075,0.4045,0.404,0.4045,0.39975,0.4005,0.39875,0.39675,0.3955,0.3905,0.38825,0.3875,0.386,0.3835,0.38275,0.3805,0.37875,0.37825,0.37525,0.37075,0.36625,0.3655,0.364,0.35975,0.3545,0.35375,0.353,0.351,0.34775,0.345,0.3425,0.3375,0.33525,0.334,0.331,0.32475,0.32275,0.32075,0.31775,0.3135,0.31075,0.30875,0.30375,0.30175,0.29725,0.293,0.28975,0.285,0.28125,0.27725,0.275,0.27175,0.267,0.2635,0.26125,0.25775,0.25525,0.2505,0.2475,0.243,0.2405,0.236,0.23125,0.22575
0.20025,0.20575,0.2075,0.21125,0.21375,0.21775,0.2215,0.224,0.22875,0.23225,0.2345,0.238,0.24025,0.24525,0.24775,0.2505,0.2525,0.25575,0.2585,0.26225,0.26575,0.2685,0.27325,0.27725,0.278,0.2855,0.29075,0.29275,0.293,0.29625,0.3005,0.306,0.309,0.312,0.314,0.3175,0.32025,0.323,0.32625,0.3305,0.334,0.33525,0.33825,0.3405,0.345,0.34575,0.348,0.3515,0.3525,0.357,0.3605,0.3615,0.36475,0.364,0.3675,0.369,0.37125,0.3695,0.372,0.3725,0.37575,0.37725,0.38075,0.38275,0.3835,0.38325,0.38375,0.3855,0.38625,0.38875,0.389,0.39125,0.39225,0.3945,0.399,0.40125,0.40225,0.40375,0.40425,0.40625,0.40475,0.407,0.40925,0.41225,0.411,0.412,0.41075,0.41525,0.41675,0.41875,0.41925,0.42125,0.41725,0.42125,0.42025,0.42175,0.419,0.4185,0.42175,0.422,0.423,0.422,0.42325,0.42325,0.42375,0.4255,0.42675,0.42775,0.42875,0.42825,0.425,0.42875,0.4265,0.42675,0.42825,0.4265,0.42875,0.4295,0.42675,0.4255,0.425,0.42175,0.4215,0.424,0.426,0.42375,0.42125,0.42025,0.4185,0.4175,0.41875,0.41625,0.4165,0.41525,0.4135,0.41275,0.40975,0.40775,0.4055,0.4025,0.40325,0.39975,0.39975,0.39925,0.3965,0.39225,0.39075,0.39,0.3865,0.38425,0.38425,0.38,0.37925,0.37825,0.37675,0.3725,0.3695,0.3675,0.36575,0.363,0.3585,0.35425,0.35275,0.35075,0.34825,0.34675,0.344,0.34075,0.3375,0.33325,0.331,0.3265,0.32525,0.32225,0.31825,0.31725,0.312,0.309,0.30525,0.30125,0.2975,0.29575,0.28975,0.28675,0.2815,0.277,0.27425,0.27275,0.2705,0.26575,0.262,0.26025,0.25475,0.252,0.248,0.2455,0.2415,0.23625,0.23275,0.225
0.2,0.20525,0.2095,0.212,0.21425,0.21575,0.22125,0.22525,0.229,0.23075,0.23375,0.23675,0.24225,0.24525,0.24725,0.2505,0.253,0.25575,0.259,0.2625,0.26625,0.26975,0.27525,0.28025,0.28275,0.285,0.2885,0.29225,0.2965,0.29825,0.30475,0.30775,0.309,0.31325,0.315,0.31875,0.32175,0.32575,0.3295,0.33375,0.33525,0.33725,0.34,0.344,0.34575,0.34725,0.3495,0.353,0.35525,0.3585,0.3585,0.3645,0.36475,0.366,0.36775,0.37025,0.37025,0.36975,0.3725,0.37525,0.37625,0.3815,0.3825,0.38325,0.38325,0.38625,0.38575,0.385,0.38775,0.388,0.39025,0.39275,0.395,0.39625,0.396,0.4,0.404,0.4045,0.4055,0.4075,0.409,0.40875,0.411,0.413,0.4135,0.41275,0.41425,0.41425,0.41675,0.418,0.41775,0.41925,0.422,0.419,0.4215,0.42075,0.422,0.422,0.42325,0.42275,0.42325,0.42425,0.4245,0.4235,0.42575,0.4275,0.4295,0.429,0.425,0.42875,0.43025,0.42725,0.42975,0.42675,0.42975,0.42675,0.4285,0.4285,0.428,0.42875,0.427,0.42575,0.42325,0.42475,0.4245,0.42575,0.422,0.42175,0.42125,0.42075,0.4205,0.421,0.41775,0.41425,0.41275,0.40975,0.414,0.41,0.4065,0.40625,0.40525,0.40225,0.39925,0.39825,0.398,0.39625,0.39325,0.389,0.38825,0.388,0.38325,0.38225,0.3805,0.37925,0.3755,0.3735,0.37175,0.36925,0.36725,0.36175,0.36125,0.357,0.3535,0.35325,0.3505,0.347,0.34525,0.3405,0.339,0.33325,0.33175,0.33,0.32675,0.32325,0.31975,0.31725,0.31425,0.312,0.30625,0.30175,0.29675,0.29475,0.2915,0.28625,0.283,0.2785,0.2735,0.27225,0.27025,0.268,0.2635,0.26,0.25675,0.25275,0.2495,0.2455,0.24,0.23625,0.23125,0.225
0.20125,0.20725,0.20975,0.2125,0.21475,0.21675,0.22125,0.226,0.22875,0.23075,0.2335,0.2405,0.2425,0.246,0.24775,0.25075,0.2545,0.25725,0.2605,0.26325,0.269,0.27175,0.27625,0.281,0.28325,0.28725,0.28975,0.2945,0.298,0.30275,0.30525,0.30925,0.31025,0.31325,0.31875,0.319,0.324,0.3275,0.331,0.33275,0.33575,0.34,0.342,0.3455,0.34675,0.349,0.3535,0.3545,0.35725,0.3575,0.361,0.3615,0.36375,0.36675,0.3695,0.3715,0.37325,0.37375,0.37475,0.376,0.3785,0.3815,0.3845,0.385,0.386,0.385,0.38725,0.38575,0.3865,0.3875,0.38925,0.39275,0.3945,0.3995,0.397,0.40175,0.40075,0.40525,0.4065,0.40875,0.41125,0.4115,0.4125,0.41175,0.412,0.41375,0.41475,0.4155,0.415,0.41675,0.41825,0.41975,0.41975,0.42175,0.4175,0.42,0.4235,0.4235,0.42425,0.42325,0.425,0.42675,0.4245,0.42375,0.42625,0.42875,0.42975,0.42975,0.4305,0.4295,0.42875,0.4305,0.432,0.43075,0.429,0.42875,0.429,0.43075,0.4325,0.43075,0.4305,0.4285,0.426,0.4255,0.42575,0.42475,0.42525,0.422,0.42425,0.4225,0.42125,0.4205,0.41775,0.41675,0.4135,0.41425,0.41375,0.41375,0.41075,0.40975,0.407,0.403,0.40275,0.40025,0.39625,0.39575,0.395,0.3925,0.39225,0.39125,0.385,0.38575,0.384,0.38,0.3775,0.37625,0.3745,0.37225,0.369,0.36625,0.3645,0.3605,0.357,0.3545,0.352,0.349,0.345,0.3425,0.3395,0.338,0.333,0.32975,0.32575,0.324,0.323,0.31725,0.31575,0.31075,0.3075,0.30275,0.2995,0.29625,0.2915,0.2885,0.2845,0.28075,0.27725,0.27525,0.271,0.2685,0.2645,0.26275,0.258,0.25475,0.25075,0.2455,0.2415,0.23525,0.2315,0.225
0.20275,0.20875,0.2105,0.21325,0.21525,0.218,0.22275,0.224,0.2285,0.23025,0.2365,0.24075,0.24325,0.24625,0.2495,0.2525,0.25625,0.2595,0.26175,0.26625,0.271,0.27475,0.2765,0.28175,0.2865,0.28775,0.291,0.294,0.3,0.30425,0.30825,0.30925,0.313,0.3165,0.3195,0.32225,0.326,0.3305,0.33075,0.3345,0.3365,0.34075,0.34325,0.34625,0.34825,0.35,0.35425,0.356,0.3575,0.3585,0.3625,0.3615,0.364,0.367,0.368,0.36975,0.37225,0.376,0.37825,0.37825,0.37975,0.38325,0.3865,0.387,0.38525,0.387,0.38825,0.3865,0.39,0.389,0.3905,0.394,0.39675,0.397,0.40225,0.40175,0.404,0.40675,0.41125,0.412,0.41175,0.41325,0.41275,0.413,0.41475,0.41425,0.41475,0.41775,0.41925,0.41975,0.41975,0.419,0.421,0.42125,0.42175,0.42125,0.4225,0.42625,0.42625,0.42625,0.4245,0.42375,0.427,0.42825,0.428,0.42725,0.4295,0.43225,0.4335,0.43175,0.43275,0.43475,0.4355,0.4335,0.4325,0.431,0.43125,0.4295,0.4325,0.4325,0.4345,0.4315,0.43,0.42775,0.4265,0.424,0.42525,0.42425,0.4265,0.4245,0.42325,0.42075,0.42175,0.419,0.41725,0.41475,0.415,0.4115,0.41325,0.411,0.41,0.4075,0.405,0.402,0.399,0.39725,0.398,0.39625,0.394,0.39125,0.38675,0.38525,0.382,0.38175,0.379,0.37725,0.37575,0.37375,0.37025,0.3675,0.365,0.362,0.35875,0.35575,0.352,0.35025,0.34625,0.3445,0.34075,0.33825,0.33475,0.32975,0.329,0.32575,0.32275,0.31925,0.31575,0.3135,0.308,0.30575,0.30175,0.296,0.29275,0.2865,0.287,0.28075,0.2785,0.27425,0.27125,0.2685,0.2655,0.26375,0.2595,0.25425,0.25075,0.24725,0.2425,0.2345,0.2315,0.22625
0.20125,0.2085,0.2125,0.2145,0.21625,0.2195,0.2215,0.22575,0.2275,0.232,0.236,0.2415,0.244,0.2485,0.25025,0.254,0.2565,0.26,0.263,0.26775,0.27025,0.276,0.28,0.28325,0.285,0.29075,0.292,0.298,0.301,0.30525,0.30725,0.3135,0.31575,0.31725,0.32225,0.3245,0.32825,0.32975,0.3325,0.336,0.34075,0.3435,0.3435,0.34775,0.35025,0.35225,0.3545,0.35525,0.357,0.356,0.35925,0.3635,0.36525,0.36775,0.36825,0.37175,0.37275,0.3765,0.37975,0.381,0.38275,0.38525,0.38775,0.38625,0.388,0.38775,0.3885,0.38825,0.39,0.39025,0.39225,0.3955,0.398,0.399,0.40025,0.404,0.405,0.4075,0.40925,0.415,0.41425,0.4135,0.41225,0.41575,0.4135,0.41675,0.4185,0.41875,0.41975,0.42025,0.4165,0.42125,0.42025,0.41975,0.42275,0.425,0.426,0.42675,0.42725,0.42525,0.42525,0.4245,0.42825,0.42925,0.42875,0.42975,0.4315,0.43225,0.4325,0.432,0.432,0.43525,0.43575,0.434,0.432,0.434,0.43225,0.432,0.435,0.436,0.43475,0.435,0.43425,0.43225,0.42875,0.42725,0.42475,0.425,0.427,0.426,0.4235,0.421,0.42025,0.42025,0.419,0.419,0.41675,0.41525,0.4125,0.41375,0.41175,0.4105,0.40775,0.40425,0.401,0.39875,0.399,0.39825,0.39525,0.394,0.3905,0.385,0.3835,0.38275,0.381,0.378,0.37625,0.3755,0.37175,0.36975,0.3675,0.36375,0.361,0.35775,0.3545,0.35075,0.34775,0.34575,0.342,0.3375,0.33475,0.3335,0.331,0.32775,0.32275,0.3185,0.317,0.315,0.31,0.3065,0.303,0.299,0.2935,0.29,0.2865,0.284,0.28,0.27625,0.273,0.26875,0.266,0.2635,0.261,0.256,0.25,0.246,0.24175,0.2395,0.234,0.22725
0.199,0.20775,0.213,0.21475,0.21825,0.22,0.2215,0.22575,0.23,0.23225,0.2375,0.2395,0.24625,0.24825,0.25375,0.2575,0.26075,0.263,0.267,0.27075,0.27325,0.2765,0.28075,0.2845,0.28825,0.29125,0.2965,0.3,0.30225,0.30575,0.31,0.3145,0.31625,0.322,0.324,0.32825,0.326,0.33075,0.33125,0.33475,0.34025,0.3435,0.34575,0.347,0.35075,0.35175,0.35275,0.3555,0.3585,0.35725,0.36,0.3645,0.36725,0.36775,0.36825,0.37175,0.3765,0.37925,0.38125,0.3815,0.38375,0.3865,0.38675,0.3895,0.387,0.38875,0.39,0.393,0.3905,0.39375,0.39475,0.3955,0.399,0.399,0.401,0.40225,0.40625,0.4065,0.41125,0.412,0.41575,0.41475,0.417,0.4195,0.418,0.41775,0.417,0.418,0.418,0.41825,0.421,0.41875,0.4215,0.4235,0.42025,0.42675,0.42775,0.42475,0.426,0.42475,0.4255,0.42825,0.42875,0.429,0.43075,0.4315,0.43175,0.4315,0.43425,0.43475,0.43425,0.43575,0.43475,0.43425,0.43625,0.4345,0.43575,0.43525,0.43625,0.4375,0.43425,0.4355,0.43775,0.43325,0.42975,0.42875,0.4275,0.42875,0.42525,0.4235,0.42425,0.42075,0.4195,0.42125,0.42125,0.41825,0.41575,0.41475,0.41425,0.4125,0.41375,0.41125,0.40875,0.407,0.406,0.40325,0.39875,0.39975,0.398,0.39525,0.38975,0.38775,0.387,0.383,0.38125,0.3805,0.379,0.37625,0.37375,0.3715,0.36825,0.36375,0.362,0.359,0.35675,0.35225,0.34925,0.34625,0.3425,0.33875,0.338,0.3355,0.33375,0.329,0.32475,0.31975,0.3175,0.316,0.31175,0.307,0.30275,0.299,0.29625,0.29175,0.28925,0.28525,0.281,0.2785,0.27375,0.26925,0.26875,0.2635,0.26125,0.25675,0.2515,0.245,0.2425,0.23875,0.23425,0.227
0.20125,0.2085,0.21175,0.21725,0.22,0.2195,0.22225,0.22675,0.23075,0.23375,0.23675,0.241,0.24625,0.25175,0.255,0.259,0.2605,0.26425,0.2675,0.27325,0.2775,0.27875,0.2815,0.285,0.2905,0.295,0.2975,0.30325,0.3035,0.3075,0.31325,0.316,0.32075,0.32325,0.32775,0.328,0.33,0.3315,0.33475,0.33825,0.3395,0.34025,0.347,0.348,0.34975,0.35175,0.35525,0.3575,0.35775,0.35975,0.36275,0.36275,0.36775,0.36975,0.369,0.3745,0.37775,0.37875,0.38025,0.38325,0.3845,0.38575,0.39025,0.389,0.389,0.3895,0.39225,0.393,0.394,0.395,0.39775,0.40075,0.39875,0.402,0.401,0.4045,0.4045,0.40775,0.40975,0.41175,0.416,0.4185,0.4185,0.421,0.42025,0.4205,0.41725,0.418,0.4165,0.4205,0.41825,0.4215,0.4215,0.42325,0.42375,0.425,0.4285,0.426,0.4235,0.42425,0.4275,0.42925,0.42775,0.428,0.4315,0.434,0.4305,0.433,0.43325,0.43675,0.43475,0.43575,0.436,0.436,0.436,0.4375,0.43775,0.43925,0.4325,0.43525,0.436,0.4365,0.43425,0.43225,0.432,0.43125,0.4305,0.42575,0.4255,0.42625,0.425,0.425,0.42175,0.421,0.42,0.41975,0.4175,0.41775,0.41575,0.415,0.413,0.413,0.41075,0.41025,0.409,0.4055,0.40325,0.40125,0.39775,0.396,0.39325,0.3915,0.389,0.388,0.38275,0.38325,0.38025,0.378,0.3755,0.373,0.36975,0.366,0.36375,0.36175,0.3575,0.354,0.353,0.348,0.34375,0.34125,0.33725,0.33575,0.33225,0.32975,0.32475,0.322,0.318,0.31425,0.312,0.30825,0.30225,0.30025,0.29575,0.293,0.2895,0.286,0.28225,0.27975,0.275,0.2725,0.2685,0.26275,0.2585,0.25625,0.25125,0.246,0.24275,0.2395,0.23475,0.2275
0.20225,0.21,0.214,0.21525,0.21925,0.222,0.22675,0.2285,0.23225,0.23625,0.239,0.243,0.248,0.25175,0.2575,0.26075,0.26325,0.2655,0.26925,0.27325,0.278,0.28125,0.28375,0.28825,0.29275,0.298,0.29975,0.302,0.307,0.30875,0.314,0.31775,0.322,0.32475,0.328,0.33,0.3305,0.33375,0.33625,0.338,0.3405,0.34525,0.3475,0.3505,0.352,0.353,0.35575,0.35875,0.3585,0.3595,0.3635,0.3625,0.3655,0.3705,0.374,0.375,0.3795,0.38,0.3835,0.38525,0.38725,0.38875,0.38925,0.38975,0.3905,0.3925,0.39275,0.39575,0.397,0.39975,0.4,0.4015,0.40275,0.40025,0.40275,0.4035,0.406,0.40825,0.4105,0.41125,0.4155,0.4165,0.42,0.42075,0.42075,0.41725,0.419,0.417,0.4205,0.41975,0.421,0.42025,0.4255,0.42525,0.42525,0.42675,0.42625,0.428,0.42525,0.4265,0.4285,0.43,0.43,0.43225,0.434,0.43475,0.43625,0.43425,0.43675,0.4355,0.43675,0.4365,0.4345,0.43775,0.437,0.4405,0.43975,0.43675,0.4365,0.43475,0.436,0.4335,0.43275,0.43375,0.43425,0.43475,0.433,0.4265,0.42575,0.426,0.4265,0.42725,0.42525,0.42375,0.42375,0.42025,0.42125,0.41975,0.417,0.41725,0.41675,0.414,0.414,0.41375,0.41075,0.40875,0.406,0.4035,0.39775,0.39775,0.39825,0.39275,0.391,0.38675,0.386,0.383,0.38125,0.377,0.376,0.37425,0.37125,0.36825,0.3645,0.361,0.35975,0.35675,0.3555,0.34975,0.3455,0.34325,0.338,0.33575,0.331,0.32875,0.32775,0.324,0.31825,0.31575,0.31075,0.309,0.30475,0.30175,0.2985,0.295,0.29025,0.28675,0.28325,0.28,0.277,0.27225,0.267,0.26225,0.25925,0.25525,0.25125,0.24825,0.24375,0.23825,0.23475,0.227
0.20375,0.21125,0.21425,0.2165,0.219,0.2245,0.2275,0.22875,0.23075,0.236,0.2395,0.246,0.2475,0.25325,0.257,0.26425,0.26775,0.26975,0.274,0.278,0.28,0.28325,0.288,0.2915,0.29625,0.29925,0.30025,0.305,0.30725,0.31025,0.31425,0.319,0.32325,0.32525,0.32825,0.3325,0.33375,0.33325,0.33575,0.339,0.34325,0.3465,0.34725,0.35075,0.3515,0.356,0.3555,0.36,0.36075,0.364,0.364,0.3655,0.3695,0.37275,0.37625,0.37975,0.377,0.383,0.3835,0.385,0.38725,0.38875,0.38775,0.3885,0.39225,0.39325,0.39875,0.3975,0.3985,0.40075,0.403,0.40075,0.404,0.40375,0.4025,0.4045,0.405,0.407,0.41075,0.4145,0.41575,0.416,0.41825,0.42175,0.4215,0.42075,0.42,0.4205,0.419,0.42025,0.4205,0.4245,0.426,0.42675,0.4255,0.42475,0.42425,0.42675,0.42925,0.42975,0.42675,0.42975,0.43375,0.43425,0.432,0.43625,0.43775,0.438,0.43825,0.43675,0.436,0.4385,0.44025,0.43975,0.442,0.44175,0.441,0.442,0.43775,0.43875,0.43425,0.43375,0.4365,0.43775,0.4385,0.4355,0.432,0.43025,0.42775,0.425,0.42675,0.42725,0.426,0.42675,0.4245,0.4235,0.42025,0.4205,0.41875,0.4195,0.4165,0.4175,0.416,0.41475,0.41275,0.4085,0.40725,0.4035,0.40225,0.40175,0.39725,0.39575,0.392,0.388,0.38725,0.3855,0.38175,0.38025,0.377,0.37475,0.37225,0.37,0.36675,0.36275,0.3615,0.35825,0.35375,0.3515,0.34775,0.3445,0.34175,0.33625,0.33175,0.328,0.3265,0.32275,0.31775,0.31475,0.31275,0.31,0.308,0.30375,0.30125,0.295,0.29125,0.28775,0.28325,0.2815,0.27625,0.27325,0.2685,0.2665,0.2605,0.25625,0.25125,0.249,0.2435,0.24,0.23425,0.2275
0.20325,0.21,0.214,0.21625,0.22,0.224,0.2275,0.231,0.2335,0.23625,0.241,0.24425,0.249,0.25375,0.25825,0.262,0.267,0.27475,0.2755,0.27875,0.28225,0.28375,0.28975,0.29275,0.298,0.30025,0.30125,0.3075,0.30825,0.3135,0.316,0.31925,0.322,0.32475,0.328,0.332,0.3345,0.336,0.336,0.34025,0.34375,0.34575,0.3475,0.349,0.35225,0.355,0.35625,0.36075,0.361,0.36275,0.36425,0.36475,0.37175,0.37275,0.37675,0.3795,0.38175,0.38275,0.38375,0.38625,0.38825,0.3875,0.38925,0.39175,0.3915,0.395,0.398,0.39925,0.40175,0.40175,0.40425,0.404,0.40375,0.4055,0.40375,0.4045,0.40525,0.40775,0.41225,0.41525,0.41825,0.41675,0.418,0.41825,0.4215,0.41975,0.4235,0.421,0.42025,0.42125,0.42375,0.425,0.42825,0.42825,0.42675,0.42625,0.427,0.43025,0.4285,0.42825,0.43075,0.43025,0.4355,0.4355,0.4365,0.43625,0.438,0.43775,0.4395,0.4385,0.43875,0.44125,0.4405,0.43925,0.439,0.4415,0.442,0.44275,0.44125,0.43525,0.43425,0.433,0.43625,0.43925,0.4385,0.43725,0.43525,0.43075,0.43075,0.43125,0.42925,0.4295,0.429,0.428,0.425,0.42525,0.42325,0.422,0.4195,0.419,0.4205,0.41825,0.41775,0.41525,0.41475,0.412,0.40775,0.40625,0.40475,0.402,0.39975,0.397,0.394,0.39075,0.388,0.38725,0.3825,0.379,0.37775,0.37575,0.37375,0.36975,0.36825,0.365,0.35975,0.357,0.354,0.35075,0.34975,0.34625,0.33975,0.3365,0.33175,0.33,0.326,0.32125,0.3205,0.31575,0.31425,0.31,0.307,0.3055,0.3015,0.2965,0.2925,0.29025,0.285,0.282,0.27525,0.27325,0.26975,0.26625,0.26225,0.25825,0.25275,0.248,0.2445,0.241,0.23725,0.22575
0.20325,0.21,0.2145,0.21875,0.221,0.223,0.227,0.2315,0.2355,0.2385,0.242,0.2455,0.2505,0.25525,0.26025,0.2635,0.27,0.27275,0.277,0.28,0.28275,0.28775,0.2915,0.295,0.29775,0.3005,0.30525,0.306,0.31125,0.3155,0.3195,0.321,0.3225,0.32675,0.3285,0.3315,0.33375,0.337,0.3395,0.342,0.3445,0.3465,0.3495,0.351,0.35125,0.355,0.35875,0.35975,0.35875,0.36225,0.36175,0.3675,0.3715,0.37625,0.37675,0.38025,0.38375,0.38525,0.38625,0.38675,0.388,0.38725,0.3885,0.39175,0.395,0.3955,0.4,0.40075,0.40175,0.402,0.40175,0.404,0.40675,0.40675,0.406,0.405,0.40575,0.4105,0.412,0.41525,0.416,0.41925,0.41725,0.416,0.41775,0.42125,0.41975,0.422,0.42,0.423,0.4245,0.42525,0.4275,0.42925,0.42775,0.42875,0.42625,0.429,0.4295,0.42775,0.43425,0.43575,0.43175,0.43525,0.43725,0.43875,0.4385,0.43825,0.4395,0.44025,0.44075,0.43775,0.44025,0.43975,0.44375,0.4425,0.4435,0.4415,0.43975,0.43925,0.4365,0.43675,0.43825,0.43875,0.43625,0.43675,0.436,0.43575,0.43425,0.433,0.43175,0.429,0.428,0.42975,0.42925,0.425,0.426,0.425,0.4215,0.4215,0.42075,0.41925,0.417,0.4165,0.41375,0.4105,0.4095,0.40975,0.406,0.404,0.40125,0.3965,0.39175,0.39325,0.3905,0.38575,0.383,0.379,0.3765,0.37575,0.376,0.3715,0.3675,0.36575,0.362,0.35875,0.355,0.353,0.35,0.3465,0.3415,0.33775,0.33325,0.32975,0.326,0.32425,0.3195,0.319,0.3155,0.311,0.3085,0.30575,0.3005,0.29675,0.29475,0.2905,0.2855,0.2815,0.276,0.2715,0.26675,0.26775,0.2625,0.25875,0.25275,0.248,0.24425,0.2405,0.23725,0.229
0.204,0.21,0.21525,0.218,0.2225,0.2245,0.2285,0.2325,0.2375,0.24,0.24275,0.2475,0.253,0.25675,0.26175,0.26575,0.269,0.2725,0.277,0.282,0.285,0.28825,0.29325,0.293,0.298,0.30425,0.306,0.31,0.31125,0.31725,0.31875,0.32075,0.32475,0.32675,0.3305,0.33075,0.3355,0.33925,0.341,0.34275,0.343,0.346,0.35075,0.35175,0.35125,0.3565,0.3575,0.35725,0.3605,0.36275,0.36575,0.36775,0.37375,0.374,0.37875,0.3825,0.3835,0.386,0.3875,0.388,0.38925,0.391,0.3925,0.39375,0.3955,0.398,0.402,0.40325,0.40175,0.403,0.403,0.404,0.40775,0.4085,0.407,0.40725,0.4085,0.41125,0.411,0.4135,0.4165,0.41825,0.4175,0.415,0.41775,0.41875,0.42025,0.4235,0.423,0.426,0.4245,0.4255,0.42675,0.42775,0.43075,0.4305,0.42925,0.42925,0.42775,0.43025,0.43375,0.43525,0.43625,0.4355,0.4365,0.43925,0.44175,0.43975,0.44375,0.44325,0.44225,0.44325,0.441,0.444,0.442,0.442,0.443,0.44,0.441,0.44175,0.44275,0.441,0.438,0.438,0.435,0.43575,0.4365,0.4375,0.437,0.43425,0.43075,0.43125,0.4295,0.4295,0.4295,0.42725,0.42575,0.42375,0.424,0.42125,0.42125,0.419,0.418,0.4155,0.41375,0.4125,0.41125,0.40925,0.4065,0.404,0.4015,0.39975,0.39525,0.392,0.39075,0.38625,0.38425,0.3805,0.37825,0.374,0.37475,0.37325,0.36925,0.3655,0.3635,0.362,0.35725,0.35425,0.3505,0.348,0.34475,0.3385,0.33325,0.332,0.3275,0.32475,0.32375,0.31925,0.31775,0.312,0.309,0.3045,0.30075,0.2985,0.295,0.29,0.28675,0.2825,0.27675,0.27025,0.26775,0.26675,0.2645,0.259,0.2535,0.24925,0.24525,0.24025,0.23475,0.2305
0.202,0.211,0.21475,0.218,0.2215,0.225,0.22825,0.233,0.2355,0.2425,0.24725,0.2505,0.25575,0.258,0.26425,0.26875,0.271,0.27475,0.27925,0.28575,0.2865,0.29,0.29325,0.298,0.30025,0.30325,0.309,0.3115,0.316,0.31775,0.32025,0.3215,0.324,0.32875,0.32975,0.33225,0.33325,0.33825,0.34125,0.342,0.345,0.346,0.34975,0.353,0.35525,0.3565,0.355,0.36025,0.36225,0.3655,0.36625,0.37175,0.37375,0.37625,0.379,0.38225,0.3845,0.385,0.38825,0.38975,0.39025,0.39075,0.39525,0.39525,0.39725,0.3995,0.404,0.40375,0.404,0.40525,0.407,0.40725,0.409,0.409,0.40875,0.4105,0.4115,0.414,0.41275,0.41325,0.414,0.415,0.41525,0.41775,0.418,0.41825,0.4195,0.42225,0.4245,0.42475,0.425,0.42625,0.426,0.4295,0.429,0.43175,0.43,0.43125,0.4305,0.43325,0.43275,0.435,0.43925,0.4385,0.436,0.438,0.44325,0.442,0.44225,0.443,0.44475,0.44375,0.4435,0.4435,0.44475,0.444,0.44025,0.442,0.4415,0.4425,0.443,0.4435,0.44075,0.43825,0.43575,0.43625,0.43875,0.4365,0.43725,0.43675,0.43425,0.431,0.43225,0.43,0.42975,0.42875,0.42825,0.4265,0.42475,0.42225,0.423,0.42175,0.4195,0.41525,0.41425,0.4125,0.41,0.41075,0.4075,0.40725,0.40325,0.4005,0.398,0.39425,0.389,0.39,0.38525,0.38275,0.3775,0.3755,0.37525,0.374,0.37,0.3665,0.366,0.36225,0.359,0.35375,0.3525,0.34925,0.34425,0.34075,0.33525,0.3315,0.32775,0.3255,0.3245,0.32075,0.31775,0.314,0.3095,0.30625,0.30225,0.2975,0.294,0.28975,0.286,0.281,0.2775,0.273,0.26725,0.2665,0.26325,0.2595,0.25575,0.252,0.24725,0.2395,0.23675,0.2315
0.20175,0.20925,0.215,0.21775,0.2225,0.2255,0.23,0.23325,0.23675,0.24025,0.247,0.2515,0.2575,0.261,0.26425,0.268,0.27225,0.27575,0.28125,0.28375,0.28875,0.292,0.2965,0.3,0.3015,0.30475,0.30825,0.314,0.31725,0.3185,0.321,0.324,0.326,0.3285,0.3305,0.33175,0.33475,0.3375,0.3395,0.34325,0.34575,0.3455,0.3495,0.353,0.35475,0.355,0.35925,0.36,0.3635,0.365,0.36775,0.369,0.3745,0.37775,0.381,0.38125,0.384,0.38525,0.38725,0.39025,0.39125,0.393,0.39475,0.39625,0.40025,0.4005,0.4035,0.4045,0.4055,0.406,0.408,0.40875,0.4075,0.4085,0.41,0.41225,0.41175,0.411,0.41175,0.41325,0.41325,0.411,0.4155,0.4175,0.41925,0.42075,0.42275,0.425,0.425,0.42625,0.428,0.42875,0.42975,0.43025,0.43075,0.431,0.43175,0.4325,0.4345,0.43225,0.43625,0.43625,0.43875,0.44025,0.43975,0.4385,0.44075,0.444,0.443,0.445,0.444,0.44525,0.444,0.445,0.4425,0.4415,0.4405,0.4415,0.44175,0.445,0.44275,0.44175,0.44175,0.4405,0.44075,0.43825,0.4375,0.43675,0.43725,0.43925,0.436,0.43675,0.4325,0.4325,0.4305,0.42875,0.42875,0.43,0.4265,0.425,0.424,0.42225,0.41875,0.41725,0.4155,0.41425,0.412,0.41025,0.412,0.40925,0.40675,0.404,0.399,0.39525,0.3905,0.387,0.386,0.38325,0.38,0.38025,0.378,0.374,0.37125,0.36925,0.36625,0.3635,0.35925,0.35675,0.35225,0.34825,0.34425,0.3405,0.339,0.33425,0.33025,0.32625,0.32275,0.32125,0.31775,0.315,0.30975,0.30625,0.3015,0.29825,0.2945,0.2895,0.286,0.282,0.27925,0.276,0.272,0.2665,0.26425,0.25875,0.25575,0.252,0.2475,0.24175,0.23825,0.23075
0.20325,0.20875,0.21475,0.21875,0.22325,0.22725,0.232,0.23525,0.23775,0.24425,0.249,0.25375,0.25875,0.263,0.26525,0.27,0.27325,0.28025,0.28175,0.285,0.2885,0.2925,0.298,0.30025,0.3035,0.30825,0.31075,0.315,0.3165,0.31975,0.321,0.3245,0.32625,0.329,0.332,0.33075,0.33475,0.336,0.3385,0.34375,0.3455,0.34825,0.35225,0.353,0.35275,0.35725,0.35925,0.36325,0.36225,0.36825,0.371,0.373,0.3745,0.37775,0.3815,0.384,0.383,0.38675,0.3885,0.389,0.3935,0.3945,0.39575,0.398,0.4015,0.40175,0.403,0.4055,0.40725,0.41,0.4095,0.41,0.409,0.41025,0.41325,0.413,0.41475,0.41275,0.4135,0.4135,0.4115,0.41325,0.4135,0.415,0.41975,0.4215,0.423,0.42375,0.4275,0.428,0.42725,0.429,0.43225,0.4305,0.42875,0.4315,0.43375,0.43525,0.43325,0.43525,0.43325,0.436,0.43925,0.43925,0.43875,0.44025,0.4425,0.4415,0.44625,0.44525,0.44375,0.44475,0.4455,0.44625,0.443,0.4415,0.4415,0.44175,0.444,0.445,0.444,0.44275,0.441,0.44125,0.44125,0.43975,0.43875,0.43875,0.43775,0.4375,0.43925,0.43675,0.43625,0.43375,0.43125,0.4295,0.4295,0.429,0.4275,0.425,0.42325,0.4225,0.42,0.4175,0.4165,0.4145,0.4105,0.411,0.41125,0.409,0.4085,0.4045,0.40025,0.39625,0.394,0.3885,0.38525,0.386,0.38375,0.383,0.37575,0.37575,0.3725,0.37025,0.366,0.3635,0.35925,0.35725,0.3525,0.35,0.34425,0.3425,0.33925,0.33725,0.3315,0.328,0.32475,0.3215,0.31675,0.31375,0.311,0.30825,0.303,0.29825,0.29225,0.29,0.28575,0.28525,0.279,0.276,0.27175,0.2685,0.263,0.26,0.255,0.25025,0.248,0.24475,0.24,0.2315
0.20275,0.2095,0.2155,0.21825,0.2265,0.22875,0.23375,0.23725,0.24125,0.2465,0.2505,0.25525,0.26,0.2635,0.26875,0.271,0.27625,0.28,0.284,0.2855,0.29025,0.29325,0.29675,0.3025,0.305,0.30825,0.31125,0.31125,0.3165,0.31875,0.31975,0.32425,0.3275,0.33125,0.331,0.33225,0.3335,0.33775,0.34,0.34175,0.34275,0.348,0.3525,0.35425,0.35725,0.35775,0.35975,0.364,0.36625,0.36925,0.372,0.373,0.376,0.37725,0.38225,0.3825,0.386,0.3865,0.3885,0.39125,0.39425,0.39625,0.397,0.39775,0.3995,0.401,0.40375,0.4045,0.4095,0.408,0.40825,0.40975,0.4115,0.413,0.412,0.412,0.4135,0.414,0.4135,0.4095,0.411,0.4105,0.4115,0.4165,0.418,0.42175,0.4225,0.425,0.42325,0.427,0.427,0.43075,0.432,0.42925,0.4305,0.4325,0.436,0.43475,0.43525,0.4385,0.439,0.438,0.4385,0.43875,0.4415,0.44325,0.44275,0.4425,0.44525,0.44775,0.4465,0.4465,0.4465,0.44375,0.44375,0.443,0.4415,0.44275,0.4435,0.44325,0.4415,0.44175,0.44075,0.4425,0.43925,0.4365,0.4415,0.43975,0.43825,0.438,0.43875,0.4395,0.438,0.4345,0.43275,0.4345,0.43125,0.42875,0.42775,0.42875,0.42475,0.42375,0.4205,0.41675,0.41725,0.414,0.415,0.4105,0.4125,0.41,0.40925,0.4045,0.401,0.39825,0.39625,0.39,0.38825,0.3865,0.386,0.3815,0.381,0.3775,0.3725,0.36875,0.36625,0.36275,0.3595,0.356,0.35225,0.35,0.34625,0.34175,0.339,0.33775,0.3335,0.32975,0.3265,0.32175,0.31825,0.31575,0.31175,0.30925,0.305,0.29925,0.29375,0.29075,0.28825,0.285,0.28025,0.276,0.272,0.2685,0.2645,0.25825,0.25475,0.2525,0.249,0.2435,0.24025,0.2325
0.2015,0.2115,0.21575,0.221,0.226,0.2325,0.23275,0.2375,0.2435,0.247,0.25275,0.25525,0.25975,0.26525,0.269,0.27325,0.27725,0.28125,0.28325,0.28775,0.28925,0.2925,0.2975,0.302,0.3045,0.30825,0.3085,0.31325,0.31575,0.3195,0.32,0.32375,0.32775,0.33,0.3325,0.33175,0.33425,0.33925,0.34225,0.3445,0.3445,0.34775,0.3515,0.357,0.3575,0.3605,0.3615,0.3655,0.3655,0.3705,0.37225,0.375,0.37725,0.37975,0.3795,0.3835,0.386,0.3865,0.3875,0.3895,0.3945,0.39675,0.39775,0.4,0.399,0.40025,0.4035,0.40575,0.40625,0.40775,0.41025,0.4135,0.41475,0.41475,0.4135,0.4135,0.4135,0.413,0.41325,0.4125,0.414,0.415,0.413,0.4155,0.4185,0.41825,0.42325,0.42425,0.42325,0.42325,0.427,0.4305,0.4315,0.43275,0.43225,0.43175,0.433,0.43475,0.4335,0.43575,0.43625,0.44,0.43825,0.44025,0.44075,0.441,0.44325,0.44525,0.446,0.44575,0.44775,0.44725,0.444,0.44625,0.44375,0.445,0.4435,0.4425,0.44325,0.44225,0.44225,0.4415,0.4425,0.44225,0.4415,0.442,0.44025,0.43975,0.43975,0.4405,0.43825,0.43925,0.43975,0.43775,0.4365,0.4325,0.4315,0.427,0.427,0.4245,0.42625,0.42325,0.423,0.41975,0.416,0.4155,0.413,0.41425,0.41,0.41175,0.4085,0.407,0.40275,0.39925,0.399,0.395,0.3905,0.388,0.3845,0.38375,0.3815,0.37775,0.37425,0.3705,0.3655,0.36325,0.35975,0.35775,0.35325,0.35075,0.34675,0.34225,0.341,0.337,0.334,0.33225,0.32825,0.324,0.32,0.3155,0.3135,0.30725,0.305,0.30075,0.294,0.2925,0.2885,0.284,0.28075,0.27525,0.272,0.26875,0.2645,0.2595,0.25425,0.253,0.25025,0.24325,0.23975,0.23125
0.207,0.21325,0.217,0.2205,0.2265,0.23025,0.2345,0.239,0.2435,0.2495,0.2535,0.25775,0.26025,0.26375,0.27075,0.27575,0.279,0.2815,0.28325,0.28875,0.29275,0.29525,0.2975,0.30175,0.30625,0.308,0.31125,0.3135,0.3165,0.319,0.32125,0.32325,0.32875,0.33075,0.33125,0.3335,0.33675,0.34,0.343,0.34725,0.348,0.34975,0.354,0.3565,0.35825,0.3605,0.36325,0.365,0.36725,0.37075,0.37375,0.37475,0.37725,0.38,0.38,0.382,0.38475,0.3895,0.39025,0.39,0.39475,0.39675,0.39875,0.39975,0.40125,0.4025,0.404,0.40575,0.40725,0.407,0.4115,0.4145,0.415,0.41475,0.41625,0.41525,0.4155,0.41325,0.41675,0.4155,0.417,0.41775,0.41375,0.418,0.41625,0.41825,0.4225,0.42275,0.425,0.42425,0.4265,0.4295,0.431,0.4345,0.43625,0.4355,0.43675,0.43725,0.43875,0.4375,0.4395,0.441,0.44025,0.4405,0.43925,0.44325,0.444,0.44475,0.4455,0.4455,0.44625,0.44625,0.4455,0.44475,0.44625,0.44675,0.44575,0.441,0.44,0.44025,0.44175,0.444,0.4425,0.444,0.443,0.4425,0.442,0.44025,0.4415,0.44075,0.441,0.43975,0.4395,0.44075,0.43675,0.43525,0.4325,0.43075,0.426,0.42525,0.42725,0.425,0.42375,0.42075,0.4195,0.41725,0.41725,0.414,0.41325,0.40725,0.4075,0.405,0.40525,0.39925,0.39875,0.39775,0.39575,0.3905,0.3885,0.3855,0.38325,0.3785,0.376,0.37175,0.367,0.3635,0.3595,0.35625,0.35425,0.34925,0.3485,0.34575,0.342,0.33925,0.3365,0.33375,0.329,0.32425,0.32175,0.318,0.31175,0.30875,0.30675,0.29975,0.29625,0.2925,0.2885,0.28375,0.27925,0.27525,0.2715,0.26925,0.2635,0.25925,0.25575,0.2535,0.2485,0.24325,0.239,0.229
0.20575,0.21375,0.218,0.222,0.22575,0.231,0.2355,0.24075,0.24525,0.251,0.25475,0.25825,0.261,0.26525,0.27025,0.276,0.28,0.282,0.2855,0.28825,0.292,0.29775,0.30125,0.30375,0.30425,0.3105,0.3135,0.31525,0.3165,0.317,0.32175,0.32475,0.3275,0.3305,0.333,0.3355,0.33875,0.34125,0.3435,0.34725,0.34825,0.3505,0.354,0.3565,0.36,0.3625,0.36425,0.3645,0.369,0.3705,0.37175,0.3755,0.3775,0.37975,0.3825,0.3805,0.38525,0.3895,0.38925,0.39225,0.394,0.39675,0.398,0.39825,0.401,0.40525,0.40525,0.40675,0.4085,0.41175,0.413,0.41525,0.41675,0.41725,0.41625,0.41925,0.4165,0.41275,0.4145,0.41725,0.41675,0.4165,0.41925,0.4185,0.41925,0.4195,0.42075,0.4245,0.42575,0.427,0.4285,0.43025,0.4335,0.43475,0.4345,0.438,0.43725,0.44,0.439,0.4385,0.43925,0.44125,0.442,0.43975,0.4405,0.441,0.443,0.4415,0.44475,0.44575,0.444,0.4445,0.4465,0.44575,0.4465,0.445,0.44325,0.444,0.44175,0.441,0.44375,0.44325,0.44225,0.44325,0.44475,0.44175,0.444,0.4425,0.4405,0.43925,0.43825,0.43875,0.43925,0.4385,0.43975,0.4355,0.433,0.427,0.42775,0.42725,0.425,0.4255,0.4235,0.42275,0.4195,0.419,0.4165,0.4135,0.41225,0.4105,0.405,0.4045,0.40275,0.404,0.401,0.39875,0.3955,0.392,0.3905,0.387,0.3845,0.37975,0.375,0.3705,0.36675,0.36475,0.35975,0.356,0.35325,0.35125,0.35,0.34675,0.344,0.33975,0.33775,0.33375,0.3305,0.325,0.322,0.318,0.3145,0.3075,0.304,0.30225,0.296,0.29375,0.288,0.284,0.2795,0.277,0.2725,0.268,0.266,0.26075,0.2595,0.25475,0.248,0.243,0.23875,0.2315
0.20625,0.21375,0.219,0.22325,0.22625,0.2315,0.23675,0.24225,0.24725,0.2505,0.256,0.25875,0.26475,0.26725,0.272,0.276,0.28,0.283,0.28525,0.28975,0.2925,0.29775,0.30225,0.30175,0.3055,0.309,0.31275,0.3155,0.317,0.31825,0.32175,0.3235,0.32475,0.32875,0.333,0.336,0.3385,0.3415,0.344,0.34575,0.34775,0.34975,0.3565,0.358,0.3625,0.36375,0.36525,0.36525,0.3695,0.36925,0.373,0.374,0.37825,0.3785,0.3815,0.38325,0.384,0.38875,0.39325,0.39525,0.39625,0.3965,0.39625,0.39875,0.401,0.404,0.4045,0.4065,0.4105,0.4125,0.412,0.41225,0.4145,0.41575,0.418,0.41675,0.41575,0.4155,0.41625,0.41675,0.41875,0.42025,0.42075,0.4215,0.421,0.4195,0.4195,0.4235,0.4265,0.42525,0.42625,0.43025,0.43325,0.4325,0.43675,0.437,0.43875,0.44075,0.43875,0.43975,0.44225,0.4415,0.4425,0.441,0.44075,0.4425,0.44175,0.443,0.44325,0.44275,0.4435,0.444,0.446,0.44825,0.44675,0.44425,0.44475,0.445,0.4455,0.444,0.44275,0.444,0.44325,0.443,0.444,0.44425,0.444,0.4425,0.4425,0.43825,0.44125,0.43925,0.4395,0.438,0.43725,0.435,0.434,0.4315,0.43075,0.42825,0.42525,0.42175,0.4235,0.4235,0.42025,0.41775,0.41825,0.4125,0.41075,0.40875,0.40825,0.40525,0.40525,0.4025,0.4045,0.39875,0.3975,0.39425,0.39175,0.38675,0.38375,0.3785,0.3765,0.37275,0.36825,0.36475,0.36325,0.3565,0.35475,0.35325,0.35025,0.347,0.346,0.34225,0.338,0.33425,0.33075,0.3265,0.3225,0.31925,0.31325,0.30675,0.30275,0.29925,0.298,0.29325,0.288,0.28325,0.28,0.2755,0.272,0.26975,0.264,0.26275,0.25975,0.254,0.2485,0.24275,0.239,0.2315
0.20675,0.21475,0.219,0.224,0.22725,0.2325,0.23775,0.24325,0.24775,0.25125,0.25425,0.26075,0.26425,0.26725,0.271,0.27475,0.2795,0.284,0.2885,0.2905,0.29425,0.29675,0.29975,0.3045,0.30775,0.30875,0.3125,0.31525,0.3185,0.31875,0.32275,0.32575,0.32475,0.331,0.33325,0.337,0.33975,0.34175,0.34375,0.34575,0.3485,0.35275,0.3545,0.358,0.35975,0.36375,0.36525,0.3665,0.369,0.3715,0.37375,0.3755,0.37825,0.381,0.38325,0.38325,0.3855,0.3895,0.391,0.395,0.3945,0.39725,0.3955,0.3995,0.40275,0.4035,0.403,0.409,0.40875,0.413,0.4135,0.412,0.41375,0.4135,0.416,0.4155,0.4165,0.41625,0.417,0.419,0.42,0.42225,0.42225,0.42075,0.4195,0.4195,0.42025,0.423,0.42425,0.42625,0.42875,0.43175,0.4315,0.43275,0.4345,0.43725,0.4395,0.43875,0.442,0.44075,0.44325,0.44325,0.44425,0.444,0.44425,0.4435,0.44175,0.44275,0.4405,0.44275,0.444,0.4445,0.44675,0.448,0.4455,0.44675,0.44325,0.44225,0.445,0.4445,0.443,0.443,0.445,0.44525,0.44475,0.44375,0.44525,0.444,0.44175,0.44025,0.441,0.4405,0.44025,0.4395,0.4365,0.43375,0.4365,0.4345,0.431,0.42925,0.4255,0.42325,0.4225,0.42325,0.42,0.4175,0.415,0.415,0.41125,0.41025,0.408,0.40825,0.40525,0.404,0.39975,0.39925,0.39825,0.39625,0.39125,0.386,0.38275,0.3805,0.3775,0.3735,0.371,0.366,0.363,0.3605,0.35425,0.354,0.35125,0.35,0.3445,0.34175,0.34,0.33675,0.33275,0.3285,0.32375,0.3215,0.313,0.30775,0.3035,0.3,0.29725,0.29275,0.28875,0.2855,0.28,0.2755,0.27325,0.26975,0.26525,0.26275,0.25825,0.2535,0.24875,0.24375,0.23925,0.2305
0.2065,0.214,0.2205,0.225,0.229,0.2355,0.23875,0.24225,0.24575,0.2505,0.25575,0.259,0.2645,0.26925,0.27125,0.2755,0.27925,0.28325,0.2875,0.293,0.29625,0.29725,0.30125,0.3045,0.30775,0.3095,0.31125,0.31625,0.3205,0.32,0.32325,0.326,0.327,0.329,0.333,0.338,0.3415,0.3415,0.345,0.3475,0.3515,0.35325,0.357,0.3585,0.36225,0.364,0.36475,0.36725,0.37,0.37175,0.375,0.376,0.37825,0.37925,0.3835,0.38375,0.387,0.38975,0.39225,0.3935,0.3965,0.3955,0.3995,0.40025,0.40275,0.4035,0.406,0.40925,0.4095,0.41175,0.4135,0.41325,0.41275,0.413,0.4155,0.41275,0.4155,0.41675,0.41675,0.42125,0.4205,0.42225,0.42225,0.42075,0.4215,0.42375,0.42325,0.42175,0.42225,0.42575,0.43025,0.43125,0.43275,0.43275,0.435,0.43525,0.44075,0.4395,0.441,0.4425,0.446,0.444,0.44475,0.4445,0.44325,0.44475,0.445,0.43975,0.443,0.443,0.4435,0.44475,0.4465,0.444,0.4435,0.44375,0.44275,0.4455,0.44425,0.44525,0.445,0.4435,0.44425,0.44325,0.44175,0.44175,0.44475,0.445,0.44175,0.4425,0.44175,0.4375,0.44,0.4365,0.4355,0.435,0.4355,0.43275,0.4315,0.4285,0.42625,0.42225,0.4205,0.421,0.42025,0.4185,0.4165,0.4145,0.412,0.4085,0.40925,0.40625,0.40675,0.4015,0.40225,0.39875,0.39875,0.39375,0.39125,0.387,0.38525,0.381,0.38025,0.375,0.37275,0.366,0.363,0.362,0.36025,0.3555,0.3535,0.34975,0.3465,0.3415,0.34,0.3365,0.33175,0.32875,0.32425,0.31925,0.3155,0.30825,0.30325,0.30025,0.29575,0.2935,0.2885,0.28425,0.282,0.276,0.2725,0.2715,0.2685,0.26325,0.25775,0.25275,0.248,0.24525,0.24125,0.23125
0.2075,0.21625,0.21975,0.22675,0.2305,0.23625,0.24,0.2415,0.24775,0.25225,0.25575,0.261,0.26475,0.26925,0.27325,0.27475,0.2795,0.28325,0.287,0.2935,0.2975,0.29775,0.30175,0.3045,0.30675,0.3095,0.31175,0.3155,0.3195,0.32075,0.32175,0.32625,0.329,0.33175,0.3335,0.33775,0.34,0.3435,0.3465,0.351,0.35275,0.35675,0.3585,0.35875,0.36175,0.36475,0.36575,0.3695,0.371,0.37075,0.37375,0.37725,0.37925,0.37925,0.38175,0.38625,0.387,0.39275,0.3925,0.39325,0.39375,0.396,0.39775,0.4015,0.40425,0.40725,0.40925,0.40875,0.41,0.4085,0.40975,0.411,0.411,0.41425,0.412,0.41325,0.416,0.41875,0.42,0.4225,0.42325,0.42225,0.42175,0.42275,0.42525,0.424,0.4225,0.42475,0.424,0.4285,0.428,0.42875,0.43025,0.43225,0.43525,0.43625,0.43925,0.44325,0.44325,0.44325,0.44475,0.445,0.4435,0.44525,0.44525,0.44675,0.4415,0.444,0.4425,0.443,0.442,0.44275,0.4435,0.4435,0.44375,0.444,0.4455,0.4455,0.44575,0.44375,0.44425,0.445,0.44375,0.44225,0.44425,0.44325,0.44375,0.4435,0.4455,0.44375,0.44175,0.44275,0.4405,0.43775,0.435,0.43375,0.43325,0.432,0.43,0.42925,0.4265,0.4245,0.422,0.42175,0.418,0.418,0.41575,0.41375,0.41225,0.41225,0.409,0.40825,0.406,0.4035,0.402,0.40125,0.3985,0.394,0.3915,0.38775,0.38575,0.3795,0.37775,0.375,0.37075,0.36775,0.36475,0.36375,0.3605,0.356,0.35225,0.35025,0.34675,0.344,0.3405,0.336,0.3335,0.3265,0.323,0.31975,0.3135,0.3095,0.30375,0.29975,0.296,0.29275,0.28775,0.285,0.2815,0.27875,0.2735,0.2705,0.26625,0.26225,0.258,0.252,0.24925,0.24375,0.23975,0.23275
0.2095,0.21475,0.222,0.22625,0.23175,0.23675,0.23925,0.24425,0.25025,0.2535,0.2575,0.26175,0.26675,0.271,0.272,0.27675,0.28,0.28625,0.288,0.29175,0.29675,0.3,0.3015,0.30525,0.308,0.31125,0.31175,0.3135,0.3195,0.3215,0.32375,0.3265,0.3305,0.3345,0.33625,0.338,0.34125,0.3415,0.3475,0.3515,0.3535,0.35675,0.35925,0.3595,0.362,0.36575,0.3665,0.36675,0.3705,0.3725,0.37625,0.378,0.3795,0.37975,0.38575,0.387,0.3905,0.3915,0.39275,0.39325,0.39525,0.39725,0.39725,0.40175,0.40475,0.40875,0.40925,0.4075,0.40725,0.40825,0.40975,0.409,0.41175,0.413,0.413,0.416,0.418,0.4215,0.41925,0.42275,0.422,0.421,0.42325,0.4235,0.424,0.424,0.424,0.4295,0.42825,0.426,0.42825,0.4285,0.42825,0.4315,0.43475,0.43575,0.43725,0.4425,0.44525,0.4445,0.44625,0.446,0.44425,0.44425,0.4465,0.442,0.44475,0.446,0.44525,0.443,0.444,0.442,0.443,0.4415,0.44425,0.44425,0.4455,0.44625,0.4445,0.44575,0.442,0.44375,0.4455,0.44375,0.44325,0.4445,0.44475,0.44625,0.44625,0.444,0.4415,0.43975,0.4415,0.439,0.43725,0.43525,0.433,0.43225,0.4325,0.42975,0.42775,0.4255,0.4235,0.41875,0.41975,0.41625,0.41725,0.415,0.4145,0.41275,0.4105,0.407,0.4055,0.40325,0.403,0.40075,0.397,0.3945,0.39175,0.38975,0.3865,0.38225,0.37725,0.37425,0.3695,0.36575,0.367,0.3635,0.35975,0.35625,0.3535,0.34875,0.34725,0.34225,0.34125,0.3355,0.33275,0.32925,0.32425,0.31925,0.314,0.30925,0.307,0.301,0.298,0.29225,0.287,0.28575,0.2835,0.2805,0.27525,0.2715,0.264,0.2615,0.256,0.253,0.24875,0.244,0.2385,0.2315
0.20825,0.21575,0.223,0.22725,0.231,0.23675,0.23825,0.24625,0.2495,0.25275,0.257,0.263,0.2675,0.272,0.27325,0.27575,0.279,0.28525,0.2885,0.292,0.29575,0.29825,0.3015,0.30575,0.308,0.30975,0.313,0.316,0.31875,0.3215,0.3235,0.3285,0.3325,0.33425,0.33375,0.339,0.33975,0.34525,0.34825,0.3525,0.353,0.354,0.3585,0.35975,0.36225,0.36525,0.36675,0.36725,0.36925,0.3725,0.37825,0.3775,0.381,0.3845,0.38625,0.3885,0.39075,0.3905,0.392,0.392,0.395,0.3955,0.3975,0.40225,0.40625,0.40825,0.407,0.40675,0.4085,0.4085,0.40725,0.41075,0.41025,0.41,0.414,0.41325,0.41625,0.42025,0.42325,0.42325,0.42325,0.42375,0.42425,0.42425,0.424,0.42475,0.42725,0.42825,0.42925,0.42725,0.42625,0.4295,0.43025,0.43375,0.43575,0.437,0.436,0.438,0.442,0.4445,0.44625,0.4425,0.4425,0.44725,0.445,0.4455,0.4435,0.4455,0.4445,0.4435,0.44275,0.44275,0.444,0.4425,0.4405,0.44375,0.44325,0.44425,0.44525,0.44175,0.445,0.444,0.44375,0.44425,0.4435,0.443,0.4445,0.4435,0.44375,0.4435,0.4425,0.43925,0.438,0.43975,0.43725,0.43675,0.4315,0.43225,0.429,0.42825,0.4285,0.42475,0.42275,0.42225,0.41875,0.41775,0.415,0.417,0.416,0.413,0.40975,0.4075,0.40625,0.4055,0.40075,0.39875,0.39575,0.39125,0.39025,0.386,0.384,0.38125,0.37825,0.37525,0.37225,0.36875,0.3645,0.36375,0.361,0.3575,0.355,0.34975,0.3465,0.34275,0.3395,0.33575,0.33,0.33075,0.3245,0.32025,0.3145,0.31025,0.3055,0.3035,0.2975,0.29275,0.28925,0.28575,0.2835,0.2795,0.2765,0.2725,0.2645,0.261,0.25725,0.25375,0.248,0.24375,0.239,0.23175
0.20975,0.21825,0.22625,0.2285,0.23225,0.23775,0.24275,0.24475,0.25025,0.254,0.25675,0.26325,0.26675,0.2715,0.27375,0.27825,0.2805,0.28375,0.288,0.29175,0.29525,0.29775,0.30225,0.306,0.3075,0.30975,0.311,0.316,0.32075,0.3215,0.32525,0.3295,0.331,0.3325,0.33625,0.338,0.3445,0.344,0.34925,0.3525,0.354,0.356,0.35925,0.3635,0.3635,0.3635,0.3675,0.3675,0.3705,0.37375,0.37525,0.37925,0.38325,0.38525,0.38675,0.38875,0.38925,0.3885,0.3945,0.39225,0.3955,0.3955,0.39975,0.4025,0.4045,0.405,0.404,0.40575,0.40675,0.40725,0.408,0.4105,0.413,0.41175,0.41175,0.41525,0.41775,0.419,0.4205,0.42325,0.42575,0.4265,0.42625,0.42525,0.42675,0.42725,0.4285,0.428,0.42775,0.428,0.42675,0.42625,0.432,0.43225,0.4355,0.43425,0.43575,0.43825,0.441,0.44275,0.444,0.44325,0.44425,0.444,0.44575,0.4465,0.447,0.44525,0.4445,0.44375,0.44125,0.4425,0.444,0.44375,0.4425,0.4405,0.442,0.44125,0.44375,0.4435,0.4425,0.44275,0.4435,0.44475,0.4445,0.4445,0.441,0.44225,0.44375,0.442,0.4405,0.44125,0.43975,0.4365,0.437,0.436,0.435,0.43,0.43025,0.42825,0.42525,0.42375,0.4225,0.4225,0.42125,0.41725,0.41725,0.4155,0.41475,0.4135,0.41025,0.412,0.40675,0.40525,0.40125,0.39925,0.3965,0.3915,0.39,0.38675,0.38575,0.3815,0.37775,0.37575,0.3715,0.36925,0.3645,0.3625,0.361,0.358,0.3535,0.3515,0.34775,0.34425,0.33925,0.33425,0.33275,0.32875,0.3265,0.32,0.3155,0.31,0.30625,0.30125,0.29825,0.29275,0.291,0.28775,0.284,0.2805,0.2755,0.27075,0.26625,0.26275,0.25775,0.25175,0.24875,0.24225,0.2385,0.2315
0.21025,0.22075,0.226,0.22975,0.23225,0.23875,0.24275,0.24725,0.25125,0.25375,0.2605,0.2625,0.26675,0.2705,0.27525,0.2795,0.28225,0.28475,0.28875,0.29175,0.29525,0.29875,0.3025,0.307,0.30775,0.31075,0.3125,0.31675,0.3195,0.32275,0.3245,0.33025,0.3305,0.3335,0.33575,0.34175,0.342,0.34675,0.349,0.3515,0.35425,0.35825,0.36075,0.362,0.3645,0.36525,0.36475,0.369,0.3725,0.3735,0.37575,0.38075,0.38425,0.3865,0.387,0.3885,0.3905,0.3915,0.39225,0.39325,0.39575,0.39975,0.40075,0.40525,0.40075,0.404,0.404,0.40625,0.40525,0.40775,0.409,0.41025,0.4145,0.413,0.41375,0.41425,0.41725,0.418,0.41925,0.42075,0.42525,0.42625,0.4265,0.4275,0.43025,0.4285,0.429,0.4285,0.42775,0.4295,0.43125,0.43225,0.43075,0.43,0.43375,0.43325,0.4375,0.43825,0.4395,0.43825,0.4425,0.44425,0.44375,0.44475,0.443,0.4435,0.4455,0.44425,0.44225,0.446,0.4435,0.444,0.44275,0.445,0.4425,0.4415,0.443,0.44275,0.443,0.444,0.44375,0.44375,0.44525,0.445,0.4465,0.44475,0.441,0.44125,0.443,0.4415,0.44225,0.4405,0.43775,0.43475,0.43625,0.4365,0.4325,0.4325,0.42925,0.42675,0.4265,0.4245,0.42325,0.42425,0.42075,0.4195,0.41725,0.416,0.413,0.41175,0.4125,0.40975,0.40725,0.405,0.4015,0.3975,0.396,0.39375,0.39125,0.38725,0.384,0.3825,0.37925,0.37525,0.37325,0.3685,0.36625,0.36325,0.35975,0.35575,0.3535,0.35075,0.347,0.3425,0.33725,0.33375,0.32925,0.329,0.32525,0.32275,0.31575,0.312,0.3085,0.30275,0.2985,0.296,0.2905,0.28775,0.2855,0.27825,0.2745,0.26925,0.26675,0.2615,0.255,0.25225,0.2475,0.242,0.2355,0.23
0.21175,0.221,0.22675,0.23,0.2355,0.24025,0.24425,0.24675,0.25275,0.257,0.26025,0.26275,0.26525,0.27125,0.2745,0.27775,0.282,0.28725,0.29,0.294,0.29575,0.29975,0.303,0.303,0.3075,0.31075,0.313,0.3175,0.32075,0.32525,0.3275,0.328,0.33375,0.33425,0.3385,0.34175,0.3445,0.347,0.3505,0.35075,0.355,0.35625,0.361,0.36225,0.36425,0.367,0.3655,0.36975,0.37325,0.376,0.37825,0.38075,0.38375,0.38575,0.38725,0.38925,0.39175,0.38875,0.39425,0.39325,0.3995,0.39975,0.402,0.403,0.4035,0.402,0.4035,0.40525,0.406,0.405,0.406,0.4115,0.41025,0.4155,0.41425,0.41625,0.415,0.41925,0.42075,0.42275,0.42525,0.42475,0.42325,0.428,0.43075,0.4305,0.42925,0.42775,0.43075,0.43175,0.4335,0.43325,0.42975,0.42975,0.43075,0.43525,0.43725,0.43625,0.43825,0.43825,0.43925,0.43975,0.4425,0.44425,0.445,0.44425,0.44625,0.44275,0.4455,0.44325,0.446,0.447,0.44375,0.44475,0.44425,0.4455,0.44475,0.445,0.445,0.44375,0.44425,0.446,0.4465,0.44825,0.44825,0.4455,0.445,0.4425,0.441,0.44,0.4395,0.44025,0.43925,0.4375,0.438,0.43475,0.43375,0.4325,0.4305,0.42675,0.427,0.4225,0.42475,0.422,0.42275,0.4195,0.41825,0.4145,0.4095,0.4115,0.41275,0.40925,0.4075,0.40625,0.402,0.3975,0.3965,0.39275,0.389,0.3855,0.384,0.38175,0.37925,0.375,0.373,0.37025,0.36575,0.36375,0.36025,0.35625,0.353,0.35125,0.34775,0.3425,0.33925,0.33425,0.3315,0.3275,0.3255,0.32025,0.31725,0.312,0.3075,0.302,0.3005,0.29525,0.2925,0.28825,0.28275,0.27875,0.27275,0.2695,0.265,0.25975,0.2565,0.25,0.247,0.24125,0.23675,0.23025
0.21225,0.21875,0.2275,0.23125,0.236,0.23875,0.24475,0.249,0.25225,0.25625,0.26025,0.26275,0.2675,0.2715,0.27525,0.28025,0.2825,0.288,0.2905,0.2945,0.2975,0.29925,0.3005,0.3055,0.306,0.30925,0.31425,0.31725,0.32175,0.325,0.3265,0.33125,0.33125,0.336,0.339,0.344,0.345,0.34825,0.3505,0.35375,0.3535,0.3565,0.35925,0.36125,0.36275,0.36475,0.3665,0.36975,0.37225,0.377,0.37875,0.3815,0.3845,0.387,0.3875,0.38975,0.3925,0.39175,0.39225,0.396,0.39875,0.40075,0.401,0.40275,0.402,0.403,0.4015,0.40675,0.40675,0.4065,0.407,0.4075,0.41075,0.4115,0.4165,0.41475,0.41575,0.4165,0.41925,0.422,0.42275,0.42575,0.429,0.4285,0.427,0.42975,0.42925,0.43,0.431,0.43325,0.43375,0.43325,0.4315,0.4305,0.433,0.433,0.436,0.4355,0.437,0.4375,0.43625,0.43925,0.43925,0.4435,0.44675,0.44625,0.44375,0.446,0.44675,0.44525,0.4435,0.44575,0.4465,0.44525,0.44525,0.44475,0.446,0.44425,0.4455,0.44675,0.44625,0.44575,0.44725,0.44625,0.44625,0.44525,0.4445,0.4445,0.44225,0.44,0.44,0.43925,0.4395,0.43825,0.4375,0.43325,0.434,0.431,0.42825,0.42825,0.4245,0.4235,0.424,0.42425,0.42275,0.42025,0.4185,0.41275,0.41325,0.41075,0.4105,0.40775,0.4065,0.4035,0.40075,0.39875,0.39425,0.38975,0.39,0.38625,0.38175,0.384,0.37875,0.37675,0.37425,0.37025,0.367,0.362,0.359,0.35875,0.353,0.3515,0.34525,0.34175,0.33675,0.33625,0.332,0.327,0.32275,0.3205,0.31675,0.3115,0.309,0.3045,0.3015,0.298,0.29175,0.287,0.282,0.27625,0.27375,0.2695,0.26375,0.2605,0.25525,0.24875,0.24575,0.2415,0.23475,0.2305
0.21175,0.21825,0.2265,0.2315,0.23725,0.24025,0.24525,0.25,0.253,0.25775,0.26125,0.2655,0.26725,0.27025,0.27425,0.27875,0.285,0.2875,0.2905,0.2945,0.29675,0.29775,0.3005,0.3035,0.308,0.31,0.31375,0.31825,0.32225,0.3235,0.3285,0.32925,0.33375,0.3355,0.341,0.34325,0.34675,0.348,0.35,0.3525,0.3555,0.3555,0.359,0.361,0.363,0.36425,0.367,0.36925,0.374,0.376,0.38,0.38375,0.3835,0.385,0.387,0.38975,0.39125,0.39025,0.393,0.3955,0.399,0.39875,0.399,0.39875,0.401,0.40225,0.4055,0.40375,0.40775,0.40875,0.4085,0.41025,0.412,0.41425,0.41225,0.41475,0.4175,0.4175,0.41825,0.42075,0.423,0.425,0.428,0.427,0.42825,0.42925,0.43075,0.4315,0.43175,0.43425,0.43375,0.435,0.4335,0.43425,0.434,0.436,0.43375,0.4355,0.4355,0.43325,0.43675,0.435,0.4405,0.442,0.44675,0.44525,0.445,0.4435,0.4455,0.4425,0.44575,0.44175,0.444,0.445,0.44375,0.44575,0.44525,0.4445,0.447,0.44425,0.44525,0.448,0.4475,0.448,0.44675,0.44375,0.44375,0.4445,0.44575,0.439,0.4395,0.44225,0.4385,0.4365,0.43675,0.43475,0.43125,0.42925,0.42675,0.428,0.42675,0.42375,0.42375,0.42325,0.4225,0.421,0.4175,0.41575,0.411,0.4105,0.40825,0.40625,0.40425,0.40275,0.3985,0.39625,0.39475,0.38975,0.3875,0.38575,0.38425,0.3825,0.3785,0.37775,0.3765,0.37,0.3665,0.3635,0.36,0.35475,0.35625,0.34975,0.347,0.34025,0.33675,0.334,0.3305,0.32675,0.32275,0.31925,0.31625,0.31225,0.3105,0.30675,0.30125,0.297,0.29175,0.286,0.28175,0.2775,0.27175,0.267,0.26325,0.25875,0.25425,0.25,0.246,0.23975,0.2345,0.2285
0.213,0.2205,0.22625,0.23175,0.23775,0.2415,0.2475,0.2515,0.25425,0.257,0.262,0.26675,0.26725,0.2715,0.27575,0.2795,0.28175,0.28825,0.28875,0.293,0.29475,0.297,0.29975,0.30375,0.30675,0.31075,0.313,0.31775,0.3215,0.32475,0.32675,0.332,0.33325,0.337,0.338,0.34475,0.3445,0.3495,0.35275,0.35375,0.35525,0.35675,0.355,0.36025,0.364,0.366,0.368,0.372,0.37475,0.37775,0.37975,0.383,0.3845,0.38575,0.38675,0.3855,0.38925,0.3925,0.39475,0.39575,0.396,0.3995,0.39925,0.40025,0.39925,0.40125,0.4025,0.4035,0.40575,0.40825,0.40725,0.4085,0.4115,0.4125,0.4115,0.41575,0.418,0.41925,0.419,0.42125,0.42375,0.4245,0.42675,0.428,0.429,0.4305,0.433,0.4315,0.433,0.4335,0.4345,0.43275,0.4335,0.4345,0.43425,0.432,0.43475,0.43275,0.431,0.435,0.4345,0.43775,0.4395,0.4425,0.4425,0.4455,0.444,0.444,0.445,0.446,0.44525,0.44625,0.44725,0.446,0.44775,0.444,0.44525,0.44575,0.44525,0.445,0.44625,0.44775,0.44525,0.44475,0.4495,0.44525,0.44575,0.44325,0.44125,0.44,0.43875,0.4365,0.43525,0.4335,0.4345,0.4345,0.4325,0.42825,0.42875,0.42925,0.426,0.42625,0.4215,0.42175,0.422,0.41925,0.4195,0.4145,0.41225,0.40975,0.40875,0.40475,0.402,0.40125,0.39725,0.396,0.3925,0.3905,0.38675,0.3865,0.38375,0.384,0.38,0.3785,0.37225,0.3725,0.368,0.36425,0.36025,0.35725,0.35275,0.35175,0.3435,0.341,0.336,0.33425,0.33075,0.32775,0.32475,0.31975,0.3165,0.314,0.3105,0.30675,0.3015,0.29525,0.2895,0.28525,0.28175,0.2765,0.27175,0.2665,0.26175,0.25675,0.255,0.252,0.245,0.24275,0.2355,0.229
0.21725,0.221,0.2275,0.23275,0.23825,0.2435,0.24725,0.252,0.25225,0.2575,0.26275,0.266,0.2705,0.273,0.276,0.2795,0.2835,0.28625,0.29125,0.29125,0.2935,0.297,0.30125,0.30325,0.30575,0.31075,0.3145,0.31625,0.32,0.3235,0.32875,0.33125,0.33575,0.33625,0.3405,0.341,0.3485,0.3495,0.35225,0.355,0.355,0.358,0.3585,0.36,0.3635,0.366,0.37175,0.3755,0.3755,0.3775,0.37875,0.38,0.38575,0.38775,0.386,0.38825,0.38875,0.393,0.39475,0.39575,0.39825,0.39825,0.401,0.3975,0.39975,0.401,0.4035,0.405,0.4065,0.40625,0.40875,0.41025,0.4105,0.41175,0.41425,0.41725,0.418,0.42025,0.4185,0.4215,0.423,0.426,0.426,0.42575,0.4295,0.43175,0.429,0.43275,0.43325,0.4345,0.4315,0.43425,0.435,0.43525,0.43025,0.432,0.43325,0.4305,0.43225,0.43075,0.43425,0.436,0.44,0.44025,0.44125,0.4425,0.444,0.4445,0.445,0.446,0.449,0.44925,0.44725,0.4455,0.44775,0.448,0.447,0.4475,0.44825,0.44775,0.447,0.44525,0.44525,0.44625,0.44625,0.4455,0.44525,0.4445,0.44175,0.442,0.439,0.436,0.4345,0.43625,0.43575,0.43425,0.43375,0.4295,0.43025,0.42875,0.42975,0.42575,0.42275,0.422,0.42125,0.41875,0.4175,0.4155,0.41275,0.4125,0.4085,0.4035,0.401,0.39875,0.39875,0.39575,0.39275,0.39,0.38675,0.38525,0.38275,0.3815,0.37875,0.37525,0.37375,0.3715,0.36925,0.3655,0.36375,0.35975,0.3525,0.34875,0.3445,0.34025,0.33825,0.335,0.33225,0.3285,0.32225,0.3175,0.31675,0.3145,0.312,0.308,0.3035,0.297,0.29125,0.28775,0.2815,0.27625,0.2725,0.26525,0.259,0.25625,0.25325,0.25075,0.24775,0.242,0.23575,0.22975
0.21625,0.22175,0.22775,0.23375,0.2395,0.24275,0.24625,0.25125,0.255,0.2585,0.26175,0.265,0.2695,0.27425,0.2755,0.27975,0.28175,0.2855,0.2875,0.293,0.29425,0.298,0.3,0.30475,0.30875,0.3105,0.31225,0.3155,0.3185,0.32475,0.3305,0.334,0.336,0.339,0.33925,0.343,0.346,0.349,0.351,0.35375,0.3575,0.3575,0.36125,0.36275,0.36275,0.36775,0.3715,0.375,0.378,0.37825,0.3785,0.381,0.38525,0.38625,0.38725,0.3875,0.391,0.393,0.39425,0.39625,0.39625,0.397,0.39775,0.399,0.39925,0.402,0.4035,0.4045,0.4085,0.407,0.40875,0.4115,0.41075,0.41175,0.414,0.418,0.41725,0.4185,0.4215,0.42225,0.424,0.4235,0.4265,0.427,0.42675,0.431,0.43225,0.4315,0.43425,0.43275,0.4345,0.43375,0.43525,0.4335,0.43225,0.4315,0.43125,0.43175,0.43275,0.4335,0.436,0.438,0.4365,0.4395,0.44,0.441,0.44275,0.44375,0.4455,0.4475,0.44825,0.44925,0.44825,0.448,0.44625,0.4485,0.44775,0.4475,0.44925,0.4475,0.44575,0.44525,0.44625,0.44375,0.4465,0.4455,0.4455,0.443,0.44325,0.4395,0.43925,0.43675,0.43675,0.43325,0.43325,0.43225,0.43275,0.43175,0.43125,0.43075,0.42925,0.42775,0.423,0.4245,0.42075,0.41925,0.41775,0.4165,0.41375,0.41,0.4075,0.403,0.40225,0.39875,0.39725,0.39775,0.39575,0.39025,0.38825,0.385,0.38375,0.382,0.377,0.3775,0.37425,0.3735,0.36775,0.367,0.36375,0.35875,0.3535,0.349,0.345,0.34125,0.33675,0.33525,0.33375,0.32725,0.32375,0.32,0.31675,0.31575,0.31125,0.307,0.30275,0.29775,0.2935,0.2855,0.28175,0.27525,0.2705,0.267,0.2625,0.2575,0.2545,0.2495,0.246,0.2405,0.23675,0.2295
0.2175,0.22275,0.2295,0.23425,0.23925,0.244,0.245,0.251,0.25525,0.25825,0.2615,0.26575,0.27075,0.27375,0.2775,0.27925,0.2815,0.2825,0.28825,0.2905,0.29575,0.2985,0.30175,0.305,0.309,0.3115,0.31275,0.316,0.32025,0.3255,0.33225,0.3345,0.33675,0.33775,0.3405,0.33925,0.3465,0.34775,0.35125,0.3525,0.3565,0.35925,0.3615,0.36325,0.368,0.3675,0.371,0.37575,0.37825,0.3765,0.37975,0.382,0.38525,0.3855,0.38725,0.38975,0.39025,0.393,0.394,0.396,0.39775,0.3975,0.398,0.399,0.4025,0.40075,0.40275,0.4055,0.40875,0.41,0.41075,0.409,0.41125,0.41225,0.41425,0.417,0.41825,0.42125,0.42325,0.42475,0.426,0.42525,0.42525,0.42875,0.42725,0.4305,0.431,0.433,0.432,0.43375,0.43325,0.4345,0.4325,0.4325,0.4315,0.43,0.43175,0.4315,0.434,0.43575,0.4355,0.435,0.4395,0.4375,0.441,0.4365,0.44025,0.44225,0.44675,0.449,0.44875,0.44875,0.447,0.44775,0.44825,0.446,0.44825,0.44875,0.44625,0.4445,0.449,0.44625,0.4445,0.44575,0.44675,0.442,0.44575,0.4435,0.4405,0.4395,0.4375,0.437,0.43575,0.43275,0.429,0.4315,0.43125,0.43175,0.4315,0.4315,0.42775,0.42675,0.4255,0.42325,0.42,0.418,0.41725,0.41675,0.4135,0.41275,0.4095,0.405,0.40175,0.39875,0.39775,0.397,0.3955,0.39225,0.38975,0.38725,0.38325,0.37925,0.37725,0.3755,0.3745,0.36925,0.36975,0.36475,0.36425,0.35525,0.353,0.34925,0.34425,0.34125,0.338,0.33525,0.33125,0.32925,0.32525,0.32225,0.31825,0.31625,0.31025,0.3055,0.3015,0.2975,0.293,0.2885,0.28075,0.2745,0.27,0.26625,0.2645,0.2595,0.256,0.25075,0.24525,0.2405,0.236,0.229
0.21825,0.224,0.231,0.2345,0.23775,0.241,0.24625,0.2495,0.255,0.25875,0.262,0.26625,0.26925,0.27375,0.2755,0.2815,0.28275,0.2845,0.28775,0.29175,0.29425,0.298,0.3015,0.30525,0.3085,0.313,0.31425,0.3175,0.32075,0.3255,0.33,0.33525,0.337,0.33925,0.33875,0.3445,0.34575,0.35075,0.3505,0.3535,0.3565,0.36,0.36175,0.36525,0.368,0.37075,0.36775,0.3725,0.37725,0.379,0.3805,0.3825,0.38325,0.38525,0.38525,0.388,0.39125,0.394,0.393,0.39275,0.39675,0.39575,0.39575,0.40025,0.3995,0.4035,0.403,0.40775,0.4075,0.40925,0.41075,0.41025,0.41175,0.415,0.41375,0.417,0.41925,0.42125,0.423,0.42425,0.4265,0.42725,0.42725,0.4275,0.4285,0.42975,0.4325,0.4315,0.434,0.4315,0.4355,0.43325,0.43425,0.433,0.42725,0.4305,0.43125,0.4345,0.43425,0.43425,0.436,0.43425,0.434,0.43875,0.4375,0.437,0.437,0.44175,0.44475,0.448,0.44875,0.4475,0.44725,0.448,0.448,0.44625,0.44825,0.44775,0.447,0.44675,0.44625,0.44525,0.4445,0.445,0.4425,0.44375,0.4425,0.443,0.43975,0.438,0.43625,0.43625,0.43475,0.43575,0.43125,0.43075,0.4315,0.43175,0.4325,0.4305,0.4285,0.42575,0.4275,0.4245,0.42075,0.4185,0.4165,0.41475,0.41125,0.41025,0.4075,0.40425,0.4025,0.40025,0.398,0.39575,0.3925,0.39025,0.39175,0.38725,0.3825,0.38075,0.37775,0.3715,0.3735,0.37075,0.36825,0.36625,0.36275,0.35725,0.3525,0.34975,0.345,0.341,0.33775,0.33625,0.332,0.3295,0.32625,0.323,0.3195,0.3145,0.3095,0.3055,0.30325,0.29675,0.293,0.28775,0.282,0.27475,0.27075,0.26825,0.2625,0.261,0.25525,0.251,0.24625,0.23975,0.23625,0.2275
0.218,0.22675,0.2305,0.234,0.238,0.242,0.24525,0.25,0.25325,0.25825,0.262,0.266,0.27025,0.2715,0.27675,0.27825,0.2835,0.28375,0.288,0.291,0.2955,0.29775,0.30275,0.303,0.3095,0.31125,0.31775,0.32025,0.32475,0.32825,0.3325,0.33425,0.33925,0.34175,0.3425,0.3445,0.34675,0.349,0.35225,0.353,0.356,0.35825,0.365,0.3665,0.3695,0.36925,0.371,0.3715,0.37625,0.37825,0.379,0.381,0.38425,0.38425,0.3875,0.388,0.38925,0.39225,0.393,0.39475,0.3955,0.39775,0.398,0.40075,0.4035,0.4045,0.40425,0.406,0.40725,0.4085,0.4085,0.40875,0.412,0.41575,0.41525,0.419,0.4195,0.42075,0.424,0.423,0.42575,0.42925,0.42525,0.42875,0.43,0.43125,0.43075,0.4325,0.43525,0.436,0.433,0.435,0.4335,0.4315,0.43,0.429,0.432,0.43525,0.431,0.433,0.43325,0.4335,0.436,0.434,0.437,0.437,0.43825,0.43975,0.44375,0.4455,0.4475,0.44625,0.4475,0.44675,0.451,0.44775,0.446,0.4465,0.44575,0.44725,0.4475,0.44475,0.44425,0.443,0.442,0.44375,0.443,0.43875,0.439,0.43825,0.437,0.43725,0.435,0.43425,0.43375,0.43075,0.43025,0.4295,0.43075,0.4315,0.4285,0.428,0.42475,0.424,0.42225,0.4155,0.41525,0.41175,0.41275,0.41,0.41,0.4055,0.40375,0.402,0.398,0.39625,0.3925,0.38925,0.388,0.38675,0.383,0.381,0.3785,0.37175,0.3715,0.3685,0.36575,0.36325,0.36125,0.35625,0.353,0.34975,0.347,0.34375,0.338,0.33375,0.333,0.3285,0.32825,0.3215,0.318,0.3135,0.31,0.30425,0.30075,0.297,0.293,0.28625,0.28025,0.276,0.27175,0.269,0.26325,0.25775,0.256,0.25125,0.246,0.242,0.23375,0.22675
0.21825,0.22625,0.2315,0.23325,0.23875,0.24075,0.24425,0.2485,0.252,0.25475,0.2595,0.2635,0.27075,0.2725,0.27575,0.28,0.281,0.28475,0.2885,0.293,0.295,0.2985,0.29925,0.305,0.30975,0.3115,0.318,0.3245,0.32525,0.3275,0.33,0.33425,0.339,0.34275,0.3445,0.3445,0.34675,0.3495,0.3525,0.35525,0.35225,0.36225,0.364,0.368,0.36975,0.368,0.36875,0.372,0.37575,0.37575,0.38075,0.38275,0.384,0.3865,0.3875,0.39,0.39075,0.39175,0.392,0.39175,0.3955,0.397,0.39925,0.4015,0.40375,0.4045,0.405,0.40725,0.40575,0.40925,0.4085,0.41,0.41275,0.41325,0.41575,0.41975,0.4195,0.42,0.42175,0.42325,0.425,0.4265,0.4285,0.43,0.42925,0.42975,0.4325,0.4335,0.43225,0.433,0.43475,0.43425,0.43275,0.43125,0.432,0.43075,0.43325,0.432,0.43125,0.4335,0.433,0.43575,0.43525,0.43425,0.4345,0.437,0.44075,0.44125,0.44275,0.44175,0.4465,0.44725,0.44575,0.44825,0.448,0.4485,0.44675,0.4485,0.4455,0.445,0.447,0.4455,0.44275,0.44075,0.443,0.442,0.44075,0.44,0.43925,0.437,0.437,0.43675,0.436,0.4335,0.433,0.4345,0.43175,0.429,0.43,0.429,0.4305,0.4275,0.426,0.42275,0.422,0.418,0.413,0.414,0.4085,0.40925,0.4065,0.40625,0.40625,0.4025,0.4015,0.395,0.39275,0.3885,0.38725,0.386,0.38375,0.38025,0.377,0.3745,0.36875,0.368,0.36375,0.36475,0.35925,0.35625,0.35275,0.351,0.346,0.34325,0.34125,0.33375,0.33325,0.3305,0.3265,0.321,0.31775,0.3115,0.309,0.304,0.299,0.296,0.2915,0.28775,0.28175,0.27625,0.27175,0.26875,0.2625,0.256,0.2525,0.24925,0.245,0.239,0.23425,0.22675
0.21525,0.226,0.23075,0.236,0.2395,0.2415,0.244,0.24825,0.2515,0.254,0.2595,0.266,0.2695,0.2735,0.27625,0.2785,0.282,0.28525,0.289,0.29175,0.294,0.297,0.302,0.30525,0.31125,0.31525,0.32,0.32225,0.32475,0.3285,0.3315,0.3355,0.3375,0.33975,0.3425,0.34575,0.347,0.34875,0.35125,0.35225,0.3585,0.35725,0.3635,0.365,0.368,0.36675,0.36925,0.37325,0.37425,0.37425,0.37725,0.3835,0.38425,0.38575,0.38575,0.38925,0.3895,0.3915,0.39275,0.391,0.39475,0.39675,0.3995,0.4015,0.4025,0.4035,0.40575,0.40575,0.40725,0.408,0.4095,0.40825,0.41025,0.41125,0.41625,0.41725,0.4205,0.4205,0.42125,0.4245,0.424,0.42825,0.429,0.43025,0.427,0.43025,0.4305,0.4325,0.43125,0.432,0.43525,0.4325,0.43425,0.432,0.43175,0.43375,0.43275,0.4325,0.434,0.43375,0.43325,0.4335,0.43525,0.43425,0.4365,0.43675,0.43825,0.44025,0.44025,0.4415,0.444,0.4465,0.44825,0.4505,0.448,0.44775,0.4505,0.4485,0.4475,0.44525,0.44525,0.4455,0.443,0.44225,0.44425,0.4415,0.44025,0.439,0.44,0.438,0.435,0.4375,0.43625,0.43425,0.43375,0.43225,0.4325,0.43025,0.42725,0.42775,0.4285,0.4255,0.4215,0.4235,0.41925,0.41625,0.415,0.41125,0.411,0.4075,0.40825,0.40425,0.4045,0.4005,0.399,0.39775,0.39,0.3905,0.38575,0.3855,0.38375,0.3815,0.37725,0.37475,0.37075,0.36525,0.36425,0.36075,0.359,0.3555,0.35375,0.34875,0.3455,0.34325,0.34025,0.338,0.333,0.33125,0.32475,0.32125,0.3175,0.3125,0.30725,0.30425,0.29975,0.293,0.29075,0.28775,0.28325,0.2785,0.2745,0.26925,0.2635,0.25825,0.25125,0.24875,0.245,0.24025,0.2335,0.2255
0.219,0.225,0.22975,0.23625,0.23925,0.24175,0.24375,0.24825,0.252,0.25375,0.26075,0.266,0.27025,0.27175,0.2755,0.2775,0.282,0.2845,0.28875,0.2935,0.295,0.2985,0.302,0.30625,0.30975,0.31525,0.31775,0.3235,0.323,0.3285,0.33075,0.33575,0.3365,0.3395,0.3405,0.346,0.34875,0.35125,0.35275,0.35675,0.357,0.35925,0.3625,0.36575,0.366,0.3685,0.37225,0.37175,0.37625,0.37625,0.37625,0.3805,0.3825,0.38325,0.386,0.3885,0.3875,0.39,0.39125,0.395,0.39575,0.39675,0.4005,0.4,0.40325,0.40375,0.40525,0.4065,0.40625,0.4095,0.4085,0.41075,0.412,0.41325,0.4155,0.41775,0.4195,0.42225,0.423,0.425,0.4275,0.4265,0.428,0.428,0.428,0.42925,0.429,0.42875,0.43275,0.43425,0.43125,0.433,0.4315,0.43325,0.43575,0.4345,0.43375,0.43525,0.4345,0.43325,0.436,0.43475,0.43175,0.43325,0.436,0.43625,0.4375,0.43925,0.44025,0.44425,0.44225,0.44725,0.447,0.44775,0.446,0.44875,0.45125,0.4485,0.4465,0.44675,0.443,0.44275,0.44275,0.44375,0.4415,0.44025,0.44175,0.44025,0.43975,0.439,0.4375,0.4375,0.436,0.4365,0.43275,0.4305,0.43025,0.43,0.429,0.42825,0.42425,0.425,0.42225,0.4225,0.419,0.4175,0.415,0.41175,0.409,0.40875,0.40525,0.40375,0.4025,0.4,0.4,0.3955,0.39375,0.3885,0.38875,0.38475,0.382,0.3805,0.3775,0.376,0.3705,0.36725,0.3615,0.36025,0.35875,0.35575,0.35375,0.3485,0.3445,0.343,0.339,0.3375,0.33325,0.32925,0.32475,0.32125,0.3165,0.3125,0.30925,0.30325,0.2995,0.29425,0.29025,0.287,0.28225,0.2795,0.27425,0.27025,0.2645,0.258,0.25275,0.2475,0.2415,0.24,0.2345,0.22775
0.21575,0.2245,0.22875,0.2325,0.23825,0.24225,0.24525,0.248,0.25225,0.256,0.2595,0.26375,0.2675,0.27125,0.27525,0.2795,0.28075,0.28675,0.29,0.292,0.29725,0.2995,0.3035,0.30625,0.31125,0.314,0.31975,0.3215,0.327,0.329,0.3305,0.33375,0.336,0.338,0.34075,0.34375,0.34775,0.351,0.3555,0.35675,0.35875,0.3595,0.36325,0.3625,0.36675,0.37,0.3715,0.37075,0.376,0.37625,0.3795,0.3775,0.38,0.38225,0.38675,0.388,0.38975,0.38925,0.393,0.393,0.395,0.398,0.4,0.40075,0.4005,0.40425,0.40725,0.40675,0.40525,0.4075,0.41125,0.413,0.41225,0.41375,0.41525,0.415,0.417,0.4205,0.4245,0.42625,0.4265,0.428,0.4285,0.4285,0.42975,0.43175,0.4295,0.42925,0.43175,0.43025,0.4325,0.432,0.43375,0.43975,0.43525,0.43375,0.43475,0.43575,0.436,0.43525,0.435,0.43575,0.43125,0.43475,0.43525,0.43625,0.4345,0.43925,0.44125,0.441,0.443,0.4445,0.44425,0.4455,0.44725,0.44925,0.45025,0.4495,0.44825,0.44375,0.4455,0.44325,0.444,0.44425,0.4395,0.4395,0.4415,0.44025,0.43875,0.4385,0.43825,0.43475,0.4345,0.43525,0.43325,0.431,0.43025,0.43,0.4305,0.42725,0.424,0.42275,0.4215,0.4195,0.41775,0.4155,0.41475,0.4145,0.41125,0.405,0.406,0.4045,0.402,0.3995,0.3955,0.3945,0.39375,0.3925,0.38625,0.384,0.3815,0.38125,0.37725,0.3735,0.371,0.3695,0.36325,0.3595,0.3575,0.35525,0.35175,0.349,0.34575,0.3415,0.3415,0.33775,0.3345,0.3305,0.3235,0.3225,0.3165,0.312,0.3095,0.30425,0.2985,0.2965,0.289,0.28625,0.28275,0.2775,0.27325,0.26675,0.26325,0.259,0.25325,0.24825,0.24225,0.24,0.235,0.2265
0.21625,0.22475,0.22825,0.2325,0.235,0.24425,0.24625,0.249,0.25275,0.256,0.25875,0.26225,0.26675,0.27025,0.2765,0.28,0.28475,0.28625,0.2885,0.293,0.29525,0.2995,0.30375,0.30775,0.311,0.31425,0.317,0.32225,0.3235,0.3285,0.3295,0.331,0.3355,0.33875,0.3415,0.344,0.34575,0.3535,0.35475,0.35675,0.358,0.36175,0.361,0.364,0.36625,0.37025,0.371,0.375,0.37525,0.379,0.37725,0.37825,0.37725,0.3815,0.385,0.38625,0.3875,0.3905,0.3915,0.39525,0.39625,0.39825,0.401,0.39975,0.40225,0.40275,0.4055,0.4075,0.40575,0.407,0.41025,0.4145,0.4145,0.41425,0.41475,0.41775,0.4195,0.42225,0.42375,0.425,0.428,0.4275,0.42625,0.4285,0.4305,0.42825,0.43225,0.43075,0.42925,0.42875,0.4325,0.4325,0.4345,0.43675,0.4335,0.435,0.43675,0.43575,0.43625,0.4365,0.4345,0.43425,0.435,0.43425,0.43675,0.43625,0.4345,0.4355,0.4385,0.442,0.44375,0.44325,0.44275,0.44425,0.44475,0.44875,0.4495,0.45125,0.44625,0.44575,0.444,0.44575,0.44275,0.44475,0.44275,0.44175,0.4395,0.4405,0.43875,0.4365,0.4335,0.43575,0.43525,0.43475,0.4325,0.43075,0.4305,0.4295,0.42675,0.42575,0.42475,0.42175,0.4195,0.4195,0.4175,0.4165,0.4165,0.41375,0.412,0.409,0.4055,0.40425,0.4015,0.399,0.396,0.3965,0.3935,0.39225,0.38875,0.38475,0.38275,0.37875,0.37625,0.374,0.3725,0.36625,0.36175,0.36,0.3565,0.35325,0.3525,0.34875,0.34525,0.345,0.34,0.33625,0.334,0.33,0.32725,0.32,0.31825,0.31325,0.30675,0.304,0.29825,0.295,0.2895,0.286,0.28025,0.277,0.2725,0.2675,0.26275,0.25975,0.254,0.24625,0.24325,0.2385,0.2345,0.22775
0.2165,0.22425,0.228,0.2335,0.236,0.2405,0.247,0.24975,0.2535,0.25475,0.258,0.2605,0.26525,0.2725,0.27625,0.28075,0.2835,0.28625,0.29075,0.295,0.297,0.2995,0.30575,0.30725,0.31075,0.31375,0.31675,0.32025,0.32425,0.32575,0.32925,0.3335,0.3355,0.3405,0.34275,0.344,0.348,0.35125,0.35475,0.3565,0.35725,0.3585,0.35925,0.36375,0.36525,0.36725,0.3745,0.375,0.3775,0.37825,0.377,0.3795,0.38,0.378,0.38375,0.3845,0.388,0.39075,0.39375,0.3955,0.39575,0.39875,0.4,0.399,0.403,0.40375,0.40475,0.4065,0.40525,0.409,0.4105,0.4145,0.414,0.4155,0.415,0.41475,0.41875,0.42175,0.423,0.42575,0.42875,0.427,0.426,0.425,0.4255,0.43,0.43,0.4295,0.42925,0.42775,0.427,0.43325,0.43475,0.4325,0.43475,0.437,0.43775,0.438,0.437,0.43675,0.4375,0.4375,0.4355,0.4355,0.43525,0.43475,0.43475,0.4345,0.43925,0.4405,0.44225,0.44225,0.44225,0.442,0.4425,0.44625,0.44975,0.4495,0.4475,0.44625,0.44775,0.44575,0.44175,0.43975,0.44175,0.44225,0.4405,0.44025,0.441,0.43775,0.4375,0.43525,0.4345,0.4315,0.43,0.43125,0.43025,0.42825,0.426,0.42525,0.42475,0.42175,0.418,0.41825,0.41675,0.41675,0.4155,0.41425,0.41275,0.411,0.40725,0.40475,0.40075,0.398,0.398,0.394,0.394,0.39025,0.38775,0.3855,0.38175,0.3795,0.3755,0.37125,0.3715,0.3665,0.36375,0.36225,0.3575,0.353,0.35025,0.34875,0.34675,0.34475,0.34125,0.336,0.333,0.33,0.32625,0.3195,0.316,0.31075,0.30725,0.30275,0.29975,0.295,0.29075,0.2855,0.28,0.27675,0.2715,0.26875,0.2645,0.2585,0.25575,0.24925,0.24175,0.23825,0.23325,0.22575
0.21625,0.2225,0.22825,0.23175,0.237,0.241,0.2455,0.2505,0.255,0.256,0.259,0.2615,0.2665,0.27175,0.27575,0.2785,0.2835,0.2875,0.293,0.29675,0.296,0.301,0.304,0.3075,0.30925,0.31325,0.31575,0.31925,0.3235,0.32575,0.3295,0.333,0.3365,0.339,0.34225,0.3465,0.34825,0.34925,0.353,0.355,0.356,0.35925,0.362,0.36,0.363,0.37025,0.3725,0.376,0.3735,0.377,0.3765,0.3785,0.378,0.382,0.3795,0.3845,0.3865,0.388,0.394,0.39375,0.3955,0.39725,0.3985,0.3985,0.4005,0.4035,0.40325,0.40475,0.407,0.4085,0.41,0.41125,0.41325,0.4155,0.41475,0.41825,0.42075,0.42075,0.424,0.42425,0.42925,0.42875,0.428,0.4245,0.427,0.4265,0.42825,0.43125,0.43125,0.427,0.4305,0.4305,0.43275,0.43175,0.4355,0.438,0.4385,0.43625,0.43625,0.437,0.43975,0.438,0.439,0.437,0.436,0.43575,0.437,0.43875,0.43975,0.4385,0.44,0.44225,0.44,0.442,0.444,0.44525,0.44525,0.448,0.449,0.4485,0.4475,0.4475,0.4415,0.444,0.44125,0.44275,0.44025,0.4415,0.43825,0.437,0.43425,0.433,0.43225,0.43075,0.4325,0.43125,0.4295,0.4245,0.42425,0.4215,0.422,0.4195,0.4175,0.4165,0.417,0.41525,0.415,0.41375,0.412,0.40825,0.4095,0.4075,0.40125,0.4005,0.39775,0.39775,0.39225,0.39075,0.3885,0.385,0.38375,0.378,0.37475,0.372,0.37,0.36575,0.36475,0.36175,0.35925,0.3555,0.34925,0.34875,0.34575,0.344,0.34025,0.33625,0.332,0.328,0.32575,0.321,0.31475,0.31075,0.306,0.3015,0.29875,0.297,0.289,0.28425,0.281,0.2755,0.271,0.26925,0.2655,0.261,0.255,0.2515,0.245,0.2385,0.2345,0.22575
0.2165,0.2235,0.22775,0.2335,0.237,0.2425,0.24525,0.248,0.254,0.2565,0.259,0.26275,0.26725,0.2715,0.274,0.2775,0.282,0.2875,0.29025,0.2965,0.30025,0.302,0.30525,0.3065,0.31225,0.31325,0.31675,0.3205,0.324,0.3255,0.32775,0.33325,0.33675,0.33875,0.34325,0.34575,0.34775,0.35,0.351,0.3535,0.35725,0.36,0.3635,0.36175,0.36625,0.368,0.37225,0.3715,0.3745,0.37575,0.37775,0.37725,0.379,0.38,0.3825,0.38325,0.38625,0.39,0.39175,0.39575,0.3945,0.396,0.3985,0.39925,0.40125,0.402,0.40175,0.40425,0.40625,0.4085,0.4105,0.40975,0.41075,0.41275,0.41675,0.4185,0.4205,0.42225,0.42325,0.426,0.428,0.427,0.4265,0.428,0.42625,0.423,0.42675,0.429,0.42725,0.4295,0.4295,0.43,0.4325,0.43275,0.43425,0.43675,0.4375,0.43425,0.4365,0.44,0.44,0.4405,0.43925,0.43775,0.43575,0.43475,0.436,0.4395,0.439,0.43725,0.43975,0.441,0.4425,0.442,0.444,0.4445,0.442,0.4435,0.44825,0.4475,0.448,0.44425,0.44475,0.44325,0.44225,0.43975,0.4415,0.43775,0.43825,0.43625,0.4345,0.43325,0.431,0.4325,0.43,0.42975,0.428,0.4265,0.4225,0.42175,0.422,0.41925,0.418,0.4165,0.41525,0.4155,0.41425,0.41275,0.4135,0.41025,0.408,0.40525,0.40325,0.3995,0.40025,0.39625,0.39475,0.38875,0.388,0.3845,0.38175,0.3795,0.3745,0.37075,0.36775,0.36625,0.36575,0.36325,0.3575,0.35425,0.35275,0.348,0.34475,0.3445,0.34,0.33625,0.332,0.32825,0.32525,0.3185,0.31525,0.31125,0.3065,0.3,0.29975,0.29325,0.28825,0.2845,0.279,0.27725,0.2705,0.26625,0.26375,0.2565,0.25475,0.25075,0.2455,0.23925,0.232,0.22575
0.21775,0.22425,0.23025,0.23325,0.238,0.24075,0.24525,0.248,0.25025,0.2545,0.2595,0.263,0.26875,0.273,0.2735,0.27775,0.28225,0.287,0.29175,0.295,0.30075,0.3035,0.30625,0.30975,0.3145,0.317,0.31925,0.3225,0.3225,0.32575,0.32925,0.33325,0.33375,0.338,0.3415,0.34575,0.34675,0.349,0.35175,0.354,0.3585,0.36075,0.36325,0.36425,0.366,0.369,0.37025,0.372,0.37375,0.378,0.37675,0.3795,0.379,0.382,0.38275,0.3855,0.3865,0.38875,0.39225,0.39325,0.39575,0.39825,0.40025,0.39975,0.39975,0.4015,0.40325,0.40325,0.4055,0.40575,0.4085,0.41075,0.4105,0.4125,0.41675,0.419,0.419,0.42175,0.421,0.42325,0.426,0.42425,0.4235,0.42325,0.4255,0.424,0.42375,0.42625,0.42625,0.42875,0.4285,0.43175,0.43225,0.43325,0.43425,0.4355,0.43475,0.437,0.44,0.438,0.43825,0.4375,0.43625,0.43825,0.43475,0.43575,0.43725,0.43625,0.4365,0.43625,0.43575,0.43775,0.44,0.442,0.44225,0.443,0.441,0.4415,0.445,0.44775,0.4465,0.448,0.44375,0.44325,0.44025,0.44175,0.437,0.4395,0.43825,0.434,0.43025,0.432,0.4325,0.43,0.429,0.42925,0.428,0.425,0.42275,0.42325,0.422,0.418,0.41825,0.4175,0.41575,0.412,0.413,0.413,0.41275,0.40975,0.4085,0.40675,0.40425,0.403,0.39875,0.39775,0.39225,0.39,0.38575,0.38375,0.37975,0.378,0.3755,0.3705,0.368,0.365,0.3635,0.36225,0.35725,0.356,0.354,0.35,0.34475,0.3425,0.33925,0.33425,0.3315,0.32975,0.3225,0.31775,0.31475,0.312,0.3065,0.30225,0.29675,0.2925,0.2865,0.28475,0.28075,0.276,0.27075,0.2665,0.26075,0.25875,0.254,0.24975,0.24575,0.24025,0.23325,0.225
0.217,0.226,0.23075,0.2355,0.237,0.242,0.2435,0.247,0.24975,0.254,0.2615,0.26425,0.26725,0.26975,0.27525,0.2775,0.28175,0.28675,0.2915,0.29725,0.299,0.3045,0.30625,0.311,0.31175,0.315,0.319,0.3215,0.32525,0.3275,0.32925,0.33025,0.336,0.3375,0.34,0.3435,0.345,0.347,0.3515,0.35425,0.356,0.3595,0.366,0.36825,0.36975,0.368,0.3695,0.3705,0.3725,0.37275,0.3745,0.377,0.38175,0.382,0.3835,0.38575,0.38825,0.388,0.3915,0.39275,0.394,0.40025,0.4,0.39775,0.40175,0.402,0.40425,0.40525,0.40725,0.40425,0.40575,0.40975,0.4125,0.41375,0.4155,0.4175,0.4195,0.42075,0.421,0.42275,0.42175,0.426,0.424,0.424,0.42325,0.4245,0.424,0.427,0.42925,0.42925,0.43,0.43225,0.433,0.43425,0.43175,0.43275,0.43325,0.43625,0.44025,0.442,0.43725,0.4375,0.43825,0.4375,0.4375,0.4385,0.4345,0.433,0.43475,0.43325,0.4345,0.436,0.43925,0.4395,0.44,0.4405,0.44225,0.4405,0.44225,0.44475,0.44525,0.444,0.4455,0.443,0.44425,0.4415,0.44025,0.43925,0.4385,0.4335,0.43375,0.43325,0.4305,0.429,0.4265,0.42575,0.42675,0.42325,0.42325,0.42125,0.421,0.41875,0.4165,0.41425,0.41475,0.413,0.4115,0.4145,0.41175,0.41,0.40825,0.408,0.40725,0.4045,0.40175,0.3955,0.395,0.38975,0.38775,0.38325,0.38125,0.37725,0.3725,0.372,0.36775,0.3655,0.36325,0.3595,0.35825,0.35725,0.354,0.35,0.34475,0.339,0.3365,0.335,0.33275,0.32575,0.32275,0.3155,0.31325,0.30925,0.30625,0.29975,0.29675,0.29175,0.28675,0.2845,0.28175,0.27725,0.2725,0.26525,0.26125,0.25725,0.2535,0.24975,0.24475,0.2385,0.2335,0.2265
0.21775,0.224,0.23125,0.23275,0.2375,0.2405,0.24375,0.24725,0.2525,0.254,0.259,0.26525,0.267,0.2715,0.2725,0.27725,0.282,0.2885,0.29275,0.29575,0.29925,0.30175,0.30675,0.3095,0.31175,0.3135,0.31825,0.323,0.32425,0.3275,0.32725,0.33275,0.33625,0.339,0.34025,0.34275,0.3455,0.35,0.35125,0.354,0.356,0.3605,0.36425,0.368,0.3685,0.36975,0.3675,0.369,0.3695,0.37475,0.37375,0.37925,0.37925,0.38325,0.386,0.3865,0.38825,0.39,0.39075,0.393,0.3965,0.398,0.39875,0.39975,0.403,0.40475,0.4035,0.4045,0.40575,0.4045,0.4075,0.4115,0.4135,0.41425,0.41475,0.4165,0.4195,0.42075,0.4205,0.42125,0.4235,0.42375,0.42275,0.424,0.42625,0.423,0.427,0.4275,0.42525,0.42925,0.431,0.433,0.433,0.43375,0.43125,0.432,0.43625,0.435,0.43725,0.4365,0.43725,0.436,0.4385,0.43925,0.43975,0.43675,0.43625,0.43625,0.4335,0.43325,0.43425,0.43675,0.436,0.43575,0.43925,0.44,0.441,0.4395,0.43925,0.442,0.4435,0.4455,0.443,0.44325,0.44,0.443,0.44125,0.44175,0.437,0.436,0.43525,0.43275,0.4295,0.427,0.42675,0.42475,0.42325,0.42375,0.42225,0.422,0.423,0.4185,0.417,0.412,0.413,0.41275,0.41375,0.411,0.40975,0.409,0.4085,0.409,0.40525,0.40175,0.39975,0.3955,0.392,0.39125,0.3855,0.3845,0.381,0.379,0.376,0.37225,0.37075,0.36675,0.363,0.3605,0.3575,0.35525,0.3525,0.34775,0.34425,0.34075,0.33725,0.3345,0.33,0.32625,0.3215,0.31675,0.31125,0.3105,0.3025,0.2995,0.29625,0.291,0.28625,0.28325,0.2795,0.27675,0.27025,0.2665,0.2615,0.25675,0.25325,0.248,0.2435,0.23925,0.2325,0.22675
0.2165,0.22325,0.2285,0.2325,0.23575,0.239,0.24225,0.24725,0.25175,0.2565,0.25725,0.26275,0.26875,0.272,0.275,0.279,0.28475,0.286,0.29,0.2945,0.2985,0.3035,0.3075,0.31025,0.31175,0.31425,0.3175,0.32025,0.32625,0.325,0.331,0.335,0.33525,0.33625,0.34025,0.34175,0.34425,0.34925,0.35,0.35275,0.355,0.35875,0.3625,0.365,0.36725,0.37075,0.36825,0.367,0.36925,0.3705,0.3755,0.379,0.38225,0.38425,0.3865,0.388,0.3885,0.38975,0.39175,0.391,0.39425,0.3975,0.40025,0.403,0.40475,0.403,0.40275,0.4025,0.40475,0.40575,0.4085,0.41175,0.41125,0.41475,0.41325,0.41625,0.4175,0.4215,0.41925,0.42125,0.4235,0.42275,0.42075,0.42225,0.426,0.42775,0.42975,0.4275,0.42725,0.42875,0.431,0.43275,0.4335,0.43525,0.4335,0.43325,0.43325,0.437,0.434,0.43625,0.43775,0.43875,0.4395,0.44075,0.43525,0.4335,0.43575,0.43575,0.43325,0.43325,0.435,0.435,0.4345,0.4375,0.438,0.43725,0.44025,0.43925,0.43925,0.4395,0.44075,0.442,0.4445,0.44075,0.4415,0.44125,0.44175,0.4375,0.43875,0.43725,0.435,0.4325,0.431,0.42675,0.42725,0.425,0.42475,0.42125,0.42025,0.4205,0.42,0.417,0.41725,0.4135,0.412,0.413,0.41125,0.4105,0.408,0.40825,0.40925,0.40675,0.4035,0.4005,0.39875,0.39525,0.39325,0.38975,0.38775,0.38225,0.381,0.37775,0.37525,0.37325,0.3705,0.3665,0.36475,0.3635,0.35675,0.3555,0.352,0.348,0.344,0.34125,0.339,0.33,0.3275,0.3245,0.32125,0.3175,0.31275,0.30575,0.30225,0.29775,0.29375,0.292,0.286,0.2825,0.278,0.274,0.27175,0.26675,0.25925,0.2555,0.25075,0.24525,0.24375,0.23775,0.23475,0.226
0.2155,0.2235,0.22675,0.23025,0.234,0.23975,0.24275,0.24775,0.25075,0.25425,0.258,0.26325,0.2665,0.27175,0.276,0.28075,0.28275,0.28675,0.28825,0.29425,0.29975,0.30425,0.30875,0.30875,0.31125,0.3135,0.31675,0.32075,0.32375,0.32825,0.3295,0.335,0.33625,0.33675,0.339,0.34325,0.346,0.34775,0.35125,0.3535,0.35575,0.36,0.3605,0.365,0.36525,0.3685,0.367,0.36925,0.371,0.37175,0.37475,0.37925,0.38125,0.38625,0.3865,0.3915,0.39125,0.394,0.394,0.394,0.39125,0.39725,0.4,0.4015,0.404,0.40275,0.40475,0.4055,0.40425,0.40975,0.41125,0.41,0.41325,0.41425,0.4165,0.41775,0.41925,0.419,0.41975,0.42025,0.42075,0.423,0.42225,0.422,0.425,0.42625,0.42725,0.42975,0.4275,0.42925,0.4285,0.432,0.434,0.434,0.4365,0.4345,0.43325,0.43425,0.43425,0.437,0.4345,0.438,0.44025,0.43925,0.43625,0.4355,0.436,0.43475,0.4345,0.4345,0.433,0.435,0.435,0.43875,0.43625,0.437,0.43825,0.438,0.43575,0.4385,0.43775,0.4405,0.43925,0.443,0.44125,0.44,0.43975,0.439,0.43875,0.4365,0.433,0.43225,0.43125,0.428,0.4245,0.424,0.4235,0.42025,0.41925,0.41725,0.419,0.41675,0.41625,0.4145,0.415,0.41225,0.41,0.40925,0.4095,0.40775,0.40475,0.406,0.4035,0.4015,0.399,0.39675,0.39575,0.38925,0.38525,0.38525,0.3815,0.3805,0.37675,0.37425,0.37075,0.36675,0.365,0.362,0.36025,0.355,0.352,0.3475,0.34425,0.34125,0.335,0.33125,0.32525,0.323,0.31875,0.316,0.3095,0.3055,0.29975,0.296,0.29375,0.291,0.28775,0.283,0.277,0.275,0.2695,0.264,0.2605,0.2555,0.25125,0.24525,0.24275,0.239,0.234,0.229
0.213,0.22125,0.226,0.23075,0.2325,0.23975,0.24325,0.24675,0.25125,0.25375,0.25725,0.26075,0.26375,0.27025,0.276,0.28025,0.283,0.28625,0.28975,0.2925,0.298,0.3035,0.3045,0.308,0.3105,0.3145,0.318,0.3195,0.3245,0.32825,0.33275,0.33375,0.3365,0.33875,0.341,0.345,0.345,0.34725,0.35375,0.35525,0.35725,0.359,0.36275,0.3625,0.36475,0.3635,0.367,0.3695,0.373,0.37225,0.3745,0.3785,0.38025,0.38325,0.387,0.38825,0.39225,0.3945,0.3945,0.393,0.39575,0.3955,0.40025,0.39925,0.40125,0.40325,0.40225,0.40325,0.40775,0.40875,0.40825,0.41225,0.4115,0.413,0.41575,0.41875,0.416,0.418,0.41675,0.41975,0.42075,0.42125,0.4225,0.4225,0.423,0.42625,0.42775,0.42675,0.4285,0.43,0.4315,0.43025,0.4325,0.43375,0.431,0.435,0.435,0.43225,0.43225,0.4335,0.43625,0.439,0.44025,0.43775,0.43625,0.4335,0.43375,0.433,0.43675,0.43525,0.43575,0.436,0.43525,0.43375,0.43325,0.4345,0.4375,0.43475,0.4355,0.4345,0.43875,0.43625,0.43675,0.43925,0.4425,0.441,0.4395,0.43975,0.43975,0.436,0.43275,0.434,0.4285,0.42675,0.42675,0.42475,0.423,0.42125,0.4195,0.417,0.419,0.417,0.4155,0.41625,0.4135,0.41125,0.409,0.4095,0.40825,0.40975,0.40475,0.40425,0.40225,0.39875,0.39725,0.3945,0.3915,0.38875,0.389,0.385,0.385,0.37975,0.379,0.37425,0.3705,0.3675,0.36425,0.36075,0.35825,0.3525,0.351,0.34525,0.34275,0.33725,0.33575,0.329,0.32625,0.31975,0.319,0.314,0.309,0.30525,0.30075,0.29525,0.294,0.29125,0.28775,0.282,0.276,0.27325,0.26875,0.263,0.25975,0.2545,0.251,0.24475,0.2435,0.239,0.2355,0.2275
0.21375,0.21875,0.22475,0.22875,0.2345,0.23775,0.24475,0.2465,0.251,0.2545,0.25775,0.26175,0.2645,0.2725,0.276,0.28025,0.282,0.2855,0.28925,0.2925,0.2965,0.2975,0.30375,0.30625,0.30975,0.31475,0.31675,0.32025,0.324,0.3285,0.331,0.33475,0.33475,0.3395,0.34225,0.34525,0.345,0.34975,0.352,0.355,0.35725,0.35875,0.36025,0.362,0.3625,0.36625,0.3665,0.36925,0.37375,0.37575,0.37625,0.3765,0.3795,0.3845,0.386,0.3905,0.391,0.395,0.39225,0.39375,0.395,0.39825,0.39725,0.39825,0.3985,0.40075,0.40425,0.40625,0.40725,0.40975,0.40875,0.41,0.4115,0.41175,0.41475,0.41525,0.41475,0.4175,0.4175,0.41925,0.4195,0.422,0.42325,0.4235,0.42575,0.42225,0.42675,0.42675,0.4275,0.43275,0.4315,0.4325,0.43275,0.433,0.4355,0.4325,0.43375,0.43375,0.43375,0.43325,0.4375,0.43675,0.43475,0.439,0.4345,0.432,0.43325,0.436,0.43525,0.43475,0.4355,0.43375,0.4345,0.43225,0.433,0.43475,0.43225,0.4335,0.433,0.43525,0.4335,0.43575,0.43575,0.43775,0.439,0.44125,0.442,0.43875,0.43875,0.437,0.4345,0.433,0.4295,0.42825,0.42625,0.4215,0.42175,0.42075,0.4185,0.41575,0.417,0.41625,0.416,0.41325,0.413,0.412,0.4105,0.4075,0.40825,0.408,0.40425,0.401,0.4005,0.39925,0.395,0.392,0.39125,0.388,0.38825,0.38675,0.384,0.38225,0.37725,0.3765,0.37125,0.369,0.36575,0.3615,0.35775,0.35225,0.3475,0.3445,0.34075,0.33775,0.33275,0.331,0.324,0.3205,0.3145,0.31125,0.3075,0.30375,0.29975,0.296,0.29075,0.289,0.2865,0.2825,0.2785,0.2725,0.2685,0.26375,0.257,0.2535,0.251,0.24675,0.24175,0.23975,0.234,0.2255
0.21525,0.21925,0.22425,0.22925,0.234,0.23875,0.24175,0.24625,0.25075,0.25475,0.25875,0.261,0.2665,0.2715,0.27475,0.27725,0.28275,0.28775,0.2895,0.291,0.29525,0.29575,0.30025,0.30475,0.30975,0.313,0.31725,0.32,0.32575,0.32775,0.3295,0.333,0.3375,0.33975,0.34325,0.34425,0.347,0.3495,0.3525,0.351,0.35625,0.3585,0.3605,0.3595,0.36375,0.3635,0.36675,0.36725,0.3715,0.37725,0.375,0.3785,0.38025,0.383,0.3875,0.38975,0.39125,0.3915,0.393,0.395,0.39625,0.39575,0.39675,0.397,0.399,0.4005,0.4025,0.40825,0.40675,0.4115,0.4095,0.4115,0.411,0.41125,0.41475,0.41375,0.414,0.415,0.41575,0.4165,0.4165,0.42025,0.4235,0.424,0.42425,0.423,0.42625,0.428,0.427,0.43,0.43275,0.43475,0.43125,0.4315,0.43175,0.43325,0.43125,0.43375,0.433,0.43475,0.43425,0.435,0.43725,0.436,0.43525,0.43575,0.43425,0.434,0.43375,0.43425,0.43475,0.4345,0.43225,0.433,0.4335,0.43275,0.43375,0.4325,0.43575,0.433,0.43725,0.43575,0.4355,0.4345,0.4355,0.437,0.439,0.43675,0.4385,0.43675,0.43325,0.433,0.43175,0.42675,0.42475,0.42475,0.42025,0.4195,0.42,0.41725,0.41525,0.41625,0.41475,0.41175,0.411,0.41225,0.41325,0.4105,0.40675,0.403,0.40325,0.40025,0.39725,0.39725,0.39425,0.39375,0.391,0.391,0.38825,0.38775,0.3875,0.38175,0.379,0.3755,0.3725,0.36925,0.36475,0.36125,0.3555,0.35175,0.34775,0.34175,0.33975,0.3375,0.33375,0.32725,0.3245,0.31925,0.31275,0.309,0.30575,0.3015,0.29775,0.29675,0.292,0.28675,0.28525,0.2825,0.27575,0.27175,0.26625,0.26325,0.256,0.252,0.24975,0.24575,0.24275,0.23925,0.23475,0.22625
0.2135,0.21925,0.225,0.22925,0.23425,0.23675,0.24175,0.2465,0.2515,0.2565,0.25825,0.26225,0.266,0.26975,0.274,0.2775,0.2815,0.28825,0.29075,0.29125,0.29425,0.29775,0.3,0.3055,0.3095,0.31225,0.318,0.32025,0.32425,0.32775,0.32975,0.334,0.33425,0.33925,0.3405,0.34425,0.34725,0.35,0.3505,0.353,0.3525,0.35575,0.35625,0.3595,0.36175,0.36475,0.36675,0.36775,0.37125,0.37375,0.377,0.37825,0.381,0.38325,0.387,0.38825,0.38825,0.3905,0.3925,0.39525,0.39375,0.3945,0.39625,0.39875,0.39975,0.40325,0.405,0.40525,0.40875,0.40925,0.411,0.41175,0.41225,0.4105,0.411,0.412,0.41225,0.41475,0.41625,0.417,0.42075,0.41975,0.42175,0.42425,0.42475,0.42475,0.42575,0.42625,0.42625,0.42725,0.43125,0.433,0.43175,0.43075,0.431,0.42975,0.431,0.43225,0.435,0.43325,0.43125,0.43275,0.43425,0.43425,0.432,0.43625,0.4335,0.4345,0.43325,0.434,0.43225,0.43225,0.43225,0.43225,0.43325,0.43025,0.431,0.433,0.43325,0.435,0.43325,0.43625,0.4335,0.43425,0.43475,0.4365,0.43575,0.4375,0.43775,0.43475,0.432,0.43225,0.429,0.42775,0.42425,0.422,0.42075,0.41975,0.4155,0.41725,0.41625,0.415,0.4125,0.41025,0.4105,0.40925,0.41025,0.409,0.4055,0.402,0.4,0.4,0.39625,0.39425,0.39275,0.39375,0.3935,0.38825,0.388,0.3855,0.38475,0.381,0.37825,0.37425,0.371,0.36825,0.3635,0.35875,0.35475,0.34975,0.346,0.34375,0.33825,0.33575,0.332,0.329,0.323,0.31925,0.31325,0.3085,0.305,0.30125,0.29775,0.29575,0.2905,0.28875,0.28225,0.2785,0.276,0.27225,0.26675,0.2605,0.25575,0.25325,0.24975,0.24725,0.243,0.23925,0.23375,0.22425
0.212,0.22,0.22575,0.22975,0.233,0.23675,0.24225,0.2465,0.2515,0.2555,0.2595,0.26325,0.2655,0.2685,0.273,0.278,0.28175,0.28475,0.28875,0.29,0.293,0.298,0.30375,0.30325,0.30875,0.31275,0.31675,0.319,0.32225,0.32625,0.3295,0.33325,0.3355,0.33725,0.343,0.3425,0.34775,0.34675,0.34925,0.34875,0.35225,0.35375,0.357,0.361,0.36175,0.36425,0.36675,0.36825,0.37125,0.374,0.3765,0.37675,0.38,0.382,0.38375,0.38475,0.38725,0.3895,0.3935,0.393,0.393,0.3945,0.39725,0.4005,0.4015,0.40225,0.4035,0.40525,0.40625,0.40925,0.41075,0.4135,0.40975,0.41,0.41125,0.4095,0.413,0.4125,0.4145,0.41775,0.41825,0.42025,0.41825,0.4235,0.4255,0.4245,0.42675,0.42575,0.426,0.42875,0.42925,0.43075,0.4305,0.43125,0.42925,0.43,0.433,0.43375,0.43425,0.43625,0.43475,0.4305,0.43175,0.43125,0.43525,0.431,0.435,0.43525,0.434,0.43375,0.432,0.43425,0.4325,0.43075,0.43125,0.4325,0.4315,0.43025,0.43225,0.43225,0.43375,0.431,0.43375,0.432,0.43325,0.43225,0.43525,0.43475,0.436,0.434,0.4345,0.42925,0.427,0.42625,0.42425,0.4215,0.4205,0.41975,0.41575,0.4145,0.41625,0.41425,0.41275,0.41075,0.4105,0.409,0.408,0.4055,0.404,0.403,0.3985,0.3985,0.39575,0.394,0.39275,0.391,0.3895,0.39075,0.38825,0.38425,0.38075,0.3805,0.379,0.37325,0.3715,0.36525,0.36225,0.35725,0.354,0.349,0.3455,0.34175,0.33825,0.334,0.3325,0.3255,0.32175,0.317,0.31175,0.30925,0.30525,0.30025,0.297,0.29175,0.29025,0.286,0.28025,0.2765,0.27575,0.27225,0.2665,0.2625,0.258,0.254,0.2515,0.24775,0.2435,0.23875,0.233,0.2255
0.2125,0.22,0.22575,0.2305,0.23375,0.2375,0.24225,0.2445,0.248,0.2545,0.25975,0.26225,0.26525,0.2695,0.27225,0.27625,0.279,0.282,0.28775,0.29075,0.2935,0.2985,0.30025,0.30525,0.309,0.312,0.31575,0.317,0.3215,0.3245,0.3285,0.33175,0.33425,0.3365,0.339,0.3465,0.34425,0.34775,0.3475,0.3505,0.3535,0.354,0.35725,0.36175,0.3615,0.3625,0.36725,0.36975,0.37025,0.3735,0.3765,0.38025,0.3805,0.383,0.38325,0.38675,0.386,0.38875,0.39125,0.39325,0.39175,0.39625,0.3975,0.3995,0.40125,0.40175,0.403,0.404,0.406,0.40675,0.41075,0.41,0.41075,0.4095,0.4105,0.411,0.411,0.4155,0.4165,0.41675,0.41675,0.4185,0.42225,0.42225,0.423,0.42375,0.4245,0.4265,0.4275,0.42725,0.4295,0.4275,0.42975,0.4295,0.43,0.42875,0.433,0.43225,0.431,0.43375,0.435,0.43225,0.43025,0.432,0.432,0.43125,0.433,0.43475,0.4325,0.431,0.4335,0.435,0.43325,0.4325,0.4305,0.4325,0.431,0.43075,0.43075,0.43275,0.43225,0.43275,0.4325,0.43425,0.43325,0.43175,0.43225,0.43125,0.43275,0.43425,0.431,0.42975,0.42625,0.42525,0.424,0.42225,0.42025,0.418,0.42,0.41575,0.414,0.4155,0.412,0.41025,0.4065,0.4085,0.4055,0.4045,0.4025,0.40125,0.39975,0.396,0.397,0.3935,0.39325,0.391,0.38875,0.38775,0.385,0.3845,0.38175,0.37875,0.37775,0.373,0.36775,0.3645,0.3575,0.3565,0.35125,0.34925,0.3445,0.342,0.34025,0.3355,0.3285,0.3245,0.3205,0.31725,0.312,0.3075,0.304,0.30075,0.2955,0.293,0.28875,0.28375,0.2805,0.27675,0.271,0.268,0.26425,0.262,0.257,0.25375,0.25025,0.24775,0.24425,0.23925,0.23325,0.22575
0.2155,0.2215,0.22425,0.228,0.2345,0.237,0.24125,0.24525,0.24825,0.254,0.257,0.262,0.2655,0.2685,0.2725,0.276,0.279,0.282,0.28675,0.291,0.29475,0.295,0.3015,0.3045,0.30775,0.3105,0.313,0.31625,0.32025,0.3245,0.328,0.332,0.33375,0.335,0.3395,0.3415,0.34625,0.3455,0.34875,0.348,0.3525,0.35575,0.35875,0.36,0.36,0.364,0.36675,0.3695,0.37075,0.37325,0.37675,0.378,0.3815,0.37975,0.3845,0.3845,0.387,0.388,0.39075,0.3885,0.3915,0.395,0.39875,0.4005,0.40125,0.4035,0.40225,0.40275,0.403,0.40625,0.4055,0.40925,0.409,0.41,0.41125,0.4125,0.4125,0.4145,0.41675,0.418,0.415,0.4175,0.42225,0.42025,0.42475,0.42525,0.4255,0.427,0.4255,0.429,0.427,0.42725,0.42875,0.429,0.429,0.43025,0.4315,0.4305,0.434,0.433,0.433,0.432,0.4315,0.4305,0.4315,0.43225,0.43325,0.43275,0.43325,0.43175,0.433,0.43375,0.43275,0.4345,0.4335,0.43225,0.431,0.431,0.43025,0.42975,0.43125,0.431,0.43175,0.43125,0.43225,0.43325,0.43075,0.43075,0.43125,0.42975,0.42975,0.428,0.42725,0.4235,0.4245,0.4235,0.42,0.41675,0.4175,0.41375,0.4105,0.4105,0.41125,0.40725,0.408,0.40275,0.403,0.402,0.401,0.4005,0.39825,0.3965,0.395,0.39425,0.391,0.38875,0.38825,0.3865,0.38575,0.3835,0.3795,0.37675,0.3735,0.37225,0.36675,0.36025,0.35775,0.35375,0.34975,0.34725,0.34525,0.341,0.3375,0.332,0.327,0.322,0.319,0.3155,0.31,0.3075,0.3045,0.29925,0.298,0.292,0.2875,0.283,0.28025,0.27575,0.27075,0.2655,0.2655,0.2615,0.26075,0.2565,0.251,0.248,0.243,0.2375,0.2355,0.22675
0.2145,0.22,0.224,0.23025,0.23375,0.238,0.24,0.2455,0.248,0.251,0.256,0.259,0.2655,0.267,0.2705,0.27425,0.2775,0.28025,0.28625,0.2905,0.29225,0.2965,0.30175,0.30475,0.30625,0.30825,0.311,0.315,0.31925,0.32175,0.326,0.33175,0.33475,0.337,0.33825,0.34225,0.34325,0.346,0.346,0.35025,0.35175,0.356,0.36025,0.36,0.36125,0.3635,0.367,0.37025,0.372,0.37375,0.37525,0.378,0.37825,0.382,0.383,0.3855,0.38625,0.3865,0.386,0.389,0.38975,0.39475,0.39575,0.39825,0.39975,0.4,0.4035,0.406,0.40425,0.40675,0.4065,0.406,0.41,0.40925,0.40925,0.41175,0.41375,0.416,0.41525,0.4165,0.4185,0.4185,0.4215,0.42075,0.42275,0.4225,0.42525,0.42525,0.427,0.42675,0.427,0.427,0.42775,0.43,0.4295,0.43025,0.43075,0.4315,0.4305,0.43225,0.431,0.4325,0.43075,0.43075,0.4305,0.431,0.43175,0.43075,0.43125,0.43275,0.4335,0.43225,0.43125,0.43325,0.43275,0.43375,0.4315,0.4335,0.42975,0.43075,0.42975,0.42975,0.4305,0.43,0.4315,0.43175,0.43125,0.42775,0.427,0.427,0.428,0.42775,0.4245,0.42475,0.422,0.42175,0.42125,0.41725,0.4155,0.41375,0.4125,0.40975,0.4075,0.40775,0.403,0.402,0.40025,0.4,0.3995,0.397,0.3945,0.397,0.39225,0.39175,0.39125,0.389,0.386,0.385,0.38175,0.381,0.379,0.375,0.3715,0.3685,0.366,0.362,0.356,0.354,0.34925,0.3465,0.34325,0.34,0.333,0.32875,0.32725,0.3205,0.31725,0.31325,0.31025,0.30575,0.302,0.30125,0.29575,0.291,0.28525,0.28225,0.2795,0.27325,0.269,0.268,0.26275,0.2625,0.25925,0.257,0.251,0.24675,0.24175,0.23925,0.23375,0.22675
0.21225,0.21725,0.22475,0.229,0.23225,0.23625,0.24025,0.2455,0.24725,0.2505,0.25425,0.26,0.2645,0.26875,0.27,0.2745,0.27625,0.28125,0.28625,0.289,0.294,0.29525,0.30075,0.30275,0.3055,0.30775,0.31275,0.3165,0.31725,0.321,0.32625,0.331,0.335,0.33775,0.3405,0.34175,0.34375,0.34425,0.3475,0.348,0.352,0.35525,0.35775,0.36125,0.361,0.36425,0.36575,0.36975,0.37275,0.373,0.37525,0.37525,0.376,0.38,0.385,0.38475,0.3855,0.3855,0.38775,0.38825,0.39025,0.39075,0.396,0.397,0.3995,0.4005,0.4035,0.40525,0.402,0.40375,0.403,0.40525,0.4065,0.41025,0.4115,0.4135,0.41325,0.414,0.416,0.41425,0.4175,0.421,0.42175,0.42025,0.42125,0.42175,0.42,0.4235,0.42525,0.42375,0.4275,0.426,0.4255,0.43075,0.43,0.431,0.43325,0.43125,0.42925,0.42875,0.43075,0.4305,0.43,0.43125,0.43,0.4295,0.4275,0.42925,0.4325,0.43175,0.434,0.43125,0.43225,0.43125,0.43275,0.4325,0.4335,0.432,0.43175,0.43075,0.4295,0.43125,0.43,0.429,0.428,0.42925,0.42875,0.42825,0.4265,0.42675,0.426,0.4245,0.4285,0.425,0.423,0.423,0.42075,0.41475,0.414,0.412,0.4095,0.4085,0.40475,0.40425,0.4025,0.4005,0.39775,0.397,0.3955,0.39625,0.396,0.39475,0.3935,0.3925,0.39075,0.38675,0.385,0.3835,0.37925,0.3765,0.37625,0.374,0.369,0.36775,0.36575,0.36025,0.35575,0.35125,0.34825,0.3445,0.342,0.33675,0.33325,0.32625,0.32375,0.32075,0.315,0.3115,0.30725,0.3045,0.3025,0.2985,0.295,0.291,0.28675,0.28075,0.2765,0.273,0.27025,0.267,0.26475,0.25975,0.258,0.25575,0.25,0.24575,0.24225,0.23875,0.23275,0.2265
0.20975,0.22,0.22275,0.22725,0.23125,0.23525,0.24025,0.2445,0.24675,0.25075,0.256,0.26,0.26425,0.266,0.2695,0.2735,0.27875,0.28025,0.28425,0.28825,0.293,0.296,0.297,0.30175,0.30325,0.30875,0.31175,0.317,0.319,0.322,0.3255,0.3295,0.33275,0.335,0.3385,0.3415,0.34125,0.34275,0.346,0.34925,0.35,0.35625,0.35875,0.36075,0.36325,0.36575,0.36775,0.36925,0.3705,0.37525,0.3765,0.375,0.378,0.38125,0.38375,0.385,0.38375,0.38525,0.388,0.38925,0.39,0.391,0.3915,0.396,0.39825,0.39975,0.40125,0.40225,0.40325,0.405,0.40125,0.4045,0.40675,0.40975,0.41075,0.413,0.413,0.413,0.41475,0.41825,0.41825,0.4205,0.41975,0.419,0.42375,0.41975,0.419,0.42075,0.4235,0.4245,0.42475,0.4275,0.4265,0.42775,0.42775,0.4295,0.4305,0.4295,0.42625,0.43075,0.4255,0.429,0.4295,0.43025,0.42975,0.42725,0.4285,0.4295,0.4305,0.43175,0.43125,0.4335,0.4295,0.43225,0.43175,0.432,0.43325,0.432,0.43375,0.432,0.42975,0.42625,0.4265,0.4255,0.42775,0.42675,0.427,0.428,0.425,0.4265,0.42475,0.42425,0.425,0.4225,0.42075,0.42175,0.41875,0.417,0.41475,0.4125,0.406,0.4055,0.40625,0.40175,0.39925,0.4005,0.39875,0.396,0.3935,0.3945,0.3945,0.392,0.3925,0.391,0.38775,0.386,0.38425,0.3805,0.37775,0.37475,0.37325,0.368,0.36825,0.365,0.3615,0.359,0.354,0.35125,0.347,0.3465,0.33975,0.33575,0.33,0.32625,0.32125,0.319,0.317,0.311,0.30675,0.3055,0.30175,0.2965,0.29275,0.2895,0.2855,0.281,0.27675,0.2725,0.2705,0.26725,0.26425,0.26125,0.25625,0.254,0.24875,0.247,0.24325,0.23725,0.231,0.2245
0.20975,0.21775,0.22375,0.22775,0.23275,0.23525,0.24075,0.24425,0.248,0.2525,0.255,0.26,0.2615,0.2665,0.2685,0.27475,0.2775,0.2795,0.28475,0.28975,0.29275,0.29425,0.297,0.29925,0.305,0.3085,0.31175,0.31475,0.3195,0.32075,0.3245,0.32775,0.32975,0.33275,0.33625,0.34025,0.34025,0.344,0.34675,0.347,0.35275,0.3555,0.3585,0.361,0.3635,0.3665,0.369,0.37025,0.373,0.3745,0.3755,0.376,0.377,0.37825,0.382,0.38275,0.38625,0.389,0.3885,0.38875,0.389,0.39,0.39075,0.39375,0.3975,0.39775,0.4015,0.3995,0.40075,0.4015,0.40225,0.403,0.4055,0.40875,0.41225,0.41225,0.413,0.413,0.41525,0.4165,0.419,0.418,0.41875,0.4225,0.4205,0.422,0.418,0.4205,0.4235,0.421,0.4275,0.42725,0.4275,0.426,0.42625,0.4255,0.428,0.42625,0.4285,0.42925,0.427,0.42925,0.43,0.428,0.4265,0.428,0.4275,0.42825,0.4275,0.43025,0.432,0.4285,0.431,0.43075,0.4325,0.43325,0.431,0.43325,0.433,0.431,0.43125,0.4285,0.42525,0.42525,0.42575,0.425,0.4235,0.425,0.42525,0.42175,0.42375,0.42325,0.4225,0.42125,0.42,0.41875,0.4165,0.41425,0.41275,0.4125,0.4075,0.40325,0.40375,0.402,0.398,0.397,0.3955,0.39425,0.39475,0.3945,0.39275,0.39175,0.392,0.39,0.389,0.386,0.3825,0.38025,0.3755,0.37475,0.36975,0.367,0.365,0.3615,0.35875,0.35575,0.35275,0.352,0.349,0.3425,0.33975,0.334,0.33,0.32575,0.32075,0.318,0.314,0.3115,0.30575,0.303,0.29925,0.29625,0.2915,0.28775,0.283,0.28125,0.27725,0.272,0.2705,0.26575,0.26375,0.261,0.25625,0.25125,0.249,0.24675,0.2415,0.237,0.23225,0.22325
0.2095,0.21525,0.22225,0.23075,0.232,0.235,0.23825,0.24225,0.248,0.25375,0.257,0.26025,0.26325,0.26625,0.27025,0.27125,0.27625,0.2805,0.285,0.288,0.28975,0.29225,0.296,0.29875,0.303,0.308,0.312,0.31425,0.31425,0.32125,0.32325,0.326,0.32825,0.33075,0.33375,0.33725,0.33975,0.34325,0.34525,0.34825,0.35075,0.3555,0.3575,0.36125,0.3635,0.36675,0.36625,0.36875,0.37,0.3735,0.37475,0.376,0.3775,0.38025,0.38025,0.38325,0.38575,0.38875,0.38825,0.38775,0.3895,0.39075,0.3915,0.39275,0.3935,0.396,0.39675,0.39975,0.39925,0.40075,0.4045,0.405,0.4055,0.40875,0.4085,0.40875,0.41225,0.41475,0.41475,0.417,0.41725,0.419,0.41975,0.41725,0.41975,0.41825,0.419,0.421,0.423,0.426,0.42525,0.426,0.428,0.42575,0.424,0.425,0.42625,0.42925,0.42625,0.42575,0.42775,0.42775,0.42625,0.42725,0.4255,0.42775,0.42575,0.42725,0.427,0.42725,0.42825,0.429,0.42925,0.431,0.43125,0.4305,0.432,0.432,0.433,0.43225,0.42975,0.4285,0.426,0.42425,0.42475,0.4255,0.4235,0.424,0.4235,0.422,0.42025,0.42125,0.4195,0.41675,0.4155,0.416,0.41575,0.4125,0.41275,0.41075,0.40575,0.40475,0.402,0.39825,0.39675,0.39675,0.39425,0.39475,0.39125,0.39325,0.392,0.3915,0.38975,0.38825,0.388,0.38425,0.38175,0.378,0.3755,0.37175,0.369,0.36475,0.362,0.35875,0.35525,0.3535,0.3515,0.34825,0.347,0.34375,0.3375,0.333,0.32825,0.3245,0.32,0.3175,0.314,0.30975,0.3065,0.3,0.29925,0.295,0.2905,0.2855,0.28275,0.27975,0.2755,0.2745,0.26925,0.26575,0.26025,0.259,0.25475,0.25225,0.24775,0.244,0.241,0.23675,0.2335,0.22325
0.209,0.21625,0.222,0.22825,0.23425,0.2375,0.23975,0.24375,0.247,0.25,0.25525,0.258,0.26125,0.26625,0.2675,0.271,0.2755,0.2805,0.28325,0.28775,0.289,0.2925,0.29625,0.3,0.302,0.3065,0.312,0.31275,0.316,0.31725,0.324,0.32425,0.327,0.33025,0.3335,0.33825,0.341,0.343,0.345,0.347,0.35025,0.354,0.35825,0.359,0.3635,0.365,0.36525,0.368,0.36975,0.369,0.374,0.375,0.37575,0.37825,0.38075,0.38125,0.38475,0.38825,0.38725,0.38975,0.3885,0.389,0.3895,0.3925,0.3915,0.393,0.39725,0.39825,0.40075,0.40075,0.4015,0.40575,0.40675,0.4075,0.40925,0.40925,0.4125,0.41425,0.41525,0.416,0.415,0.4155,0.417,0.4165,0.417,0.4175,0.41775,0.42,0.422,0.42525,0.4235,0.4245,0.426,0.426,0.424,0.42175,0.42725,0.42675,0.426,0.42525,0.42625,0.425,0.424,0.42675,0.4255,0.4255,0.42625,0.42525,0.42625,0.42325,0.42625,0.42825,0.42925,0.429,0.431,0.43075,0.43,0.43075,0.42975,0.43125,0.429,0.427,0.4275,0.425,0.42225,0.4235,0.4245,0.42125,0.42175,0.4205,0.418,0.41725,0.41575,0.4135,0.41425,0.41325,0.41425,0.41175,0.411,0.406,0.40525,0.4035,0.40275,0.39725,0.396,0.39525,0.395,0.39325,0.3905,0.392,0.3915,0.38825,0.387,0.3855,0.3835,0.38175,0.3795,0.3765,0.373,0.37225,0.3665,0.3635,0.357,0.3575,0.3545,0.35275,0.349,0.349,0.34625,0.341,0.33575,0.33125,0.32625,0.322,0.32,0.31625,0.314,0.308,0.30525,0.3005,0.297,0.293,0.2885,0.28475,0.2825,0.27975,0.27625,0.273,0.2715,0.26475,0.26075,0.2555,0.25525,0.25,0.24625,0.24375,0.24025,0.23775,0.23225,0.2225
0.20875,0.218,0.22275,0.228,0.2315,0.23675,0.2405,0.245,0.24725,0.24825,0.252,0.25575,0.26125,0.26425,0.26725,0.27,0.2745,0.27975,0.2825,0.28575,0.288,0.2905,0.294,0.29825,0.3015,0.30525,0.309,0.31225,0.31575,0.31975,0.321,0.32675,0.3255,0.329,0.3325,0.33625,0.341,0.34175,0.34475,0.3465,0.34975,0.353,0.35525,0.35925,0.36075,0.3635,0.36375,0.36425,0.36875,0.37,0.37125,0.3735,0.375,0.378,0.379,0.38175,0.38175,0.384,0.3865,0.38875,0.3905,0.38775,0.39075,0.391,0.3915,0.392,0.39275,0.3955,0.39675,0.3995,0.403,0.4035,0.40575,0.40525,0.406,0.41,0.4105,0.41275,0.413,0.414,0.41525,0.41325,0.41525,0.414,0.4155,0.41525,0.41675,0.41975,0.42375,0.4215,0.4235,0.4245,0.42275,0.42275,0.42125,0.4235,0.42375,0.42475,0.42525,0.42475,0.42525,0.42425,0.42475,0.42525,0.42475,0.4255,0.4245,0.426,0.42475,0.42425,0.42625,0.42725,0.42775,0.42775,0.4305,0.4305,0.42975,0.43,0.432,0.43,0.4295,0.427,0.42525,0.424,0.4235,0.4215,0.4225,0.4225,0.421,0.418,0.41825,0.415,0.41325,0.41325,0.413,0.412,0.41125,0.41125,0.4085,0.406,0.40375,0.4025,0.402,0.399,0.395,0.396,0.394,0.3925,0.39075,0.393,0.387,0.3855,0.3855,0.38475,0.38325,0.37975,0.3775,0.37575,0.37275,0.37025,0.36725,0.362,0.35875,0.35725,0.35275,0.351,0.34925,0.346,0.3425,0.338,0.33425,0.32975,0.3255,0.3235,0.32025,0.317,0.31325,0.3075,0.30425,0.29975,0.298,0.29225,0.28725,0.28675,0.283,0.28025,0.276,0.27225,0.2685,0.26475,0.25925,0.25725,0.25275,0.2475,0.246,0.2425,0.24025,0.23525,0.23125,0.22175
0.21025,0.21825,0.2235,0.22725,0.23075,0.236,0.24075,0.245,0.24625,0.24925,0.25225,0.25675,0.261,0.26325,0.26575,0.27075,0.27425,0.278,0.28025,0.28475,0.2865,0.29075,0.29325,0.298,0.30025,0.304,0.30625,0.3095,0.3155,0.31775,0.3215,0.32225,0.32525,0.32775,0.3315,0.333,0.3385,0.34225,0.345,0.347,0.34975,0.35225,0.35525,0.357,0.36025,0.36025,0.36175,0.36375,0.367,0.3695,0.37075,0.37025,0.37425,0.377,0.3785,0.3795,0.3815,0.38175,0.38325,0.3865,0.388,0.391,0.389,0.39075,0.38975,0.3915,0.39275,0.393,0.3965,0.39775,0.4015,0.40425,0.40375,0.4065,0.408,0.4065,0.4125,0.41175,0.41325,0.4165,0.4155,0.41375,0.41525,0.4145,0.41575,0.416,0.418,0.421,0.41725,0.42175,0.422,0.422,0.421,0.4205,0.4225,0.42225,0.42275,0.424,0.424,0.42275,0.422,0.42375,0.42225,0.42175,0.42325,0.424,0.42525,0.42475,0.4265,0.427,0.425,0.42575,0.42475,0.425,0.42575,0.42675,0.429,0.43,0.429,0.42875,0.4275,0.42725,0.4245,0.42225,0.42325,0.42275,0.421,0.4225,0.41875,0.418,0.41575,0.41425,0.4125,0.41125,0.4135,0.40875,0.40925,0.40975,0.40775,0.40275,0.404,0.40225,0.401,0.3995,0.39775,0.39475,0.3945,0.39225,0.38925,0.38575,0.3865,0.38475,0.3845,0.38275,0.379,0.377,0.374,0.37175,0.36925,0.366,0.36225,0.3595,0.35575,0.35575,0.35225,0.349,0.3475,0.34325,0.3395,0.33525,0.33025,0.32975,0.32575,0.32125,0.31925,0.3155,0.31125,0.30725,0.302,0.29925,0.29325,0.2915,0.287,0.284,0.28275,0.27775,0.27475,0.27025,0.26575,0.263,0.26,0.2545,0.251,0.249,0.245,0.2425,0.24,0.235,0.22975,0.2205
0.209,0.21625,0.222,0.2285,0.233,0.2355,0.23975,0.243,0.24575,0.2495,0.25225,0.25575,0.25875,0.26375,0.26675,0.27025,0.27275,0.2755,0.28025,0.282,0.28675,0.29025,0.292,0.298,0.29975,0.30275,0.305,0.308,0.31175,0.31675,0.31775,0.322,0.3225,0.32925,0.3275,0.33225,0.3355,0.338,0.343,0.3475,0.35125,0.353,0.353,0.35575,0.3555,0.358,0.361,0.36425,0.367,0.369,0.36925,0.3725,0.3725,0.3765,0.37775,0.379,0.38075,0.38175,0.3825,0.3865,0.387,0.3895,0.3905,0.38875,0.3895,0.392,0.3915,0.39125,0.39475,0.39875,0.4005,0.40125,0.40425,0.405,0.40725,0.40875,0.408,0.4105,0.412,0.41025,0.415,0.4145,0.41225,0.414,0.41425,0.413,0.4185,0.41725,0.4165,0.41925,0.4195,0.41875,0.4185,0.422,0.422,0.4215,0.42125,0.4205,0.42175,0.42075,0.42075,0.42225,0.422,0.423,0.424,0.42525,0.42375,0.424,0.4255,0.42625,0.4265,0.4225,0.424,0.425,0.427,0.42725,0.42875,0.42975,0.42875,0.4265,0.42675,0.42575,0.42625,0.42475,0.422,0.42075,0.4215,0.4185,0.41775,0.41525,0.411,0.41275,0.41125,0.41325,0.408,0.4075,0.40725,0.40675,0.40425,0.402,0.40175,0.4,0.4005,0.3995,0.398,0.396,0.392,0.3915,0.3885,0.38425,0.3835,0.3855,0.38175,0.379,0.3765,0.3735,0.36975,0.3685,0.36625,0.36625,0.361,0.35875,0.35675,0.35425,0.34975,0.348,0.344,0.34075,0.339,0.33375,0.332,0.3285,0.32625,0.322,0.316,0.3125,0.308,0.30675,0.30325,0.298,0.2935,0.28925,0.28675,0.28375,0.2805,0.27825,0.2735,0.269,0.2655,0.26175,0.25775,0.2545,0.25,0.247,0.24475,0.2425,0.237,0.23325,0.22575,0.21875
0.2095,0.21425,0.22025,0.227,0.232,0.23475,0.23725,0.23975,0.24475,0.2485,0.252,0.25325,0.25825,0.262,0.266,0.26825,0.2715,0.27675,0.27875,0.28325,0.28525,0.28925,0.29325,0.2965,0.29975,0.30125,0.30375,0.30875,0.30975,0.313,0.31725,0.31825,0.32525,0.325,0.32875,0.33175,0.33375,0.33675,0.3405,0.3465,0.3475,0.3515,0.35325,0.35525,0.355,0.3565,0.36125,0.36075,0.36525,0.36775,0.3695,0.371,0.37375,0.37525,0.37675,0.3775,0.37825,0.3815,0.384,0.3855,0.38525,0.38775,0.38725,0.38875,0.38875,0.38925,0.391,0.39075,0.394,0.396,0.3975,0.39975,0.40325,0.40575,0.40725,0.4065,0.40775,0.40725,0.40975,0.411,0.4125,0.414,0.41425,0.416,0.41675,0.4175,0.4145,0.41475,0.4175,0.4185,0.416,0.418,0.4185,0.41975,0.4205,0.4205,0.4195,0.42125,0.41925,0.42075,0.41875,0.4205,0.4215,0.421,0.425,0.4235,0.42425,0.424,0.42525,0.425,0.42525,0.4245,0.42175,0.4245,0.4255,0.42625,0.4275,0.427,0.42675,0.42625,0.428,0.4265,0.42575,0.42475,0.422,0.41975,0.42,0.422,0.41725,0.4145,0.414,0.41325,0.4115,0.4105,0.409,0.407,0.40625,0.40425,0.4005,0.4015,0.40125,0.399,0.3985,0.397,0.39625,0.39525,0.3925,0.38825,0.38575,0.3855,0.382,0.38225,0.37875,0.3765,0.37475,0.3715,0.3685,0.3665,0.36075,0.363,0.36025,0.357,0.35525,0.3515,0.34825,0.34575,0.342,0.3395,0.33675,0.335,0.32825,0.32675,0.32375,0.32025,0.3155,0.31025,0.3075,0.305,0.30125,0.29575,0.29475,0.29025,0.287,0.28375,0.279,0.27575,0.271,0.26875,0.26525,0.26175,0.25725,0.25475,0.251,0.247,0.2445,0.24025,0.2365,0.2335,0.229,0.21875
0.20775,0.2155,0.22,0.225,0.22975,0.23275,0.2365,0.23925,0.2445,0.24975,0.2505,0.25525,0.25775,0.26125,0.2625,0.26725,0.27075,0.2745,0.27775,0.28175,0.285,0.2895,0.29375,0.295,0.29925,0.302,0.3035,0.30825,0.3105,0.31225,0.3175,0.32025,0.32475,0.32625,0.328,0.32975,0.33375,0.33775,0.3395,0.34325,0.34475,0.34975,0.34975,0.35225,0.35375,0.35625,0.35825,0.3615,0.3625,0.36625,0.3685,0.37175,0.37525,0.375,0.3765,0.3775,0.37925,0.38025,0.3805,0.38375,0.38375,0.38675,0.38825,0.387,0.38775,0.38925,0.3905,0.392,0.3935,0.395,0.3945,0.3985,0.40175,0.4045,0.4055,0.40625,0.4075,0.408,0.40625,0.41025,0.41125,0.41125,0.415,0.4155,0.41725,0.4135,0.41525,0.412,0.41375,0.41375,0.41275,0.4165,0.41925,0.4175,0.4185,0.41825,0.417,0.4185,0.4185,0.41825,0.41825,0.41775,0.42025,0.42425,0.4215,0.42375,0.42125,0.423,0.4235,0.422,0.4245,0.4235,0.4245,0.423,0.42325,0.4245,0.42475,0.423,0.423,0.4245,0.426,0.4255,0.425,0.4225,0.42075,0.421,0.41925,0.419,0.4165,0.411,0.41325,0.41075,0.40875,0.408,0.406,0.4045,0.40375,0.40425,0.39825,0.398,0.39775,0.39875,0.3975,0.39575,0.3945,0.395,0.3915,0.38875,0.3855,0.384,0.3815,0.381,0.376,0.3745,0.37,0.36875,0.36525,0.36425,0.36225,0.36075,0.3585,0.35775,0.35375,0.35025,0.34675,0.34275,0.34075,0.33625,0.334,0.33125,0.329,0.32575,0.323,0.3185,0.31575,0.3115,0.30725,0.3045,0.299,0.29625,0.2925,0.29025,0.284,0.2835,0.27825,0.27325,0.26875,0.26875,0.2655,0.26,0.25725,0.253,0.25175,0.24825,0.242,0.23775,0.2335,0.23125,0.22575,0.2195
0.2085,0.21575,0.2195,0.224,0.22475,0.23025,0.23525,0.23975,0.242,0.24525,0.25,0.255,0.25825,0.26,0.26175,0.2665,0.27075,0.275,0.27675,0.28,0.284,0.2895,0.29175,0.295,0.29825,0.30075,0.30425,0.306,0.30975,0.3125,0.317,0.31775,0.32275,0.32475,0.326,0.32875,0.334,0.33525,0.339,0.34225,0.34375,0.34625,0.3485,0.3535,0.35325,0.35625,0.358,0.36075,0.36325,0.36425,0.367,0.36975,0.372,0.375,0.37525,0.37775,0.3775,0.38,0.3805,0.38175,0.384,0.38275,0.385,0.38675,0.38725,0.389,0.39225,0.3915,0.39225,0.39325,0.39575,0.39825,0.40275,0.4025,0.4045,0.40475,0.4065,0.4075,0.40825,0.40675,0.40975,0.412,0.41275,0.41875,0.41625,0.414,0.41525,0.41325,0.4125,0.41225,0.414,0.41625,0.414,0.41925,0.4175,0.4175,0.41575,0.4165,0.417,0.41575,0.41725,0.41825,0.42025,0.419,0.421,0.41975,0.42275,0.42225,0.4205,0.423,0.42475,0.4225,0.4225,0.42175,0.4225,0.42175,0.421,0.42275,0.4235,0.42325,0.425,0.423,0.42225,0.4215,0.421,0.421,0.41975,0.41775,0.4135,0.41325,0.413,0.4085,0.4075,0.40525,0.4045,0.404,0.403,0.40025,0.39875,0.398,0.39825,0.3945,0.3965,0.39425,0.39325,0.39,0.39025,0.38825,0.385,0.38175,0.37975,0.3775,0.374,0.373,0.3705,0.36675,0.36325,0.362,0.3605,0.3575,0.35625,0.3545,0.352,0.348,0.343,0.3405,0.33825,0.336,0.33125,0.3295,0.3265,0.32425,0.31875,0.3185,0.315,0.31325,0.30775,0.302,0.29975,0.29475,0.29325,0.28975,0.28675,0.28125,0.27575,0.27275,0.2685,0.26675,0.262,0.26025,0.257,0.25425,0.25025,0.24475,0.24225,0.2375,0.2335,0.2285,0.224,0.21925
0.20725,0.214,0.2185,0.22125,0.22425,0.22925,0.235,0.237,0.24,0.244,0.24925,0.253,0.25575,0.25875,0.263,0.2655,0.269,0.2725,0.277,0.2795,0.28375,0.287,0.29025,0.2935,0.2965,0.29975,0.3015,0.303,0.3065,0.312,0.31425,0.31725,0.32025,0.323,0.326,0.329,0.33275,0.33425,0.337,0.342,0.3415,0.34375,0.34875,0.35075,0.35425,0.35625,0.356,0.35975,0.36025,0.367,0.36525,0.3705,0.37225,0.37175,0.37475,0.37575,0.3765,0.376,0.3815,0.38125,0.3815,0.38,0.38325,0.38275,0.38825,0.39025,0.39175,0.3925,0.393,0.39525,0.3965,0.399,0.398,0.40025,0.4005,0.4035,0.40625,0.4055,0.40575,0.4085,0.408,0.41,0.4145,0.414,0.4165,0.416,0.41525,0.41,0.40875,0.41125,0.412,0.41325,0.41575,0.414,0.415,0.4155,0.415,0.415,0.41425,0.4145,0.41325,0.41925,0.41775,0.417,0.4195,0.41875,0.42075,0.42025,0.42,0.41875,0.42175,0.4225,0.423,0.42125,0.4205,0.42025,0.42125,0.41925,0.42175,0.42225,0.4195,0.4215,0.4205,0.4205,0.421,0.41925,0.41725,0.41375,0.412,0.4115,0.40825,0.4075,0.40475,0.4045,0.40375,0.40125,0.4015,0.40025,0.39675,0.3975,0.39325,0.3945,0.3935,0.39575,0.39125,0.3895,0.38725,0.38875,0.3825,0.3805,0.377,0.37425,0.3715,0.36925,0.36675,0.36625,0.36225,0.3595,0.358,0.356,0.35375,0.3515,0.34875,0.345,0.34325,0.33775,0.337,0.3345,0.33075,0.32675,0.32225,0.319,0.3185,0.31375,0.31175,0.30825,0.3065,0.303,0.298,0.29675,0.29025,0.28875,0.28475,0.28225,0.27625,0.274,0.268,0.26425,0.2615,0.25825,0.25675,0.2545,0.24875,0.24375,0.24125,0.23825,0.23225,0.229,0.22325,0.215
0.21075,0.216,0.219,0.22125,0.2265,0.228,0.23175,0.235,0.24025,0.24425,0.2475,0.2515,0.2555,0.25825,0.26175,0.26525,0.26725,0.26975,0.277,0.2795,0.28425,0.286,0.2875,0.2935,0.29475,0.297,0.299,0.30375,0.30725,0.30975,0.313,0.3175,0.3185,0.322,0.3235,0.3265,0.33,0.3315,0.33675,0.3375,0.33975,0.3435,0.34675,0.3485,0.35125,0.35575,0.35625,0.3575,0.36175,0.365,0.3675,0.36625,0.3705,0.37025,0.372,0.37425,0.3755,0.37725,0.37925,0.3795,0.38025,0.3795,0.3825,0.38475,0.38775,0.388,0.391,0.39275,0.3945,0.39425,0.3955,0.39525,0.3955,0.39675,0.3985,0.4025,0.4035,0.404,0.405,0.40825,0.408,0.40975,0.41,0.41125,0.41275,0.41375,0.41125,0.41025,0.4125,0.40975,0.412,0.41375,0.41475,0.4135,0.41,0.412,0.41275,0.4105,0.41325,0.412,0.415,0.41575,0.41925,0.417,0.41875,0.41875,0.41875,0.41975,0.41975,0.41925,0.42025,0.42225,0.4205,0.41925,0.419,0.42075,0.42025,0.41725,0.4165,0.41625,0.417,0.4175,0.4195,0.4195,0.4185,0.418,0.41375,0.414,0.412,0.4105,0.40975,0.4065,0.404,0.4015,0.40075,0.39975,0.39775,0.3995,0.399,0.394,0.395,0.3945,0.393,0.391,0.39075,0.3895,0.38825,0.38475,0.383,0.37925,0.37725,0.37125,0.37025,0.366,0.3625,0.36125,0.36,0.35825,0.357,0.354,0.35125,0.348,0.34525,0.343,0.3395,0.33775,0.335,0.33275,0.3295,0.3265,0.3205,0.31775,0.31575,0.313,0.3085,0.30775,0.305,0.30325,0.29825,0.2955,0.29025,0.28775,0.2825,0.2805,0.27725,0.27225,0.268,0.26575,0.26075,0.25925,0.2555,0.25125,0.24675,0.24275,0.23875,0.2345,0.23075,0.22725,0.22275,0.2145
0.209,0.2145,0.219,0.22125,0.22575,0.2285,0.22975,0.2355,0.24025,0.24425,0.24675,0.25,0.2545,0.25875,0.2605,0.265,0.26625,0.26975,0.274,0.279,0.2825,0.285,0.2885,0.2895,0.293,0.2935,0.301,0.30375,0.3055,0.31025,0.31125,0.31375,0.31825,0.32225,0.32275,0.32575,0.32875,0.32925,0.33175,0.3355,0.33875,0.34275,0.3445,0.34725,0.35175,0.353,0.357,0.35825,0.36,0.3615,0.3655,0.366,0.36725,0.36975,0.37075,0.37125,0.37475,0.376,0.3755,0.37625,0.37875,0.3795,0.38175,0.38575,0.38625,0.38625,0.38825,0.39175,0.394,0.3945,0.393,0.3945,0.3925,0.39525,0.397,0.40025,0.39975,0.4035,0.40425,0.40525,0.41025,0.40775,0.40625,0.4095,0.40925,0.40875,0.411,0.41,0.41,0.40975,0.4105,0.411,0.40975,0.40925,0.41,0.409,0.41,0.4105,0.40975,0.413,0.41325,0.4135,0.4145,0.4195,0.41775,0.4155,0.417,0.418,0.418,0.41925,0.42075,0.419,0.41625,0.41825,0.41825,0.417,0.41725,0.41775,0.41475,0.416,0.41625,0.41775,0.41675,0.4175,0.41425,0.4145,0.414,0.41275,0.4125,0.4105,0.4065,0.40575,0.40425,0.4,0.39825,0.39775,0.3985,0.39825,0.398,0.3965,0.39425,0.394,0.3885,0.3885,0.38725,0.39,0.3865,0.38325,0.37925,0.37775,0.375,0.372,0.36875,0.364,0.3625,0.3605,0.35925,0.35775,0.35425,0.352,0.34925,0.346,0.345,0.34125,0.34,0.33825,0.3355,0.33,0.32875,0.32175,0.319,0.31675,0.3145,0.31125,0.309,0.30775,0.304,0.30225,0.29925,0.29525,0.2915,0.287,0.28225,0.28,0.27475,0.2705,0.2685,0.2665,0.262,0.2575,0.2515,0.25025,0.247,0.243,0.2375,0.23525,0.23,0.2275,0.2205,0.217
0.20525,0.21225,0.21825,0.22175,0.225,0.225,0.231,0.2345,0.23825,0.2425,0.245,0.24975,0.25475,0.257,0.261,0.2645,0.268,0.2695,0.27375,0.27775,0.283,0.2835,0.28575,0.288,0.29175,0.29625,0.29825,0.302,0.306,0.30875,0.31025,0.312,0.31775,0.32075,0.323,0.32325,0.32825,0.32875,0.3305,0.334,0.338,0.34025,0.34325,0.3445,0.34875,0.353,0.35425,0.35775,0.35925,0.36025,0.36225,0.3645,0.36725,0.36875,0.3685,0.37125,0.371,0.37225,0.37425,0.37375,0.378,0.38075,0.3825,0.3825,0.3845,0.38775,0.3875,0.39025,0.3905,0.39025,0.393,0.3945,0.3925,0.3955,0.39675,0.3985,0.40025,0.4005,0.405,0.4065,0.407,0.4065,0.407,0.40625,0.4045,0.4055,0.40625,0.411,0.40825,0.40925,0.4095,0.4095,0.406,0.4055,0.4085,0.40725,0.40725,0.41025,0.41175,0.41125,0.414,0.41175,0.41325,0.4135,0.41525,0.4165,0.41525,0.41575,0.41525,0.41775,0.4165,0.41675,0.41375,0.41425,0.4165,0.416,0.415,0.416,0.41575,0.416,0.41575,0.416,0.4155,0.4135,0.4125,0.41275,0.413,0.4105,0.4115,0.40925,0.4065,0.40225,0.403,0.4005,0.3965,0.39625,0.395,0.39375,0.39525,0.3945,0.39375,0.38825,0.3905,0.38825,0.386,0.38525,0.38325,0.3795,0.37625,0.375,0.3735,0.3695,0.36675,0.3635,0.36175,0.3595,0.358,0.3535,0.353,0.347,0.3435,0.3435,0.342,0.34125,0.33675,0.33625,0.333,0.328,0.32475,0.3235,0.31975,0.31625,0.31175,0.31075,0.308,0.30725,0.3035,0.301,0.2975,0.29425,0.2895,0.28525,0.2825,0.27975,0.27525,0.273,0.26825,0.2655,0.263,0.25725,0.2515,0.249,0.2455,0.242,0.23825,0.234,0.22875,0.227,0.22375,0.21375
0.20425,0.21175,0.21675,0.22075,0.22475,0.2275,0.2315,0.23525,0.2365,0.24125,0.2445,0.24825,0.25375,0.257,0.2585,0.26375,0.26575,0.272,0.27375,0.27675,0.2805,0.2825,0.2855,0.2875,0.291,0.29475,0.2975,0.29825,0.30375,0.30625,0.30775,0.31075,0.314,0.3195,0.32175,0.32175,0.324,0.32875,0.33025,0.334,0.3355,0.3375,0.339,0.34325,0.345,0.3495,0.35375,0.35475,0.359,0.35875,0.359,0.36275,0.365,0.365,0.36725,0.36925,0.37025,0.3715,0.375,0.3765,0.3785,0.37975,0.38,0.38325,0.38425,0.3865,0.38725,0.38825,0.3895,0.38925,0.39275,0.39275,0.3945,0.3935,0.3925,0.39525,0.3975,0.4005,0.401,0.40275,0.40475,0.4055,0.40525,0.4035,0.4035,0.405,0.40425,0.405,0.406,0.408,0.4055,0.407,0.40525,0.40575,0.4085,0.40775,0.4065,0.40775,0.41025,0.409,0.41,0.41225,0.41125,0.411,0.4125,0.4135,0.414,0.41425,0.4145,0.415,0.415,0.41225,0.41375,0.41525,0.41575,0.4145,0.41375,0.414,0.41375,0.414,0.4145,0.413,0.41325,0.4105,0.4115,0.414,0.41075,0.4115,0.40725,0.405,0.4045,0.4015,0.40025,0.399,0.39775,0.39675,0.3935,0.394,0.394,0.393,0.39175,0.39125,0.38875,0.386,0.385,0.38375,0.38025,0.37825,0.37675,0.37425,0.372,0.3665,0.36575,0.363,0.36125,0.358,0.35575,0.3515,0.35025,0.34575,0.34375,0.34125,0.3395,0.33725,0.33625,0.3325,0.3315,0.32525,0.3245,0.32175,0.31975,0.31275,0.3125,0.30925,0.306,0.30475,0.3025,0.30025,0.29725,0.29175,0.29025,0.28725,0.282,0.2775,0.27425,0.27125,0.2675,0.26525,0.26075,0.255,0.25075,0.24675,0.24325,0.24175,0.238,0.23325,0.23,0.2275,0.2215,0.21425
0.20425,0.21,0.2135,0.21825,0.2225,0.2275,0.2295,0.23325,0.2365,0.23975,0.24425,0.247,0.25275,0.2545,0.259,0.2615,0.26725,0.268,0.2725,0.2735,0.2785,0.28075,0.28375,0.28825,0.29025,0.293,0.29475,0.2995,0.301,0.3045,0.30725,0.3095,0.3125,0.31525,0.3195,0.32075,0.32225,0.32575,0.33,0.331,0.334,0.334,0.339,0.3395,0.344,0.34825,0.35,0.35375,0.35575,0.3585,0.35825,0.3595,0.362,0.36525,0.36725,0.3655,0.368,0.3705,0.3725,0.3765,0.378,0.378,0.37875,0.38275,0.38475,0.385,0.3865,0.385,0.38875,0.389,0.392,0.3945,0.39425,0.39175,0.3915,0.39225,0.39475,0.39825,0.399,0.40025,0.40275,0.404,0.4025,0.40375,0.4025,0.40275,0.40325,0.404,0.40325,0.40475,0.403,0.40425,0.40375,0.405,0.40575,0.40525,0.40775,0.40775,0.40775,0.409,0.40825,0.40975,0.4095,0.409,0.41075,0.41025,0.41425,0.41375,0.4135,0.413,0.413,0.4125,0.41325,0.41325,0.41225,0.41075,0.4125,0.4125,0.413,0.41375,0.4115,0.41125,0.411,0.41,0.41225,0.40975,0.4105,0.4075,0.40475,0.4025,0.40125,0.40025,0.39925,0.39875,0.39925,0.3975,0.39525,0.39375,0.39325,0.38825,0.3905,0.38925,0.38825,0.38525,0.3835,0.38025,0.37725,0.37625,0.37275,0.372,0.36925,0.36525,0.36275,0.361,0.3605,0.35475,0.35375,0.349,0.34425,0.3435,0.34175,0.33975,0.3365,0.33525,0.33425,0.332,0.32625,0.325,0.324,0.318,0.3155,0.314,0.31025,0.30875,0.30675,0.30225,0.3,0.2985,0.29325,0.28925,0.28725,0.2855,0.2815,0.277,0.27325,0.2725,0.268,0.26225,0.2605,0.25325,0.25,0.2475,0.2415,0.2395,0.23625,0.234,0.23025,0.225,0.22175,0.21375
0.20575,0.209,0.213,0.21725,0.22325,0.225,0.2295,0.23175,0.23525,0.24,0.2415,0.2455,0.25075,0.25425,0.2575,0.26225,0.2655,0.2675,0.26875,0.272,0.2745,0.276,0.2825,0.2875,0.28775,0.29,0.29425,0.2965,0.3,0.304,0.3075,0.3115,0.311,0.31425,0.31525,0.31875,0.3235,0.32525,0.32625,0.32975,0.33275,0.3355,0.3355,0.3385,0.341,0.345,0.34675,0.35125,0.35175,0.35375,0.3575,0.35725,0.35825,0.3605,0.36375,0.36625,0.3665,0.3695,0.371,0.37475,0.37675,0.37675,0.37925,0.381,0.38175,0.386,0.38475,0.387,0.38725,0.3875,0.3905,0.39225,0.3905,0.392,0.3915,0.39375,0.39675,0.39575,0.3955,0.39875,0.3995,0.40125,0.4,0.40225,0.40225,0.402,0.40175,0.401,0.402,0.4005,0.4015,0.403,0.402,0.40375,0.40325,0.4035,0.40325,0.4065,0.40575,0.40575,0.40725,0.4055,0.40975,0.4105,0.4085,0.411,0.41125,0.4135,0.41375,0.41125,0.41175,0.41025,0.4115,0.40925,0.411,0.40925,0.40975,0.41225,0.4125,0.4095,0.40975,0.40875,0.40825,0.40925,0.40525,0.4075,0.40725,0.404,0.3995,0.3985,0.39775,0.39775,0.39675,0.39625,0.395,0.3965,0.39625,0.39275,0.39125,0.39025,0.3885,0.38775,0.387,0.385,0.37975,0.37775,0.37575,0.3705,0.3705,0.36925,0.36675,0.3625,0.36225,0.3605,0.35775,0.354,0.34875,0.34675,0.3445,0.341,0.34075,0.33775,0.3345,0.33125,0.33175,0.3275,0.32475,0.3225,0.323,0.31725,0.31525,0.31125,0.31025,0.3085,0.30475,0.30175,0.29875,0.2955,0.293,0.29,0.2865,0.28275,0.27975,0.2755,0.27275,0.2715,0.265,0.26175,0.25775,0.254,0.2485,0.24725,0.24225,0.23725,0.23525,0.23375,0.22975,0.22775,0.2225,0.215
0.20125,0.2085,0.21125,0.217,0.218,0.2245,0.22775,0.2325,0.23575,0.23975,0.2425,0.24375,0.24875,0.2535,0.2575,0.262,0.2635,0.26675,0.26975,0.2695,0.2735,0.27625,0.281,0.28225,0.2865,0.288,0.289,0.2955,0.299,0.30175,0.307,0.3095,0.31225,0.31275,0.315,0.31575,0.32025,0.32375,0.32425,0.32625,0.331,0.33225,0.33275,0.336,0.33925,0.34075,0.344,0.34875,0.3495,0.3535,0.3545,0.35775,0.35775,0.36,0.36275,0.366,0.366,0.36675,0.37075,0.37225,0.37275,0.37675,0.3795,0.3795,0.38275,0.38325,0.3855,0.38375,0.3855,0.38775,0.3885,0.38825,0.389,0.39125,0.392,0.39375,0.39375,0.3935,0.395,0.396,0.399,0.3975,0.39975,0.40075,0.39975,0.40025,0.4015,0.39975,0.39925,0.4,0.39925,0.40075,0.399,0.40075,0.40125,0.402,0.40375,0.40475,0.40475,0.4045,0.40225,0.4055,0.40725,0.40825,0.4105,0.41025,0.41025,0.40875,0.4115,0.412,0.413,0.41075,0.40825,0.4085,0.407,0.40925,0.40725,0.41,0.409,0.40725,0.40725,0.40675,0.40625,0.4055,0.4065,0.40425,0.40525,0.4015,0.401,0.40025,0.397,0.397,0.3975,0.3965,0.39425,0.394,0.396,0.39225,0.3905,0.388,0.3875,0.387,0.38325,0.3815,0.379,0.37575,0.37425,0.37075,0.36675,0.36525,0.36375,0.36275,0.36175,0.35825,0.3545,0.353,0.34975,0.3445,0.3405,0.33875,0.33625,0.33325,0.33275,0.33025,0.3245,0.32625,0.32425,0.32275,0.31825,0.317,0.31375,0.3115,0.30825,0.30725,0.30325,0.2985,0.29625,0.29475,0.2925,0.28925,0.285,0.2815,0.28,0.276,0.27275,0.2665,0.2635,0.25775,0.2565,0.25325,0.251,0.24525,0.2395,0.237,0.23625,0.231,0.229,0.226,0.22175,0.213
0.2015,0.2075,0.211,0.214,0.219,0.2215,0.227,0.23075,0.23575,0.2395,0.2415,0.244,0.24725,0.2525,0.25425,0.259,0.26125,0.265,0.26725,0.26925,0.27125,0.27625,0.27875,0.28,0.28325,0.2875,0.289,0.2925,0.2985,0.30075,0.3025,0.308,0.31075,0.31175,0.31325,0.31725,0.31825,0.32225,0.324,0.3265,0.32925,0.3335,0.33475,0.3355,0.3355,0.33875,0.342,0.34575,0.34875,0.351,0.35325,0.35475,0.35875,0.3595,0.36075,0.3635,0.36425,0.36825,0.368,0.37125,0.3735,0.37525,0.3785,0.3795,0.3795,0.383,0.38375,0.384,0.38375,0.38625,0.38725,0.3875,0.38975,0.38925,0.39225,0.3905,0.39225,0.3925,0.39225,0.39325,0.39625,0.3975,0.39775,0.39675,0.3995,0.398,0.39775,0.39875,0.39725,0.39875,0.4,0.39975,0.3995,0.40175,0.40075,0.40325,0.40275,0.4035,0.403,0.401,0.40325,0.404,0.4055,0.4065,0.4075,0.4095,0.40925,0.407,0.40775,0.40925,0.41225,0.40925,0.406,0.4085,0.407,0.4085,0.40875,0.40725,0.40625,0.40475,0.4045,0.404,0.40475,0.404,0.40225,0.40125,0.40125,0.39925,0.3955,0.3985,0.398,0.39775,0.396,0.39525,0.39325,0.39425,0.39,0.391,0.391,0.3895,0.3865,0.384,0.3805,0.37975,0.37775,0.37575,0.371,0.366,0.36375,0.3625,0.36225,0.36125,0.36,0.35675,0.3525,0.34975,0.3475,0.343,0.3405,0.337,0.3365,0.3335,0.33125,0.32725,0.32625,0.3235,0.322,0.3185,0.31775,0.31425,0.3125,0.31175,0.30625,0.305,0.301,0.2985,0.295,0.292,0.29075,0.28575,0.283,0.27925,0.2775,0.2745,0.271,0.2675,0.26225,0.2595,0.256,0.253,0.249,0.24575,0.2415,0.23725,0.233,0.2295,0.2275,0.22425,0.2195,0.2145
0.2025,0.20625,0.2115,0.21525,0.2155,0.22125,0.225,0.22925,0.234,0.2375,0.24175,0.24425,0.24725,0.25,0.251,0.25625,0.2605,0.26325,0.2645,0.26875,0.27275,0.274,0.2765,0.2775,0.2815,0.28425,0.28775,0.2905,0.2945,0.2975,0.3015,0.30475,0.30875,0.311,0.31325,0.31575,0.31825,0.31975,0.323,0.32425,0.327,0.3295,0.3325,0.33375,0.336,0.337,0.34025,0.344,0.34525,0.34875,0.35075,0.35325,0.35575,0.35775,0.3595,0.3615,0.3645,0.3675,0.36975,0.3695,0.373,0.37475,0.37725,0.378,0.3785,0.3795,0.38175,0.38425,0.38225,0.38375,0.385,0.3845,0.38725,0.39075,0.3905,0.39325,0.39375,0.393,0.3915,0.39125,0.3935,0.39475,0.39325,0.39475,0.39625,0.39375,0.39475,0.39625,0.3965,0.39775,0.39725,0.3965,0.39825,0.40125,0.40025,0.40075,0.40275,0.40025,0.40075,0.40325,0.403,0.4005,0.40125,0.40575,0.40375,0.40475,0.406,0.40475,0.4055,0.407,0.40825,0.408,0.40775,0.40575,0.40775,0.40875,0.40425,0.40375,0.40275,0.40275,0.40325,0.4025,0.40175,0.39975,0.399,0.3985,0.398,0.3975,0.39475,0.396,0.39475,0.3975,0.3935,0.392,0.393,0.39025,0.39075,0.3895,0.3885,0.38625,0.38275,0.3795,0.37925,0.3785,0.37375,0.372,0.36875,0.36475,0.363,0.3605,0.36125,0.358,0.3575,0.35325,0.3505,0.349,0.3455,0.342,0.337,0.334,0.335,0.33275,0.328,0.3255,0.324,0.322,0.31775,0.315,0.3165,0.3135,0.31075,0.30825,0.30525,0.30375,0.2995,0.297,0.29325,0.29075,0.286,0.28525,0.2815,0.2795,0.27575,0.2725,0.269,0.265,0.26175,0.2585,0.25575,0.2525,0.2505,0.2455,0.2425,0.23675,0.2325,0.22975,0.22625,0.22275,0.219,0.21375
0.2015,0.207,0.21125,0.2135,0.21725,0.2205,0.225,0.22775,0.23275,0.23675,0.241,0.2435,0.24525,0.24925,0.2495,0.2565,0.25775,0.2615,0.26625,0.26875,0.27,0.27375,0.2745,0.27625,0.27975,0.28225,0.2855,0.291,0.293,0.29625,0.29725,0.30175,0.308,0.30825,0.312,0.314,0.31525,0.31875,0.31975,0.3225,0.327,0.327,0.33025,0.3305,0.33425,0.33625,0.33975,0.341,0.3445,0.346,0.34775,0.35125,0.354,0.35625,0.358,0.359,0.3625,0.36375,0.36675,0.37025,0.37,0.37325,0.37325,0.37425,0.37625,0.378,0.37875,0.382,0.38075,0.3815,0.3825,0.385,0.38725,0.388,0.3895,0.391,0.393,0.39175,0.38825,0.39025,0.39125,0.39,0.392,0.39525,0.39175,0.3935,0.39625,0.395,0.39725,0.3965,0.39425,0.394,0.3955,0.398,0.40075,0.39875,0.3975,0.398,0.4005,0.4025,0.40175,0.403,0.40325,0.40175,0.4045,0.40275,0.40325,0.40225,0.40175,0.40325,0.4045,0.4065,0.40725,0.40425,0.4065,0.40325,0.402,0.401,0.402,0.402,0.40225,0.4025,0.39875,0.39875,0.39825,0.3965,0.39575,0.39325,0.394,0.39375,0.395,0.395,0.3935,0.3905,0.38925,0.3895,0.388,0.3885,0.3845,0.38375,0.38025,0.377,0.376,0.374,0.3715,0.369,0.367,0.365,0.36075,0.36,0.3555,0.3545,0.35375,0.3505,0.349,0.34525,0.343,0.342,0.3375,0.33325,0.33225,0.32675,0.32725,0.32375,0.32125,0.31975,0.317,0.3155,0.31475,0.311,0.307,0.30725,0.30475,0.301,0.29825,0.295,0.291,0.287,0.28575,0.28525,0.28125,0.276,0.272,0.2695,0.26575,0.2645,0.2615,0.25825,0.25325,0.25125,0.24825,0.24575,0.241,0.23875,0.2325,0.22825,0.2255,0.2215,0.21725,0.2115
0.19775,0.20525,0.20975,0.215,0.2175,0.22075,0.22425,0.2275,0.23175,0.23725,0.23925,0.24175,0.24625,0.24675,0.2505,0.25125,0.25525,0.26125,0.264,0.265,0.26775,0.2715,0.27375,0.27525,0.2795,0.28175,0.284,0.2855,0.29075,0.29225,0.29575,0.3005,0.3035,0.30825,0.31,0.3145,0.31575,0.3165,0.3195,0.321,0.324,0.32575,0.32725,0.32875,0.33275,0.335,0.3375,0.33925,0.34225,0.3435,0.346,0.349,0.35075,0.3535,0.35575,0.35975,0.3595,0.364,0.36575,0.368,0.371,0.3695,0.373,0.37375,0.376,0.377,0.379,0.37825,0.38,0.382,0.3845,0.3835,0.38625,0.3845,0.3865,0.38975,0.3875,0.39075,0.3895,0.38975,0.3875,0.3895,0.39,0.3905,0.39,0.3925,0.39475,0.3945,0.39325,0.394,0.3915,0.392,0.39325,0.39625,0.3965,0.39725,0.39575,0.3975,0.3995,0.39975,0.40075,0.4015,0.4015,0.40075,0.3985,0.40125,0.4005,0.3995,0.402,0.40075,0.402,0.40375,0.40425,0.4045,0.40425,0.40075,0.40025,0.39825,0.3985,0.3995,0.399,0.3985,0.397,0.39525,0.39475,0.39675,0.39375,0.393,0.39425,0.39475,0.39325,0.39275,0.3945,0.38925,0.38575,0.38725,0.387,0.3875,0.385,0.38025,0.37975,0.3735,0.3735,0.37125,0.3675,0.36625,0.36575,0.363,0.3605,0.3575,0.3535,0.3505,0.3485,0.348,0.34625,0.344,0.34225,0.3405,0.33625,0.333,0.32875,0.32825,0.3255,0.324,0.32,0.31725,0.316,0.31225,0.3115,0.30825,0.305,0.30375,0.30125,0.297,0.2955,0.294,0.2885,0.2885,0.28375,0.28325,0.2795,0.274,0.27025,0.26775,0.26575,0.2635,0.26025,0.25825,0.255,0.25075,0.24825,0.245,0.24175,0.2385,0.2345,0.22725,0.224,0.22125,0.2155,0.21025
0.19425,0.202,0.2075,0.21375,0.21675,0.21975,0.22175,0.22625,0.23,0.23175,0.23725,0.24075,0.244,0.24775,0.24775,0.252,0.255,0.25875,0.2615,0.263,0.26625,0.2685,0.2705,0.27625,0.27775,0.2815,0.2825,0.2835,0.286,0.2895,0.29375,0.2985,0.3015,0.30325,0.30825,0.31075,0.31325,0.316,0.3175,0.32025,0.32125,0.324,0.3265,0.327,0.329,0.3335,0.3365,0.33725,0.34025,0.3425,0.345,0.348,0.34975,0.35175,0.35475,0.35575,0.35925,0.36175,0.3615,0.3665,0.36675,0.3685,0.369,0.3735,0.3735,0.37725,0.37775,0.3785,0.3795,0.3815,0.3825,0.38375,0.3825,0.38425,0.38475,0.38425,0.38775,0.388,0.389,0.38875,0.389,0.388,0.386,0.38775,0.39,0.3905,0.39,0.3925,0.3935,0.3925,0.39125,0.39325,0.39325,0.39425,0.39425,0.39375,0.39575,0.39625,0.39725,0.3985,0.39725,0.39925,0.39975,0.39975,0.397,0.39725,0.4,0.40025,0.399,0.40175,0.40025,0.401,0.401,0.40175,0.402,0.4005,0.39875,0.39725,0.39775,0.39425,0.397,0.39625,0.393,0.39425,0.395,0.39275,0.394,0.3955,0.394,0.3915,0.39325,0.39075,0.389,0.3875,0.38625,0.3845,0.385,0.383,0.38125,0.37975,0.3765,0.37325,0.36975,0.3665,0.365,0.36275,0.3615,0.35925,0.3575,0.35625,0.3525,0.34775,0.34475,0.3455,0.3435,0.34125,0.34025,0.338,0.33425,0.32975,0.32875,0.326,0.323,0.3195,0.319,0.3155,0.3125,0.311,0.30875,0.30675,0.3035,0.301,0.2985,0.296,0.29425,0.289,0.2855,0.28475,0.2835,0.2815,0.27625,0.27225,0.2685,0.26625,0.26575,0.2625,0.25725,0.25475,0.2535,0.2495,0.24525,0.2435,0.2385,0.23725,0.23175,0.22875,0.2235,0.21875,0.21425,0.20825
0.18975,0.1985,0.2055,0.212,0.2155,0.2185,0.22175,0.226,0.22875,0.23275,0.23525,0.238,0.24275,0.246,0.24875,0.25175,0.2545,0.2545,0.25875,0.26,0.2635,0.26725,0.26925,0.273,0.27725,0.278,0.282,0.2825,0.28475,0.289,0.29375,0.2975,0.29975,0.3025,0.30625,0.3095,0.3125,0.31675,0.31775,0.3185,0.3195,0.322,0.32325,0.327,0.3265,0.3275,0.33375,0.33475,0.34,0.33975,0.34375,0.3465,0.348,0.34825,0.35075,0.35325,0.3545,0.3575,0.361,0.36175,0.36475,0.36825,0.3685,0.369,0.37275,0.3715,0.3725,0.376,0.37825,0.38,0.379,0.3815,0.3815,0.382,0.3815,0.38375,0.385,0.38625,0.386,0.38775,0.38825,0.3865,0.385,0.38675,0.389,0.3885,0.39075,0.3895,0.392,0.3925,0.39175,0.393,0.39075,0.3925,0.3925,0.3905,0.393,0.394,0.39425,0.3965,0.396,0.396,0.396,0.397,0.3975,0.39775,0.3965,0.397,0.39575,0.4,0.4005,0.398,0.39825,0.3995,0.3995,0.4,0.39825,0.39525,0.3955,0.39425,0.39325,0.39375,0.3935,0.3925,0.391,0.39225,0.393,0.39425,0.39375,0.3925,0.38875,0.3865,0.3865,0.38625,0.38675,0.38175,0.382,0.38025,0.38,0.378,0.375,0.37,0.368,0.3655,0.363,0.36325,0.36025,0.35725,0.35525,0.35125,0.34825,0.34625,0.3445,0.343,0.34,0.3385,0.3375,0.33475,0.33125,0.32925,0.32775,0.325,0.321,0.31775,0.31625,0.31225,0.31175,0.30775,0.3075,0.3045,0.3025,0.298,0.29625,0.29475,0.29125,0.28925,0.28625,0.28375,0.28225,0.27825,0.27425,0.2705,0.2675,0.26525,0.2625,0.26025,0.25675,0.25425,0.2535,0.24775,0.24475,0.24075,0.24,0.235,0.2325,0.228,0.22325,0.218,0.21275,0.2065
0.18975,0.197,0.202,0.2085,0.2125,0.21725,0.22125,0.224,0.2265,0.23125,0.23375,0.236,0.2415,0.24425,0.2485,0.25175,0.25175,0.254,0.25575,0.2585,0.26325,0.26525,0.2675,0.27125,0.27525,0.277,0.279,0.282,0.2855,0.28675,0.28975,0.29425,0.29725,0.30175,0.30325,0.30775,0.31125,0.314,0.314,0.31625,0.3175,0.31925,0.32075,0.3245,0.32825,0.3285,0.331,0.3345,0.3355,0.33775,0.342,0.3445,0.347,0.34675,0.3495,0.3505,0.35325,0.35675,0.36025,0.36175,0.36175,0.36475,0.36725,0.36925,0.3695,0.37225,0.37225,0.376,0.3785,0.3775,0.37875,0.38,0.3825,0.3815,0.38325,0.38225,0.38375,0.38175,0.385,0.385,0.385,0.384,0.385,0.38475,0.3855,0.38675,0.38825,0.3895,0.38825,0.39075,0.3905,0.3895,0.3915,0.39025,0.39,0.39,0.39025,0.39025,0.3935,0.39525,0.396,0.396,0.3955,0.39425,0.39725,0.396,0.3945,0.394,0.3965,0.396,0.397,0.39625,0.397,0.39825,0.394,0.39675,0.3955,0.3955,0.3935,0.39175,0.393,0.39075,0.39025,0.391,0.392,0.39175,0.391,0.39225,0.3925,0.38975,0.38825,0.38575,0.38625,0.385,0.3835,0.38225,0.38025,0.38075,0.37575,0.37375,0.3725,0.36925,0.366,0.36275,0.363,0.35925,0.35625,0.3535,0.35125,0.3485,0.347,0.34575,0.3435,0.3405,0.33725,0.3365,0.334,0.33,0.3295,0.3285,0.3265,0.32225,0.32,0.3175,0.31325,0.31125,0.30975,0.305,0.30425,0.30275,0.3005,0.29725,0.2935,0.292,0.28775,0.28725,0.28425,0.2815,0.28,0.27675,0.2735,0.26975,0.2665,0.2645,0.262,0.259,0.25675,0.255,0.25,0.24575,0.243,0.23975,0.23575,0.23325,0.2295,0.22575,0.22325,0.2185,0.21275,0.2065
0.187,0.19425,0.20125,0.20425,0.209,0.216,0.22075,0.22475,0.22725,0.22925,0.2305,0.23525,0.23775,0.243,0.2465,0.249,0.2515,0.254,0.2565,0.25625,0.26075,0.26275,0.26725,0.271,0.2735,0.2755,0.278,0.2805,0.28375,0.28575,0.2895,0.29375,0.297,0.2985,0.30275,0.30425,0.30875,0.3095,0.31225,0.31475,0.31675,0.3165,0.3195,0.3225,0.3265,0.32825,0.331,0.33075,0.335,0.33675,0.34075,0.34125,0.34275,0.34525,0.3485,0.348,0.352,0.352,0.35475,0.36025,0.36,0.36225,0.36275,0.365,0.367,0.366,0.37175,0.37475,0.375,0.376,0.378,0.37725,0.378,0.37925,0.3805,0.38125,0.3795,0.38125,0.38475,0.38275,0.38325,0.38525,0.38525,0.383,0.38325,0.383,0.38675,0.3865,0.3875,0.38775,0.38625,0.3875,0.3865,0.38975,0.38975,0.3895,0.38775,0.39,0.392,0.3925,0.392,0.39275,0.39275,0.394,0.39225,0.39275,0.3935,0.392,0.39275,0.39575,0.393,0.39425,0.39475,0.3935,0.39625,0.39325,0.3935,0.394,0.395,0.39025,0.38875,0.38925,0.38725,0.3915,0.3915,0.3895,0.39175,0.39075,0.38825,0.38775,0.385,0.3835,0.38125,0.38025,0.38,0.37925,0.37875,0.37675,0.37375,0.37175,0.368,0.36725,0.366,0.3615,0.35825,0.35825,0.35425,0.3505,0.34475,0.3455,0.3435,0.343,0.33975,0.33825,0.33525,0.334,0.328,0.32625,0.32825,0.32475,0.3215,0.32125,0.318,0.315,0.3105,0.30975,0.30725,0.30525,0.30375,0.3,0.2995,0.295,0.29125,0.28875,0.28725,0.28575,0.28175,0.27825,0.27675,0.27525,0.2715,0.26875,0.266,0.26475,0.26075,0.25775,0.25625,0.2525,0.25,0.24475,0.24175,0.2385,0.2365,0.232,0.22825,0.225,0.22075,0.2155,0.21375,0.206
0.18825,0.19475,0.19825,0.2025,0.209,0.213,0.21825,0.22225,0.22525,0.2285,0.2295,0.2335,0.23825,0.241,0.244,0.24625,0.25,0.25225,0.254,0.2575,0.26,0.2635,0.2655,0.2705,0.27175,0.274,0.27725,0.27875,0.27975,0.2855,0.28775,0.2915,0.29275,0.29625,0.2985,0.303,0.30475,0.3075,0.31075,0.31325,0.3155,0.3155,0.31725,0.32075,0.3235,0.32725,0.3275,0.33025,0.33325,0.33675,0.33675,0.339,0.3415,0.34375,0.3455,0.348,0.34725,0.35025,0.35425,0.3555,0.359,0.3605,0.3595,0.36075,0.3625,0.365,0.37,0.37375,0.373,0.37425,0.376,0.3755,0.37675,0.37775,0.38025,0.3785,0.379,0.378,0.37825,0.378,0.38225,0.381,0.3815,0.38275,0.38175,0.38225,0.38225,0.3845,0.38575,0.3875,0.3845,0.38525,0.38625,0.38675,0.3905,0.38975,0.3875,0.38775,0.39075,0.38825,0.39125,0.3895,0.39,0.39125,0.39025,0.391,0.392,0.3925,0.392,0.392,0.391,0.39125,0.39,0.39125,0.3915,0.395,0.39325,0.39225,0.39325,0.391,0.389,0.3845,0.388,0.38925,0.39025,0.3895,0.38975,0.3885,0.386,0.384,0.3845,0.3815,0.38125,0.37875,0.3775,0.3765,0.37625,0.37425,0.37225,0.36775,0.36675,0.366,0.36275,0.36125,0.35825,0.35625,0.3515,0.3465,0.3435,0.34225,0.341,0.33875,0.338,0.3355,0.332,0.3295,0.3275,0.326,0.32425,0.32175,0.3225,0.31725,0.31475,0.31375,0.31125,0.307,0.3065,0.30425,0.29975,0.298,0.29675,0.2935,0.29075,0.28875,0.28525,0.283,0.28025,0.2765,0.2755,0.27325,0.2705,0.26875,0.266,0.26275,0.26075,0.25825,0.25425,0.2505,0.2455,0.2425,0.24025,0.23875,0.23625,0.234,0.22725,0.2235,0.21925,0.21675,0.2125,0.20575
0.1885,0.19325,0.1975,0.201,0.206,0.2095,0.21575,0.21875,0.22225,0.2245,0.22825,0.23125,0.2355,0.23825,0.24,0.24375,0.24625,0.2515,0.25475,0.2575,0.25825,0.26,0.2635,0.2665,0.26975,0.27175,0.2755,0.27775,0.281,0.28225,0.28875,0.29,0.29075,0.2935,0.29775,0.2995,0.30225,0.30575,0.3095,0.3115,0.312,0.31575,0.31425,0.31775,0.32225,0.324,0.3265,0.32925,0.3325,0.3335,0.335,0.3375,0.33825,0.3415,0.345,0.34475,0.3455,0.34875,0.35075,0.35475,0.3555,0.35725,0.3585,0.359,0.36175,0.3665,0.36775,0.36925,0.37325,0.37225,0.3755,0.37625,0.37775,0.3775,0.3775,0.37825,0.376,0.377,0.37475,0.378,0.3795,0.38025,0.382,0.38175,0.383,0.38275,0.3815,0.38275,0.38525,0.3835,0.384,0.38425,0.38525,0.38625,0.38675,0.39,0.38875,0.386,0.38575,0.3875,0.38875,0.3895,0.3875,0.38725,0.38825,0.389,0.3895,0.392,0.39325,0.3885,0.3875,0.3885,0.388,0.389,0.38975,0.38975,0.39,0.39025,0.38975,0.39025,0.38875,0.38675,0.38625,0.38775,0.38725,0.38825,0.38675,0.3845,0.38425,0.38275,0.38125,0.381,0.37925,0.3755,0.3755,0.37475,0.372,0.3705,0.36975,0.367,0.366,0.364,0.36175,0.35775,0.3555,0.35025,0.34725,0.3445,0.3405,0.33975,0.33725,0.33725,0.336,0.33475,0.33025,0.32625,0.3255,0.32325,0.32,0.3185,0.319,0.3145,0.31325,0.31125,0.31025,0.30775,0.306,0.30325,0.301,0.296,0.29375,0.29225,0.291,0.2855,0.283,0.27875,0.27575,0.2755,0.274,0.27125,0.2695,0.268,0.265,0.2615,0.2585,0.2555,0.25325,0.249,0.244,0.24075,0.24025,0.2365,0.233,0.2315,0.2275,0.22225,0.22025,0.215,0.21225,0.207
0.1875,0.193,0.19575,0.20225,0.20175,0.208,0.2125,0.2165,0.22125,0.2245,0.22675,0.22975,0.2325,0.236,0.239,0.2415,0.24625,0.2495,0.2535,0.25575,0.2555,0.2615,0.26275,0.26525,0.26825,0.26925,0.27375,0.2755,0.27775,0.28175,0.283,0.28725,0.2915,0.29375,0.29425,0.299,0.29975,0.3035,0.3055,0.3075,0.311,0.31225,0.315,0.316,0.319,0.321,0.323,0.327,0.3295,0.3295,0.33275,0.3365,0.3355,0.3375,0.339,0.34375,0.343,0.34525,0.348,0.3495,0.35175,0.35525,0.3565,0.3595,0.3625,0.36375,0.3665,0.368,0.36825,0.37075,0.3745,0.375,0.376,0.376,0.37525,0.375,0.37525,0.3755,0.374,0.37475,0.37625,0.379,0.38,0.38,0.3795,0.38225,0.3825,0.38325,0.38175,0.3815,0.38225,0.38425,0.384,0.38425,0.38875,0.38675,0.38875,0.387,0.38375,0.38325,0.388,0.385,0.38725,0.38525,0.387,0.38525,0.38825,0.38925,0.38775,0.38675,0.38475,0.386,0.3865,0.38775,0.388,0.38725,0.38675,0.389,0.38625,0.3875,0.3875,0.38725,0.3855,0.38425,0.38475,0.38625,0.3845,0.38275,0.383,0.3805,0.3805,0.37825,0.378,0.37725,0.3735,0.37025,0.37075,0.36775,0.365,0.3645,0.3635,0.36225,0.3585,0.355,0.34925,0.349,0.34375,0.343,0.3405,0.3365,0.335,0.3335,0.3325,0.32875,0.328,0.32675,0.32275,0.3205,0.317,0.31625,0.31375,0.3145,0.3085,0.31,0.308,0.30775,0.30375,0.3025,0.3,0.296,0.2935,0.291,0.288,0.28575,0.28075,0.2775,0.27525,0.2735,0.27175,0.27025,0.2675,0.26525,0.2625,0.26125,0.2565,0.25325,0.2505,0.24775,0.24375,0.24075,0.23875,0.2365,0.23275,0.22875,0.22375,0.222,0.21775,0.2135,0.2115,0.20425
0.1865,0.1895,0.19475,0.19975,0.20225,0.2065,0.20925,0.213,0.2185,0.22225,0.2265,0.22975,0.23125,0.2345,0.23675,0.23975,0.24425,0.24825,0.2495,0.25225,0.2565,0.25925,0.2615,0.262,0.2655,0.26875,0.272,0.27375,0.27675,0.28,0.2825,0.2855,0.2905,0.28975,0.2925,0.29475,0.2995,0.3025,0.30325,0.30475,0.30775,0.31,0.31325,0.316,0.317,0.3195,0.3215,0.3235,0.32475,0.3285,0.33,0.33225,0.33425,0.3335,0.3355,0.337,0.34175,0.3445,0.34525,0.3465,0.34925,0.35175,0.35475,0.3585,0.35825,0.36175,0.36475,0.36675,0.36575,0.36675,0.37125,0.372,0.374,0.374,0.375,0.3715,0.37225,0.373,0.37475,0.374,0.37275,0.37425,0.37725,0.37825,0.3805,0.3815,0.3805,0.37975,0.378,0.38,0.3815,0.3805,0.3815,0.384,0.384,0.38525,0.38475,0.386,0.383,0.3825,0.381,0.38375,0.383,0.3855,0.38525,0.38675,0.387,0.387,0.38425,0.385,0.38625,0.38325,0.38575,0.384,0.38425,0.383,0.3845,0.3825,0.385,0.38525,0.3865,0.384,0.38475,0.38425,0.3845,0.382,0.38075,0.3815,0.38075,0.3785,0.3755,0.37475,0.375,0.37475,0.372,0.368,0.36625,0.3635,0.363,0.36125,0.361,0.3575,0.356,0.354,0.3475,0.34625,0.344,0.34125,0.337,0.33525,0.333,0.33025,0.32725,0.32825,0.32575,0.324,0.31975,0.31725,0.3165,0.314,0.3125,0.312,0.31025,0.30675,0.3065,0.30325,0.30225,0.3005,0.29725,0.293,0.2925,0.29025,0.28625,0.28275,0.27925,0.27825,0.27375,0.272,0.27025,0.268,0.265,0.2635,0.2625,0.2575,0.256,0.25125,0.24925,0.2455,0.242,0.24025,0.2375,0.2335,0.2295,0.2255,0.22475,0.2205,0.2165,0.2145,0.2095,0.201
0.1825,0.191,0.19475,0.199,0.2015,0.205,0.20875,0.21125,0.2155,0.22125,0.22425,0.228,0.232,0.23275,0.23475,0.238,0.24175,0.24625,0.24825,0.25075,0.2555,0.2585,0.2605,0.26275,0.26425,0.26675,0.2685,0.2705,0.2735,0.27725,0.281,0.285,0.28625,0.29,0.291,0.294,0.29625,0.2985,0.30075,0.30275,0.30475,0.30725,0.31,0.31275,0.31525,0.31725,0.32,0.31975,0.32125,0.3235,0.32875,0.33025,0.3295,0.33425,0.33525,0.335,0.337,0.34075,0.34375,0.34425,0.347,0.34925,0.354,0.35425,0.35725,0.36125,0.3635,0.3635,0.3655,0.36675,0.3675,0.3685,0.37025,0.37225,0.37175,0.371,0.371,0.37325,0.37375,0.37175,0.37175,0.37175,0.374,0.377,0.377,0.37775,0.3785,0.3785,0.379,0.37925,0.3795,0.37775,0.3815,0.38175,0.3815,0.382,0.3825,0.38325,0.38425,0.3815,0.3805,0.3795,0.38275,0.37875,0.38525,0.3845,0.382,0.3835,0.38225,0.38275,0.38275,0.38425,0.382,0.38225,0.38325,0.381,0.38075,0.38175,0.383,0.38525,0.38325,0.3835,0.3845,0.383,0.38075,0.3805,0.37925,0.379,0.37825,0.37875,0.37425,0.37275,0.37225,0.3695,0.36825,0.36575,0.36275,0.362,0.35925,0.3595,0.35775,0.35675,0.3535,0.3485,0.3475,0.34375,0.343,0.33975,0.33525,0.333,0.33175,0.3255,0.3265,0.32475,0.32275,0.3195,0.31825,0.3165,0.3145,0.311,0.30975,0.30975,0.30725,0.30525,0.30175,0.302,0.29775,0.29475,0.2945,0.292,0.291,0.288,0.28425,0.28075,0.27925,0.27625,0.27275,0.27,0.2665,0.26525,0.2645,0.26275,0.25825,0.2565,0.254,0.25025,0.24725,0.246,0.2415,0.2395,0.2355,0.232,0.22825,0.225,0.22225,0.2195,0.217,0.2125,0.20625,0.1995
0.184,0.18875,0.193,0.1965,0.19925,0.20275,0.20725,0.21,0.2145,0.21775,0.2225,0.22675,0.22925,0.233,0.23575,0.2375,0.24025,0.2435,0.2475,0.24875,0.252,0.25725,0.25925,0.2605,0.26225,0.264,0.268,0.26975,0.2725,0.27575,0.27825,0.281,0.28325,0.2865,0.29025,0.29375,0.29475,0.297,0.29925,0.30075,0.3025,0.30325,0.3065,0.311,0.3135,0.315,0.31675,0.317,0.31875,0.322,0.324,0.32625,0.3295,0.3315,0.33225,0.334,0.33475,0.33625,0.3415,0.344,0.346,0.349,0.35075,0.35425,0.359,0.36025,0.3605,0.36125,0.3625,0.3665,0.36575,0.3675,0.37,0.36875,0.37,0.3705,0.372,0.37025,0.369,0.36975,0.37225,0.37175,0.3715,0.37325,0.37525,0.37575,0.37425,0.3765,0.37675,0.37825,0.37675,0.37725,0.37775,0.3785,0.3785,0.37925,0.38025,0.38175,0.3815,0.38075,0.3795,0.3785,0.378,0.38175,0.38125,0.3815,0.381,0.37875,0.38,0.381,0.3835,0.38225,0.3815,0.381,0.37925,0.3805,0.3785,0.38,0.3825,0.381,0.38175,0.3805,0.3825,0.38,0.38,0.37875,0.37775,0.3775,0.37575,0.37425,0.371,0.37025,0.3695,0.36675,0.36775,0.363,0.36225,0.3585,0.35725,0.35525,0.354,0.35075,0.3475,0.3465,0.3445,0.341,0.338,0.33725,0.333,0.3305,0.32775,0.32725,0.32475,0.32175,0.31825,0.31825,0.3165,0.31375,0.3125,0.31,0.3085,0.3065,0.30375,0.301,0.30225,0.29975,0.29575,0.29475,0.29325,0.28975,0.289,0.28675,0.282,0.28025,0.278,0.27325,0.2715,0.26825,0.26575,0.264,0.2635,0.25825,0.2555,0.25425,0.25175,0.24825,0.24625,0.24425,0.241,0.23775,0.2335,0.229,0.22575,0.22375,0.2215,0.2195,0.214,0.211,0.2065,0.19975
0.18175,0.18775,0.192,0.1965,0.19875,0.2025,0.2065,0.21,0.2105,0.21475,0.21925,0.2245,0.22775,0.23175,0.23575,0.2385,0.23975,0.2435,0.246,0.2485,0.2515,0.253,0.257,0.258,0.261,0.26475,0.267,0.2675,0.27225,0.274,0.2775,0.2795,0.28175,0.28525,0.2875,0.29025,0.294,0.29375,0.296,0.29725,0.2995,0.3015,0.30375,0.30675,0.30975,0.3115,0.31375,0.315,0.31675,0.3195,0.32125,0.32475,0.328,0.3275,0.32825,0.33325,0.333,0.33575,0.337,0.3415,0.3455,0.34775,0.34875,0.35275,0.35525,0.356,0.35975,0.36125,0.36025,0.3605,0.363,0.3655,0.36425,0.36625,0.36725,0.369,0.369,0.3685,0.36725,0.36775,0.37025,0.36975,0.3705,0.37075,0.3705,0.3715,0.37425,0.37375,0.3755,0.37525,0.37525,0.37625,0.37625,0.37525,0.37675,0.376,0.3775,0.3805,0.38025,0.3785,0.37825,0.3765,0.3745,0.3765,0.3785,0.376,0.378,0.379,0.3785,0.3805,0.38025,0.37975,0.38025,0.37875,0.37875,0.376,0.377,0.377,0.37875,0.37925,0.37775,0.37925,0.378,0.37775,0.37625,0.3755,0.37475,0.374,0.373,0.371,0.3705,0.36825,0.36625,0.36575,0.36425,0.35975,0.35875,0.3565,0.3525,0.35125,0.3495,0.3445,0.34475,0.345,0.34325,0.33875,0.3355,0.33375,0.3305,0.32725,0.327,0.325,0.3245,0.31825,0.317,0.3145,0.31375,0.31375,0.3105,0.3105,0.30625,0.30475,0.30225,0.30125,0.30075,0.2965,0.295,0.29375,0.292,0.2895,0.287,0.28375,0.281,0.27925,0.276,0.27325,0.271,0.268,0.264,0.262,0.2585,0.258,0.255,0.2515,0.249,0.248,0.24375,0.242,0.2395,0.2345,0.22975,0.229,0.2245,0.2235,0.2215,0.218,0.212,0.2095,0.20525,0.19825
0.182,0.18575,0.1915,0.19525,0.19775,0.2005,0.204,0.206,0.20825,0.2125,0.21675,0.21975,0.22425,0.23,0.23375,0.23675,0.23825,0.24025,0.24375,0.24575,0.2495,0.25075,0.253,0.25725,0.259,0.2625,0.26625,0.2665,0.27075,0.274,0.27525,0.278,0.281,0.28325,0.28575,0.28825,0.29075,0.29275,0.295,0.295,0.296,0.30025,0.30225,0.3035,0.30625,0.30825,0.31275,0.31375,0.3155,0.317,0.32,0.3215,0.32525,0.32625,0.32825,0.329,0.3325,0.3335,0.33825,0.339,0.34325,0.345,0.34675,0.349,0.35175,0.3555,0.35625,0.3585,0.357,0.35825,0.36,0.361,0.36175,0.362,0.36525,0.36475,0.36625,0.366,0.3675,0.3675,0.36925,0.37,0.37125,0.36975,0.36725,0.3685,0.37125,0.3715,0.3725,0.373,0.37425,0.3735,0.37275,0.37325,0.3745,0.3765,0.3755,0.377,0.37775,0.377,0.37375,0.376,0.37275,0.37275,0.37375,0.37325,0.37575,0.37725,0.3765,0.37725,0.37675,0.378,0.37575,0.378,0.37625,0.37625,0.37625,0.3765,0.377,0.3785,0.37675,0.3755,0.376,0.37575,0.3765,0.37425,0.37275,0.36925,0.36925,0.3675,0.366,0.36575,0.3625,0.36225,0.359,0.35675,0.3545,0.356,0.35225,0.34825,0.3435,0.34475,0.3415,0.34275,0.3405,0.33575,0.3335,0.32975,0.3285,0.3265,0.3245,0.32325,0.31875,0.3175,0.315,0.3135,0.31225,0.3095,0.30975,0.3075,0.30575,0.3025,0.29925,0.2965,0.296,0.2945,0.29325,0.29225,0.29025,0.286,0.2845,0.2815,0.28025,0.278,0.27425,0.27125,0.2675,0.2655,0.26425,0.261,0.256,0.256,0.2535,0.249,0.24675,0.2435,0.2415,0.239,0.23775,0.23325,0.23025,0.22825,0.225,0.2225,0.21925,0.216,0.211,0.20875,0.20425,0.19875
0.17925,0.186,0.18925,0.1935,0.196,0.201,0.20275,0.20475,0.20825,0.2115,0.2145,0.22025,0.2235,0.22725,0.2325,0.237,0.23725,0.2385,0.24075,0.24575,0.2465,0.2495,0.2525,0.25525,0.259,0.2615,0.26475,0.2665,0.268,0.26875,0.2735,0.2765,0.27725,0.279,0.28325,0.28575,0.28825,0.29125,0.2935,0.29475,0.29725,0.299,0.2985,0.30075,0.30425,0.30625,0.30925,0.31075,0.314,0.3155,0.317,0.32025,0.32075,0.3235,0.32375,0.328,0.32875,0.33325,0.33425,0.33725,0.34,0.34475,0.34725,0.3475,0.34925,0.3525,0.354,0.35325,0.35625,0.356,0.357,0.357,0.35975,0.36075,0.36025,0.3615,0.3615,0.3645,0.36525,0.366,0.36725,0.36725,0.369,0.3675,0.36675,0.364,0.36725,0.367,0.3705,0.371,0.3735,0.3705,0.3715,0.37075,0.37125,0.373,0.374,0.37325,0.37075,0.3725,0.37325,0.37025,0.3725,0.37125,0.37,0.37125,0.3735,0.37325,0.37525,0.375,0.373,0.37525,0.3755,0.37575,0.376,0.37575,0.3765,0.37475,0.37675,0.376,0.376,0.37325,0.37275,0.37525,0.37275,0.37275,0.36825,0.36625,0.36625,0.36425,0.364,0.3605,0.359,0.358,0.3575,0.35475,0.352,0.35075,0.34775,0.34475,0.3435,0.34175,0.341,0.33775,0.3365,0.33525,0.33175,0.32725,0.32775,0.32525,0.32275,0.32,0.318,0.3165,0.31375,0.312,0.308,0.3085,0.30675,0.30575,0.30425,0.30075,0.299,0.29475,0.29375,0.292,0.29125,0.2905,0.2855,0.2835,0.282,0.28125,0.2785,0.27575,0.27325,0.268,0.26725,0.266,0.263,0.25975,0.25625,0.2535,0.2505,0.247,0.2455,0.24225,0.2385,0.2375,0.2345,0.23225,0.23,0.22775,0.223,0.22075,0.21675,0.21375,0.2105,0.206,0.201,0.19675
0.18075,0.18525,0.188,0.19225,0.195,0.19875,0.202,0.204,0.20725,0.21175,0.21475,0.217,0.2205,0.22375,0.2295,0.232,0.23525,0.23725,0.23925,0.241,0.24425,0.24675,0.2495,0.2525,0.2565,0.2595,0.264,0.26525,0.2665,0.267,0.27,0.27375,0.27625,0.27775,0.28075,0.28325,0.288,0.289,0.2905,0.2935,0.29525,0.29675,0.29675,0.298,0.3,0.30275,0.30675,0.3085,0.3105,0.3125,0.31725,0.318,0.31925,0.32025,0.3245,0.325,0.32725,0.3305,0.33275,0.33625,0.338,0.34125,0.34475,0.34675,0.347,0.35,0.3495,0.35,0.35175,0.35325,0.3545,0.35525,0.35725,0.358,0.359,0.358,0.36075,0.3615,0.36325,0.36525,0.36625,0.365,0.362,0.3655,0.36525,0.36475,0.365,0.36725,0.36775,0.367,0.36875,0.3695,0.3705,0.36825,0.36825,0.369,0.3705,0.36975,0.3675,0.37025,0.36975,0.36875,0.36875,0.3705,0.37125,0.369,0.37125,0.37225,0.369,0.37325,0.372,0.37175,0.37375,0.374,0.377,0.376,0.375,0.375,0.375,0.37325,0.3705,0.372,0.3725,0.3715,0.37075,0.367,0.366,0.36625,0.36425,0.36325,0.3615,0.35975,0.35675,0.35425,0.35475,0.35275,0.35025,0.34675,0.344,0.3445,0.3425,0.33825,0.33675,0.334,0.331,0.33025,0.32925,0.32875,0.3265,0.3235,0.31975,0.31975,0.31775,0.3135,0.31125,0.3105,0.307,0.30575,0.30525,0.30375,0.3015,0.29875,0.29575,0.293,0.29325,0.29125,0.2895,0.28675,0.284,0.28225,0.2805,0.27775,0.277,0.273,0.271,0.268,0.2665,0.26325,0.2615,0.25975,0.2555,0.2525,0.25,0.24725,0.245,0.243,0.238,0.23475,0.2335,0.23125,0.22825,0.226,0.223,0.2185,0.21475,0.21225,0.2085,0.20325,0.202,0.1945
0.17775,0.18325,0.186,0.1905,0.19275,0.1985,0.2005,0.2045,0.20625,0.20975,0.2135,0.216,0.21775,0.21975,0.22325,0.22925,0.2315,0.23575,0.23725,0.23875,0.24075,0.244,0.24775,0.2505,0.25575,0.2585,0.261,0.26325,0.2645,0.267,0.2685,0.27125,0.274,0.277,0.27975,0.281,0.2845,0.28825,0.288,0.28975,0.293,0.294,0.295,0.29675,0.29975,0.3005,0.30175,0.3065,0.3095,0.31175,0.3125,0.31525,0.31625,0.319,0.32075,0.323,0.32625,0.3285,0.33125,0.3345,0.336,0.339,0.34225,0.34425,0.3465,0.34575,0.34625,0.34625,0.346,0.3495,0.351,0.354,0.35325,0.355,0.3555,0.35575,0.3575,0.36175,0.36125,0.36425,0.3645,0.3625,0.361,0.35975,0.36275,0.364,0.3655,0.363,0.36375,0.3645,0.368,0.36625,0.36825,0.36775,0.36425,0.364,0.36575,0.365,0.365,0.366,0.3645,0.367,0.367,0.367,0.369,0.36875,0.369,0.3685,0.3695,0.368,0.371,0.37075,0.37325,0.37325,0.374,0.374,0.3735,0.372,0.37075,0.37,0.37025,0.3705,0.36975,0.369,0.365,0.3645,0.363,0.363,0.3595,0.35875,0.3595,0.35725,0.3545,0.35325,0.3495,0.34875,0.34725,0.34425,0.343,0.341,0.33875,0.3365,0.33425,0.331,0.3295,0.32875,0.3275,0.3265,0.32425,0.3215,0.3195,0.31675,0.31425,0.31475,0.3085,0.30775,0.3065,0.30375,0.3035,0.30225,0.29925,0.2975,0.29575,0.29425,0.29075,0.28925,0.287,0.28375,0.282,0.28075,0.27775,0.276,0.27275,0.2725,0.27025,0.268,0.265,0.2625,0.26025,0.25725,0.25425,0.25125,0.2485,0.245,0.24275,0.239,0.235,0.23425,0.23075,0.22925,0.228,0.22475,0.2195,0.21575,0.214,0.21,0.207,0.20325,0.20025,0.194
0.17775,0.1825,0.18675,0.19025,0.19375,0.1945,0.19875,0.20175,0.207,0.209,0.21175,0.214,0.2165,0.2175,0.2215,0.22475,0.22875,0.23325,0.23625,0.237,0.24,0.2405,0.24425,0.24775,0.25225,0.2545,0.25875,0.2625,0.26375,0.2645,0.267,0.26925,0.2705,0.27375,0.27825,0.27975,0.2825,0.28475,0.28625,0.28875,0.2905,0.2925,0.29325,0.2935,0.2985,0.29825,0.301,0.30425,0.30525,0.30925,0.31025,0.31275,0.31475,0.31575,0.31975,0.3205,0.3245,0.3275,0.33025,0.33125,0.33425,0.33575,0.33875,0.34175,0.3415,0.34075,0.344,0.34275,0.34475,0.34675,0.348,0.34975,0.3505,0.35275,0.35425,0.354,0.35725,0.3565,0.35975,0.359,0.36,0.361,0.35975,0.35975,0.36025,0.3625,0.363,0.3625,0.36175,0.36325,0.36275,0.3635,0.365,0.364,0.364,0.36175,0.36125,0.36425,0.3625,0.36325,0.36275,0.36275,0.3655,0.367,0.36825,0.3675,0.3665,0.36575,0.366,0.36925,0.36775,0.37075,0.372,0.3705,0.37025,0.3715,0.37125,0.36825,0.3695,0.36825,0.3665,0.3695,0.36325,0.362,0.363,0.36125,0.36175,0.358,0.359,0.35675,0.35575,0.35525,0.35325,0.34975,0.3475,0.34375,0.34225,0.34175,0.3425,0.33875,0.33575,0.33525,0.32975,0.3295,0.32575,0.32625,0.3235,0.3225,0.321,0.318,0.31675,0.31275,0.31275,0.31175,0.31,0.308,0.305,0.30375,0.302,0.29925,0.29775,0.297,0.29525,0.293,0.29175,0.286,0.283,0.28075,0.28025,0.27975,0.2775,0.27425,0.273,0.2705,0.27,0.26675,0.2635,0.2605,0.2575,0.25575,0.25075,0.24975,0.24825,0.24475,0.2405,0.237,0.23475,0.2335,0.22925,0.22775,0.225,0.22175,0.218,0.21475,0.2125,0.20725,0.20575,0.20125,0.19825,0.1925
0.17625,0.18175,0.185,0.18825,0.1905,0.19325,0.196,0.2,0.2045,0.20825,0.21025,0.212,0.214,0.21625,0.21975,0.22325,0.2265,0.23,0.23225,0.23575,0.2375,0.2405,0.2425,0.2455,0.248,0.2525,0.25625,0.2595,0.264,0.263,0.26575,0.2675,0.26875,0.27175,0.274,0.278,0.2805,0.28175,0.28475,0.2865,0.28625,0.29025,0.2905,0.294,0.29475,0.29675,0.298,0.301,0.30275,0.3075,0.3085,0.30925,0.30975,0.315,0.31775,0.31925,0.32175,0.3245,0.3275,0.3285,0.33325,0.33475,0.33525,0.33725,0.339,0.339,0.33975,0.34275,0.343,0.34325,0.3455,0.34525,0.34825,0.35,0.35175,0.353,0.35475,0.35675,0.35575,0.3555,0.357,0.35825,0.357,0.35875,0.36,0.35875,0.36025,0.36025,0.36075,0.36,0.35975,0.3615,0.36175,0.362,0.3625,0.36075,0.3615,0.36025,0.35825,0.361,0.36,0.362,0.3625,0.3665,0.36475,0.36425,0.36625,0.36425,0.366,0.36575,0.36875,0.369,0.3675,0.369,0.369,0.37,0.366,0.36575,0.3675,0.36525,0.36325,0.3645,0.36325,0.3585,0.3605,0.36025,0.358,0.35875,0.356,0.354,0.354,0.3525,0.35,0.34625,0.3425,0.34125,0.34175,0.33975,0.3395,0.33625,0.33375,0.331,0.328,0.32575,0.32475,0.32275,0.32,0.319,0.3185,0.3185,0.31475,0.3115,0.31,0.30925,0.307,0.30675,0.304,0.30125,0.3005,0.2975,0.29375,0.29475,0.29325,0.291,0.28675,0.28525,0.28075,0.27975,0.27725,0.27725,0.276,0.2735,0.2725,0.2705,0.2685,0.26575,0.262,0.26075,0.25425,0.25225,0.25075,0.249,0.24575,0.24225,0.23875,0.2335,0.2335,0.2325,0.23025,0.2265,0.223,0.22,0.2165,0.21425,0.209,0.207,0.2045,0.20175,0.1985,0.18975
0.17375,0.1795,0.1845,0.18675,0.18975,0.19175,0.1955,0.1995,0.2035,0.20475,0.20875,0.211,0.213,0.21625,0.21875,0.22125,0.2235,0.2265,0.23075,0.23525,0.23725,0.23925,0.242,0.24325,0.247,0.24975,0.25375,0.258,0.25825,0.263,0.2635,0.26475,0.269,0.268,0.27125,0.27475,0.27825,0.28075,0.2825,0.28375,0.2855,0.28625,0.28925,0.29075,0.292,0.2955,0.29675,0.298,0.29925,0.30225,0.305,0.30675,0.3095,0.314,0.3165,0.31725,0.318,0.32225,0.32525,0.3275,0.3315,0.332,0.334,0.33575,0.3375,0.3365,0.33675,0.339,0.34,0.34125,0.34175,0.34475,0.34375,0.34675,0.3485,0.35,0.3525,0.3525,0.35225,0.3525,0.35425,0.35475,0.355,0.35725,0.3565,0.35675,0.356,0.3595,0.3585,0.35725,0.35825,0.3565,0.3565,0.35875,0.358,0.36025,0.359,0.35675,0.3575,0.356,0.3575,0.3575,0.36075,0.36025,0.36,0.3615,0.36025,0.364,0.364,0.36325,0.3665,0.367,0.365,0.3665,0.3655,0.3625,0.3635,0.364,0.36575,0.36375,0.36275,0.36025,0.3585,0.359,0.357,0.35575,0.355,0.35375,0.35375,0.349,0.35025,0.348,0.3445,0.34125,0.3405,0.33875,0.33925,0.33725,0.33475,0.33375,0.332,0.329,0.32425,0.32375,0.32175,0.32075,0.31875,0.31575,0.31575,0.31425,0.314,0.311,0.30875,0.30825,0.3055,0.3045,0.3045,0.29975,0.2975,0.2955,0.293,0.2915,0.29075,0.2875,0.28625,0.2835,0.2815,0.2795,0.278,0.27625,0.274,0.27225,0.271,0.2685,0.26625,0.2635,0.2615,0.258,0.25525,0.25075,0.24825,0.24625,0.2425,0.24125,0.238,0.23425,0.23175,0.2305,0.22825,0.225,0.21975,0.2185,0.21525,0.21275,0.20775,0.20625,0.20325,0.20175,0.1965,0.1905
0.17325,0.178,0.183,0.187,0.18875,0.19125,0.1945,0.1975,0.20125,0.20425,0.205,0.2095,0.21175,0.21375,0.2165,0.2195,0.2215,0.22475,0.227,0.23075,0.23525,0.2365,0.2395,0.24225,0.24375,0.249,0.2515,0.25375,0.25825,0.2605,0.262,0.2645,0.26625,0.26625,0.26775,0.2715,0.27525,0.27725,0.28125,0.281,0.283,0.28575,0.2855,0.2875,0.292,0.2935,0.295,0.2975,0.29775,0.2995,0.30175,0.30525,0.30725,0.3115,0.31275,0.315,0.31875,0.31925,0.31925,0.3235,0.328,0.32625,0.3295,0.3325,0.3325,0.333,0.3345,0.33925,0.33725,0.338,0.341,0.3405,0.343,0.34375,0.3455,0.347,0.348,0.349,0.351,0.35275,0.353,0.3535,0.35425,0.3535,0.355,0.354,0.356,0.35475,0.356,0.35525,0.35525,0.35175,0.354,0.35525,0.35525,0.353,0.35475,0.355,0.3545,0.3555,0.355,0.35725,0.359,0.3575,0.35625,0.357,0.35925,0.3595,0.36375,0.36325,0.36175,0.36325,0.36375,0.3635,0.36275,0.36075,0.36025,0.36175,0.36175,0.362,0.35975,0.35725,0.355,0.355,0.35375,0.3515,0.3505,0.35125,0.3495,0.349,0.346,0.3435,0.34025,0.3405,0.33975,0.336,0.33575,0.3325,0.33025,0.32775,0.32775,0.32475,0.3235,0.32225,0.31975,0.3165,0.31425,0.31375,0.31125,0.311,0.30975,0.31075,0.3075,0.30625,0.3035,0.30325,0.29925,0.29825,0.296,0.297,0.293,0.29025,0.287,0.287,0.28225,0.281,0.28075,0.279,0.27625,0.27425,0.27175,0.2705,0.26825,0.26675,0.26175,0.2615,0.25875,0.2565,0.25225,0.25,0.24675,0.24375,0.24025,0.23925,0.23625,0.2345,0.23075,0.2275,0.224,0.2225,0.219,0.2155,0.21375,0.212,0.20675,0.2045,0.20275,0.19875,0.19575,0.18725
0.17425,0.178,0.1805,0.184,0.18825,0.1915,0.19425,0.19525,0.19875,0.20075,0.20475,0.207,0.209,0.2125,0.21425,0.2165,0.21925,0.222,0.225,0.2275,0.231,0.23425,0.23775,0.24175,0.24275,0.24675,0.2485,0.2515,0.2555,0.258,0.26025,0.2635,0.26275,0.2655,0.268,0.27,0.272,0.274,0.27775,0.2795,0.2795,0.282,0.28325,0.28475,0.28875,0.2915,0.29275,0.294,0.2965,0.2965,0.30075,0.30325,0.3065,0.30875,0.30975,0.31325,0.3155,0.3165,0.31775,0.3205,0.32275,0.32625,0.32775,0.3285,0.3295,0.32875,0.3325,0.33275,0.3335,0.3355,0.337,0.33625,0.33975,0.34225,0.343,0.3445,0.3455,0.34825,0.34775,0.35,0.35,0.34925,0.35,0.35175,0.35225,0.3545,0.35375,0.3535,0.35325,0.354,0.35275,0.35175,0.35075,0.3515,0.34975,0.3515,0.35175,0.35225,0.3525,0.35125,0.35475,0.353,0.35375,0.3545,0.35375,0.3545,0.356,0.35675,0.359,0.3605,0.3605,0.36025,0.3595,0.358,0.35675,0.35925,0.35925,0.35875,0.3595,0.357,0.357,0.35675,0.3545,0.35075,0.349,0.35,0.34725,0.34675,0.34575,0.34325,0.34225,0.338,0.33675,0.3375,0.33625,0.33625,0.33225,0.33025,0.32875,0.324,0.32225,0.322,0.32125,0.3195,0.315,0.313,0.31175,0.31025,0.30975,0.30825,0.30925,0.30825,0.307,0.30375,0.303,0.299,0.29775,0.296,0.29525,0.294,0.293,0.28675,0.28425,0.28325,0.28275,0.27875,0.2775,0.27525,0.275,0.27225,0.2705,0.2685,0.26575,0.2645,0.26175,0.258,0.256,0.25225,0.25225,0.24925,0.2455,0.24075,0.2385,0.23675,0.235,0.23275,0.2275,0.2245,0.22175,0.22,0.2175,0.21375,0.2105,0.2085,0.2055,0.202,0.199,0.19575,0.1915,0.185
0.17175,0.176,0.178,0.18225,0.187,0.1905,0.19075,0.19425,0.198,0.19925,0.20225,0.20475,0.20575,0.2095,0.21275,0.2145,0.2165,0.2195,0.22275,0.22525,0.2275,0.2325,0.2375,0.2395,0.242,0.2425,0.246,0.248,0.25175,0.255,0.25675,0.25925,0.26225,0.26125,0.26525,0.268,0.26825,0.2725,0.274,0.27675,0.27675,0.2775,0.28025,0.28225,0.28425,0.288,0.28975,0.28975,0.29325,0.29825,0.299,0.30025,0.3025,0.3055,0.308,0.30925,0.31175,0.31375,0.315,0.316,0.31925,0.32225,0.32425,0.326,0.32775,0.32975,0.33025,0.33075,0.3305,0.333,0.335,0.3365,0.339,0.33775,0.3385,0.34025,0.3435,0.34325,0.3445,0.345,0.348,0.3485,0.348,0.34925,0.351,0.35075,0.35225,0.351,0.34975,0.3495,0.35075,0.349,0.35025,0.34825,0.34875,0.34925,0.34975,0.34975,0.35225,0.35275,0.35025,0.35,0.347,0.352,0.35375,0.353,0.354,0.35575,0.356,0.35675,0.36,0.3575,0.3565,0.35475,0.355,0.35575,0.35725,0.3575,0.354,0.35375,0.3525,0.35225,0.35125,0.348,0.34675,0.34525,0.34525,0.3425,0.3425,0.342,0.33675,0.33575,0.33175,0.33275,0.334,0.33175,0.32975,0.32675,0.32525,0.3215,0.32175,0.31925,0.3175,0.3155,0.31175,0.31025,0.31025,0.309,0.30775,0.306,0.30575,0.30375,0.30275,0.30325,0.30025,0.29775,0.2945,0.295,0.29325,0.29075,0.28875,0.285,0.28225,0.2795,0.277,0.2775,0.2755,0.27475,0.27175,0.2715,0.26875,0.2665,0.264,0.26175,0.25725,0.25475,0.25225,0.2525,0.24875,0.24675,0.24325,0.241,0.23775,0.234,0.23325,0.22925,0.2275,0.22325,0.2205,0.21925,0.2145,0.214,0.2105,0.20725,0.2045,0.20075,0.197,0.1925,0.1895,0.18
0.17025,0.17475,0.179,0.18125,0.18425,0.1865,0.19,0.19275,0.19575,0.19775,0.20025,0.20225,0.20475,0.20825,0.212,0.21275,0.21575,0.2185,0.221,0.22225,0.224,0.2295,0.23375,0.2365,0.23925,0.24125,0.24275,0.2435,0.249,0.24975,0.253,0.2575,0.25875,0.26175,0.26225,0.2665,0.26825,0.2695,0.27,0.273,0.2745,0.2765,0.2775,0.28075,0.283,0.2825,0.2875,0.28875,0.291,0.2945,0.2975,0.297,0.2995,0.30075,0.30375,0.3075,0.308,0.31,0.312,0.315,0.31625,0.3165,0.32,0.32275,0.32475,0.327,0.32825,0.327,0.32875,0.329,0.333,0.33475,0.33575,0.33725,0.33675,0.33875,0.3405,0.341,0.3435,0.34425,0.34575,0.34375,0.344,0.3465,0.348,0.3475,0.3485,0.34775,0.34825,0.34725,0.34525,0.34725,0.34525,0.3455,0.34425,0.34425,0.34575,0.347,0.35,0.34925,0.34875,0.34525,0.34575,0.34725,0.3505,0.352,0.3495,0.351,0.35325,0.35375,0.35325,0.353,0.352,0.352,0.353,0.354,0.3525,0.35275,0.3515,0.3505,0.35125,0.3485,0.347,0.3445,0.344,0.342,0.3395,0.339,0.338,0.33575,0.33425,0.33125,0.33175,0.33025,0.329,0.3295,0.32775,0.32375,0.32075,0.3195,0.31825,0.3155,0.31325,0.31175,0.312,0.30875,0.30775,0.307,0.3075,0.305,0.30275,0.3015,0.301,0.29925,0.29825,0.29625,0.29525,0.29025,0.29,0.288,0.287,0.28325,0.2795,0.27825,0.27475,0.27425,0.2725,0.27125,0.27125,0.26775,0.26775,0.264,0.2615,0.2585,0.25575,0.253,0.251,0.24875,0.24775,0.24275,0.24025,0.2385,0.235,0.23375,0.23,0.22675,0.22525,0.22275,0.22125,0.2165,0.215,0.2095,0.20775,0.20425,0.20175,0.199,0.194,0.19175,0.18425,0.17925
0.16875,0.17525,0.1765,0.1815,0.1835,0.18575,0.189,0.1915,0.19375,0.197,0.1985,0.2005,0.2025,0.206,0.20825,0.211,0.2145,0.21675,0.2175,0.21925,0.223,0.2255,0.22825,0.2325,0.23675,0.23975,0.24275,0.243,0.245,0.24675,0.25075,0.2545,0.25625,0.258,0.26125,0.26325,0.265,0.26825,0.2685,0.2705,0.27325,0.2755,0.2765,0.278,0.279,0.28075,0.28175,0.28625,0.289,0.2925,0.293,0.29625,0.2975,0.29875,0.30075,0.30375,0.30575,0.30775,0.30875,0.31075,0.314,0.3145,0.317,0.31925,0.322,0.3225,0.3245,0.324,0.32675,0.3255,0.32875,0.3315,0.3325,0.333,0.3345,0.33575,0.33675,0.3365,0.34075,0.34175,0.343,0.343,0.343,0.34475,0.34325,0.34425,0.34525,0.3445,0.346,0.34325,0.345,0.343,0.34475,0.34425,0.3435,0.3425,0.34275,0.34375,0.34525,0.34625,0.346,0.34525,0.3445,0.34575,0.34825,0.35025,0.3485,0.3475,0.352,0.3505,0.34825,0.349,0.35025,0.34975,0.35,0.34975,0.34875,0.34875,0.34825,0.34775,0.345,0.34375,0.34225,0.34225,0.341,0.33825,0.3355,0.3335,0.331,0.33025,0.3305,0.32875,0.3285,0.32675,0.32725,0.32325,0.32425,0.32,0.31975,0.31725,0.31575,0.31275,0.31125,0.309,0.3085,0.30725,0.3055,0.3045,0.30375,0.3035,0.301,0.3005,0.2975,0.29675,0.295,0.29575,0.29275,0.291,0.288,0.284,0.28225,0.282,0.27975,0.27675,0.274,0.27125,0.26975,0.27075,0.267,0.266,0.2645,0.2615,0.258,0.25375,0.25225,0.24925,0.2485,0.24325,0.24125,0.24025,0.23725,0.236,0.235,0.23225,0.228,0.22625,0.22425,0.22225,0.21775,0.21725,0.213,0.20725,0.205,0.20225,0.19925,0.19575,0.19225,0.18725,0.1825,0.179
0.17025,0.17425,0.17575,0.17975,0.18225,0.184,0.18675,0.19,0.19225,0.195,0.1975,0.19925,0.2015,0.20275,0.2065,0.2095,0.21475,0.214,0.2155,0.21925,0.2215,0.22275,0.226,0.2295,0.2335,0.238,0.23925,0.24075,0.24275,0.247,0.24775,0.251,0.25375,0.257,0.259,0.26125,0.262,0.26375,0.266,0.2685,0.272,0.27325,0.27525,0.27525,0.27725,0.27875,0.282,0.28275,0.28825,0.289,0.29175,0.29325,0.295,0.298,0.298,0.29975,0.302,0.3025,0.30325,0.30825,0.3105,0.31275,0.3155,0.3155,0.31725,0.31875,0.32175,0.322,0.32375,0.32475,0.326,0.326,0.3265,0.3285,0.332,0.33175,0.3315,0.3355,0.33775,0.34075,0.33925,0.34025,0.3415,0.3405,0.34175,0.34125,0.342,0.3425,0.3425,0.3445,0.3425,0.3415,0.34075,0.3395,0.34125,0.34025,0.34175,0.3405,0.33975,0.34375,0.3455,0.344,0.343,0.34375,0.34325,0.3435,0.34775,0.34825,0.3465,0.344,0.3475,0.34425,0.3465,0.34825,0.3495,0.34575,0.3445,0.34425,0.3445,0.343,0.34025,0.3405,0.34025,0.33825,0.33875,0.3365,0.334,0.32875,0.3285,0.32775,0.32725,0.324,0.32625,0.3235,0.324,0.32025,0.31925,0.3175,0.31675,0.31575,0.31075,0.31,0.31075,0.30825,0.30675,0.30575,0.3045,0.3025,0.30175,0.30025,0.298,0.2965,0.29575,0.293,0.295,0.293,0.291,0.2855,0.28475,0.28225,0.2805,0.2795,0.277,0.2765,0.27275,0.27075,0.2695,0.26775,0.2655,0.263,0.262,0.25925,0.2565,0.2515,0.25,0.248,0.24575,0.2405,0.24075,0.238,0.23525,0.2325,0.23125,0.22725,0.225,0.2225,0.2215,0.2185,0.21625,0.213,0.2105,0.2055,0.2025,0.2005,0.1965,0.19475,0.18925,0.1855,0.18175,0.17675
0.16675,0.1725,0.17525,0.1775,0.18125,0.183,0.18525,0.18725,0.191,0.19325,0.1955,0.19775,0.20025,0.201,0.203,0.207,0.2095,0.21275,0.2145,0.2175,0.219,0.2205,0.224,0.227,0.22975,0.23375,0.23625,0.23875,0.2425,0.2445,0.2465,0.249,0.2505,0.25275,0.25625,0.26025,0.26175,0.2615,0.263,0.26575,0.2675,0.26825,0.2715,0.2715,0.275,0.27725,0.2795,0.28175,0.282,0.287,0.289,0.2895,0.29275,0.29475,0.2945,0.295,0.2965,0.29775,0.29925,0.30375,0.3085,0.30925,0.31125,0.3135,0.313,0.31525,0.3185,0.3195,0.3225,0.3225,0.3245,0.323,0.32425,0.326,0.32875,0.32925,0.3305,0.33225,0.33225,0.3345,0.33775,0.33625,0.33725,0.33825,0.33725,0.339,0.33925,0.34075,0.3405,0.3395,0.34075,0.33925,0.33675,0.33725,0.33725,0.3395,0.33775,0.33675,0.33575,0.3405,0.3425,0.342,0.34275,0.34175,0.3405,0.3415,0.3415,0.34225,0.3445,0.3435,0.34375,0.34375,0.344,0.344,0.34125,0.3415,0.34075,0.34025,0.3405,0.338,0.3375,0.33625,0.3345,0.33425,0.33475,0.33325,0.32875,0.3285,0.3255,0.3245,0.32325,0.32025,0.32075,0.3195,0.31825,0.3175,0.315,0.31625,0.3145,0.31175,0.309,0.3085,0.30675,0.30525,0.30325,0.30325,0.3015,0.30025,0.29875,0.29775,0.2975,0.29375,0.2945,0.29275,0.29,0.2895,0.28575,0.28425,0.28175,0.28,0.276,0.274,0.2745,0.27375,0.271,0.26825,0.26825,0.264,0.263,0.262,0.25625,0.2575,0.25175,0.25,0.2475,0.24575,0.24275,0.24025,0.238,0.23525,0.232,0.23125,0.22775,0.227,0.22425,0.22125,0.2175,0.21625,0.21325,0.2105,0.20825,0.20425,0.20075,0.1965,0.1945,0.19025,0.18725,0.1835,0.18075,0.178
0.16475,0.1705,0.173,0.17525,0.1785,0.181,0.1835,0.18575,0.18775,0.1915,0.194,0.1955,0.198,0.20125,0.2015,0.20425,0.20775,0.211,0.214,0.216,0.21725,0.21875,0.22025,0.22525,0.227,0.23025,0.23175,0.237,0.241,0.24275,0.24275,0.245,0.24775,0.25025,0.25375,0.25625,0.25825,0.25975,0.2615,0.264,0.26525,0.26475,0.2675,0.26875,0.273,0.2755,0.2755,0.27775,0.2805,0.28325,0.2865,0.28725,0.28875,0.29075,0.2915,0.29325,0.292,0.294,0.297,0.3015,0.30425,0.3065,0.308,0.30825,0.31075,0.31275,0.316,0.3185,0.32,0.31975,0.3195,0.32175,0.32275,0.32325,0.3235,0.326,0.32825,0.331,0.32825,0.33225,0.33175,0.33175,0.33325,0.334,0.33575,0.334,0.3355,0.3365,0.33625,0.337,0.33575,0.336,0.33775,0.3345,0.3355,0.33625,0.33625,0.33575,0.3345,0.336,0.339,0.33875,0.33975,0.33875,0.3395,0.33975,0.3385,0.33825,0.339,0.339,0.3405,0.34125,0.3395,0.339,0.337,0.339,0.33825,0.336,0.3345,0.33325,0.334,0.33275,0.33375,0.3325,0.3305,0.32575,0.32575,0.32525,0.3225,0.321,0.31975,0.31775,0.31575,0.31575,0.315,0.31275,0.31325,0.31125,0.31075,0.3095,0.309,0.30725,0.3045,0.30325,0.2995,0.2995,0.29925,0.2975,0.296,0.293,0.292,0.292,0.29225,0.29025,0.289,0.2855,0.28325,0.279,0.27925,0.27675,0.27525,0.2735,0.271,0.271,0.2705,0.2665,0.26375,0.263,0.26175,0.2605,0.255,0.25325,0.252,0.249,0.2455,0.24275,0.2405,0.23875,0.2365,0.23425,0.2315,0.2285,0.22625,0.224,0.2225,0.21925,0.218,0.2135,0.21075,0.20925,0.20625,0.20275,0.199,0.19575,0.19025,0.1875,0.185,0.183,0.18075,0.17625
0.16475,0.17,0.17175,0.17575,0.178,0.17975,0.18175,0.184,0.18525,0.18875,0.19175,0.196,0.196,0.1985,0.19975,0.202,0.20425,0.2085,0.21125,0.2135,0.21475,0.218,0.219,0.22125,0.225,0.22775,0.2295,0.23475,0.239,0.24,0.2415,0.24375,0.24575,0.248,0.25075,0.2525,0.256,0.25775,0.26025,0.2615,0.26075,0.26375,0.26575,0.2675,0.27175,0.2725,0.27325,0.27575,0.2785,0.28125,0.2825,0.28525,0.287,0.28625,0.28825,0.2885,0.28925,0.29025,0.29325,0.29875,0.3005,0.30175,0.3035,0.30575,0.3085,0.31225,0.3125,0.315,0.31675,0.31625,0.31775,0.318,0.31775,0.31825,0.32125,0.32525,0.32625,0.32625,0.3285,0.328,0.3295,0.32775,0.328,0.33025,0.33325,0.3315,0.3335,0.33275,0.332,0.33175,0.33225,0.33525,0.334,0.33325,0.33125,0.332,0.33275,0.3345,0.33325,0.33425,0.33475,0.3365,0.33525,0.33675,0.34,0.33875,0.3345,0.33375,0.33575,0.336,0.33775,0.3365,0.335,0.33575,0.33425,0.3335,0.334,0.334,0.32975,0.32975,0.33,0.3305,0.32825,0.329,0.3245,0.323,0.32325,0.323,0.32225,0.3175,0.31575,0.3135,0.31575,0.31,0.30975,0.31025,0.31,0.30725,0.3065,0.30675,0.30625,0.30375,0.3015,0.30075,0.29925,0.2975,0.29675,0.29475,0.2935,0.29275,0.291,0.29075,0.28925,0.2865,0.2835,0.28125,0.281,0.279,0.2755,0.275,0.2715,0.27125,0.26875,0.27,0.266,0.266,0.263,0.26,0.25825,0.25625,0.253,0.252,0.249,0.24575,0.24375,0.24125,0.23725,0.23575,0.235,0.2325,0.22825,0.226,0.2235,0.22225,0.2185,0.21725,0.21425,0.21275,0.20875,0.20525,0.204,0.1995,0.19575,0.19275,0.18875,0.186,0.184,0.18175,0.17725,0.17275
0.16325,0.16775,0.17,0.17275,0.17675,0.17875,0.17925,0.1815,0.18425,0.1875,0.1895,0.1935,0.196,0.19625,0.19925,0.20125,0.20275,0.2055,0.21,0.21125,0.2155,0.2155,0.2175,0.21875,0.22175,0.22475,0.2275,0.23075,0.23425,0.238,0.24,0.24225,0.244,0.24625,0.247,0.25025,0.25275,0.2535,0.25625,0.25725,0.26,0.2615,0.2645,0.26575,0.2675,0.26925,0.27125,0.27325,0.27475,0.2785,0.28025,0.28175,0.283,0.28425,0.28425,0.28575,0.2885,0.28925,0.29075,0.292,0.2945,0.2965,0.29775,0.30175,0.305,0.308,0.31,0.31075,0.311,0.31425,0.3145,0.3135,0.31475,0.31525,0.31975,0.32125,0.32175,0.3235,0.32325,0.325,0.32625,0.32525,0.32575,0.32775,0.329,0.33,0.3295,0.32825,0.32775,0.328,0.3305,0.32875,0.33175,0.3305,0.3295,0.32925,0.33075,0.33225,0.33175,0.33225,0.33175,0.33175,0.33425,0.3345,0.3365,0.33475,0.33375,0.33275,0.33275,0.3325,0.33275,0.331,0.3315,0.32925,0.3295,0.33,0.3305,0.3285,0.3265,0.32475,0.32625,0.32625,0.3255,0.323,0.32325,0.3215,0.31825,0.32025,0.318,0.3165,0.313,0.31125,0.30825,0.309,0.30675,0.30525,0.3035,0.3025,0.304,0.30175,0.3015,0.29825,0.29925,0.297,0.295,0.29425,0.29225,0.29225,0.291,0.29025,0.29025,0.2885,0.28575,0.28525,0.28125,0.27825,0.2775,0.2755,0.274,0.27175,0.269,0.269,0.267,0.2655,0.2635,0.26175,0.26125,0.256,0.25475,0.253,0.24925,0.247,0.24425,0.24075,0.24025,0.238,0.2365,0.23525,0.23225,0.2275,0.227,0.224,0.223,0.2215,0.21825,0.216,0.214,0.21175,0.20725,0.2045,0.2005,0.19625,0.1925,0.1895,0.1865,0.1855,0.18125,0.17925,0.17675,0.16875
0.16075,0.16775,0.16875,0.17075,0.1735,0.17625,0.178,0.18,0.18325,0.18625,0.18825,0.18975,0.19325,0.19575,0.19825,0.2005,0.202,0.2035,0.206,0.21,0.2115,0.2145,0.21575,0.21575,0.21975,0.223,0.2255,0.22925,0.23025,0.234,0.2375,0.23975,0.2425,0.2435,0.247,0.2485,0.2505,0.25225,0.25375,0.25475,0.2585,0.25875,0.261,0.2635,0.266,0.2675,0.26825,0.27075,0.27225,0.275,0.278,0.28025,0.277,0.28075,0.28075,0.28425,0.2855,0.28625,0.2885,0.288,0.2895,0.2925,0.2955,0.29675,0.301,0.30425,0.30525,0.3045,0.3075,0.3075,0.3115,0.311,0.31275,0.315,0.3165,0.318,0.321,0.321,0.32175,0.32325,0.323,0.32275,0.3235,0.3235,0.3265,0.326,0.32525,0.3245,0.3265,0.32575,0.3255,0.32675,0.3265,0.327,0.32675,0.3275,0.32675,0.326,0.3295,0.332,0.331,0.3315,0.33175,0.332,0.3305,0.33125,0.3325,0.3305,0.32925,0.328,0.32675,0.326,0.325,0.32475,0.3235,0.3255,0.3235,0.32325,0.323,0.32275,0.32025,0.32025,0.3175,0.31775,0.31875,0.3155,0.317,0.31475,0.315,0.311,0.30975,0.3075,0.3065,0.3055,0.304,0.299,0.30075,0.29725,0.299,0.29775,0.297,0.295,0.29425,0.29425,0.29275,0.2905,0.29,0.2875,0.2875,0.28775,0.2865,0.2865,0.2825,0.28075,0.27825,0.2755,0.2735,0.273,0.272,0.26725,0.265,0.2665,0.26275,0.264,0.2615,0.2585,0.2555,0.25525,0.25325,0.25,0.246,0.24225,0.23975,0.23975,0.23775,0.23625,0.23625,0.23325,0.2275,0.2255,0.2245,0.22325,0.22075,0.21775,0.21475,0.21475,0.211,0.2075,0.20575,0.20125,0.19775,0.193,0.19,0.18875,0.18575,0.18375,0.18025,0.17675,0.17325,0.169
0.1615,0.166,0.169,0.17125,0.172,0.173,0.1765,0.17875,0.181,0.18375,0.187,0.18825,0.191,0.19375,0.19625,0.198,0.199,0.2025,0.204,0.20525,0.2105,0.21,0.21275,0.21525,0.21875,0.2215,0.223,0.22575,0.22775,0.23,0.233,0.237,0.2385,0.2425,0.243,0.246,0.24725,0.24825,0.25025,0.25425,0.257,0.25875,0.26,0.26,0.2635,0.26425,0.26675,0.26875,0.27175,0.2735,0.27275,0.27525,0.27625,0.27575,0.2785,0.28,0.28225,0.28375,0.2845,0.284,0.286,0.2885,0.2935,0.29325,0.29675,0.30025,0.29975,0.30025,0.3025,0.304,0.30625,0.30875,0.31075,0.31325,0.313,0.31475,0.31575,0.31725,0.31675,0.31925,0.31975,0.3205,0.3195,0.32125,0.321,0.3225,0.32325,0.3225,0.3235,0.324,0.32425,0.32225,0.32175,0.3225,0.3245,0.32475,0.32625,0.3275,0.327,0.32825,0.32975,0.32875,0.32875,0.32675,0.3255,0.32725,0.32875,0.32775,0.3255,0.32425,0.32325,0.3215,0.3205,0.32125,0.32225,0.3175,0.31775,0.31975,0.31775,0.3185,0.31625,0.31325,0.3135,0.31425,0.31375,0.31375,0.31325,0.3125,0.31175,0.30925,0.307,0.307,0.3045,0.30275,0.2995,0.2975,0.29675,0.29525,0.295,0.294,0.294,0.29275,0.29175,0.29175,0.2905,0.288,0.284,0.285,0.2825,0.283,0.2825,0.28125,0.2805,0.278,0.27625,0.27425,0.2715,0.27075,0.2695,0.2665,0.26575,0.26275,0.26225,0.26075,0.25825,0.2565,0.25375,0.25075,0.2495,0.2475,0.24325,0.24075,0.238,0.23675,0.2365,0.23625,0.2345,0.23025,0.22575,0.2235,0.22225,0.21975,0.21825,0.2155,0.2145,0.2115,0.208,0.2065,0.2015,0.198,0.19325,0.19175,0.189,0.18825,0.185,0.18125,0.17875,0.17425,0.1715,0.1655
0.159,0.1645,0.16675,0.1695,0.17125,0.173,0.1755,0.17875,0.1805,0.1815,0.1845,0.18725,0.19,0.1915,0.1945,0.19575,0.19875,0.201,0.2015,0.20375,0.20575,0.2085,0.2105,0.21525,0.2165,0.218,0.2205,0.22275,0.22325,0.2285,0.229,0.2315,0.23575,0.23875,0.24075,0.243,0.242,0.24625,0.2485,0.24975,0.2555,0.256,0.25625,0.25875,0.26125,0.262,0.26425,0.265,0.26775,0.26925,0.26975,0.271,0.2725,0.27375,0.274,0.277,0.2795,0.28125,0.2815,0.2825,0.285,0.28675,0.28825,0.2905,0.2915,0.29325,0.29725,0.297,0.301,0.3015,0.3045,0.3055,0.31,0.30925,0.3125,0.3125,0.31325,0.31275,0.313,0.31675,0.31725,0.317,0.317,0.31725,0.318,0.319,0.318,0.31875,0.31825,0.32175,0.32175,0.3205,0.3185,0.322,0.322,0.32225,0.32475,0.325,0.32475,0.32425,0.327,0.327,0.3225,0.324,0.323,0.323,0.32425,0.32525,0.32225,0.32075,0.31975,0.31775,0.31725,0.318,0.31625,0.315,0.3135,0.31525,0.31375,0.31525,0.3105,0.3125,0.311,0.3095,0.311,0.3085,0.3095,0.307,0.30675,0.30325,0.30525,0.30325,0.30125,0.30025,0.29825,0.2965,0.2945,0.29125,0.29225,0.29,0.2895,0.29125,0.28875,0.28825,0.28825,0.28525,0.283,0.283,0.282,0.28125,0.2795,0.27775,0.27625,0.27475,0.27275,0.2715,0.27,0.2685,0.26675,0.2665,0.2635,0.26125,0.259,0.25825,0.256,0.2535,0.2505,0.24875,0.24575,0.243,0.24,0.239,0.237,0.235,0.234,0.23375,0.23075,0.22825,0.22375,0.2205,0.21975,0.2185,0.2165,0.21475,0.212,0.20775,0.2055,0.20275,0.19925,0.19375,0.19275,0.18975,0.18725,0.185,0.18175,0.17975,0.1755,0.17375,0.1695,0.16275
0.158,0.16275,0.165,0.16675,0.16975,0.17075,0.1745,0.17575,0.1785,0.18025,0.18275,0.185,0.1875,0.18975,0.19175,0.1955,0.198,0.199,0.20075,0.202,0.20425,0.206,0.208,0.21125,0.21425,0.21625,0.2185,0.22,0.2215,0.224,0.227,0.22825,0.23175,0.236,0.238,0.2405,0.24125,0.24175,0.24425,0.2485,0.251,0.2525,0.25475,0.25475,0.259,0.25925,0.262,0.2635,0.26475,0.2655,0.267,0.2685,0.268,0.27175,0.274,0.2745,0.27675,0.277,0.27825,0.27975,0.2815,0.2835,0.2845,0.2855,0.2875,0.29,0.29125,0.294,0.29675,0.29775,0.301,0.303,0.3035,0.30625,0.30825,0.31,0.3085,0.308,0.30925,0.3115,0.31375,0.316,0.31275,0.31375,0.314,0.3155,0.3155,0.31525,0.317,0.31775,0.3175,0.31925,0.31775,0.31825,0.31975,0.32075,0.321,0.32075,0.322,0.3215,0.3225,0.32225,0.32175,0.32075,0.3215,0.31925,0.31975,0.31975,0.3175,0.316,0.3165,0.31525,0.3145,0.313,0.3105,0.31225,0.3115,0.3105,0.31125,0.30825,0.308,0.30775,0.3075,0.30775,0.307,0.306,0.3035,0.30325,0.3015,0.30225,0.30225,0.299,0.29725,0.296,0.29575,0.29275,0.291,0.2895,0.287,0.28625,0.28775,0.28625,0.285,0.284,0.28225,0.28225,0.282,0.281,0.27975,0.2765,0.275,0.273,0.27325,0.27225,0.27075,0.26825,0.266,0.26575,0.26575,0.263,0.262,0.25975,0.25625,0.255,0.25375,0.252,0.248,0.24525,0.24075,0.241,0.24025,0.238,0.23525,0.234,0.23275,0.229,0.2275,0.2255,0.223,0.2195,0.2175,0.216,0.2135,0.21175,0.2075,0.20575,0.20175,0.1985,0.196,0.191,0.19,0.18775,0.18725,0.18325,0.17975,0.17675,0.1735,0.17025,0.16575,0.16125
0.15575,0.16025,0.164,0.16525,0.16825,0.17075,0.173,0.174,0.1765,0.1795,0.181,0.1835,0.18575,0.1875,0.19125,0.19275,0.1965,0.198,0.2,0.2005,0.20325,0.20425,0.207,0.21025,0.2105,0.215,0.21625,0.2185,0.21975,0.221,0.2245,0.228,0.229,0.232,0.23425,0.23625,0.23925,0.241,0.24225,0.24525,0.24825,0.25025,0.252,0.2535,0.255,0.2585,0.25825,0.259,0.26075,0.261,0.26375,0.26475,0.266,0.2675,0.27175,0.273,0.27225,0.27425,0.2765,0.2775,0.2795,0.279,0.2835,0.282,0.28425,0.28725,0.28775,0.2885,0.29425,0.29475,0.297,0.298,0.30175,0.3035,0.3035,0.3035,0.30575,0.306,0.308,0.3105,0.3105,0.31025,0.31025,0.3095,0.31175,0.31325,0.314,0.3145,0.31375,0.31475,0.3135,0.31575,0.3165,0.31675,0.316,0.318,0.3185,0.3185,0.3195,0.32025,0.3175,0.3175,0.319,0.3195,0.31775,0.31725,0.314,0.31525,0.31475,0.31275,0.312,0.31125,0.31075,0.3095,0.307,0.309,0.3075,0.3065,0.30375,0.306,0.30525,0.30425,0.3055,0.30325,0.30275,0.303,0.30075,0.29775,0.3,0.3005,0.2965,0.2965,0.29425,0.293,0.291,0.28975,0.28775,0.28825,0.2855,0.28375,0.285,0.284,0.28175,0.2795,0.27825,0.28,0.27975,0.278,0.2755,0.274,0.27125,0.26875,0.26975,0.26825,0.267,0.26525,0.2625,0.2625,0.2615,0.2595,0.25875,0.25625,0.254,0.25225,0.24975,0.247,0.24475,0.2425,0.2395,0.23675,0.2365,0.236,0.23475,0.23275,0.22875,0.22675,0.22325,0.22325,0.2205,0.2185,0.2165,0.2135,0.21025,0.2065,0.20625,0.202,0.1985,0.195,0.19075,0.1885,0.18775,0.18725,0.18275,0.1825,0.17725,0.17525,0.171,0.1675,0.1635,0.15825
0.1565,0.1585,0.16175,0.16375,0.16675,0.1685,0.172,0.17275,0.1745,0.17675,0.18075,0.18225,0.18325,0.18675,0.18875,0.19175,0.19325,0.19525,0.197,0.19875,0.201,0.2035,0.20575,0.20625,0.21,0.21175,0.215,0.216,0.21825,0.2205,0.22425,0.2255,0.228,0.2285,0.2315,0.233,0.237,0.239,0.2405,0.24125,0.24525,0.246,0.248,0.25025,0.253,0.25475,0.25475,0.25525,0.2565,0.25875,0.26125,0.26325,0.264,0.2655,0.2675,0.26825,0.27,0.2705,0.2745,0.27375,0.275,0.27575,0.27675,0.28025,0.282,0.28225,0.28425,0.28575,0.2875,0.292,0.2925,0.29675,0.2975,0.299,0.2995,0.30075,0.303,0.30325,0.30425,0.30625,0.30475,0.307,0.306,0.3085,0.3105,0.3085,0.3115,0.31175,0.31025,0.30875,0.3105,0.3125,0.31275,0.31425,0.315,0.31325,0.31525,0.31475,0.31475,0.31575,0.3155,0.31375,0.31375,0.314,0.3175,0.31325,0.3125,0.3105,0.30925,0.30825,0.30875,0.30675,0.30575,0.305,0.304,0.30275,0.303,0.30125,0.30125,0.30225,0.30225,0.29975,0.299,0.30025,0.2985,0.29925,0.29775,0.29575,0.295,0.29575,0.2945,0.294,0.293,0.291,0.289,0.288,0.28675,0.28475,0.28425,0.28175,0.28,0.28025,0.2775,0.27675,0.277,0.27575,0.2765,0.27375,0.27225,0.26875,0.2675,0.267,0.26525,0.26425,0.2625,0.26025,0.26125,0.2595,0.25825,0.25675,0.25475,0.25425,0.25075,0.249,0.246,0.245,0.24325,0.2405,0.23775,0.235,0.232,0.2315,0.231,0.2295,0.22625,0.223,0.22175,0.22,0.21875,0.21625,0.2145,0.21175,0.20775,0.2055,0.2025,0.1995,0.19625,0.193,0.1905,0.1875,0.18625,0.1835,0.18125,0.1785,0.17725,0.17075,0.169,0.165,0.162,0.15575
0.15125,0.158,0.16025,0.16375,0.16525,0.1675,0.16925,0.17125,0.173,0.17525,0.17875,0.17975,0.1825,0.185,0.1865,0.19025,0.1915,0.19275,0.1965,0.19825,0.1995,0.20275,0.20425,0.20425,0.20625,0.2105,0.2115,0.21325,0.2155,0.2195,0.22125,0.22375,0.2245,0.22575,0.2275,0.23175,0.235,0.23775,0.23825,0.2385,0.24175,0.24225,0.24525,0.24725,0.25025,0.25075,0.2525,0.25225,0.254,0.2545,0.257,0.26025,0.261,0.2625,0.262,0.26425,0.26875,0.26975,0.27025,0.271,0.27175,0.2735,0.27575,0.2785,0.27875,0.2805,0.28075,0.28375,0.28425,0.28675,0.2895,0.2925,0.29375,0.29425,0.2965,0.297,0.2985,0.301,0.30225,0.3015,0.30275,0.304,0.30375,0.30325,0.30625,0.3075,0.30675,0.30675,0.30675,0.30625,0.307,0.31,0.30875,0.31075,0.31175,0.31175,0.312,0.313,0.31225,0.31075,0.311,0.31275,0.30925,0.31125,0.3105,0.31125,0.30725,0.306,0.30725,0.30425,0.30525,0.3045,0.303,0.3025,0.30075,0.30025,0.29625,0.29775,0.297,0.29625,0.2975,0.29575,0.2965,0.295,0.29525,0.2945,0.29275,0.294,0.293,0.2905,0.29075,0.29075,0.289,0.289,0.2855,0.28425,0.28425,0.28375,0.28025,0.279,0.27875,0.27575,0.27525,0.274,0.27275,0.27425,0.26925,0.269,0.26725,0.26675,0.26525,0.2635,0.2635,0.26,0.2595,0.26,0.258,0.2565,0.2555,0.25325,0.2505,0.24925,0.247,0.2455,0.244,0.24075,0.24,0.23775,0.23525,0.2325,0.23125,0.2295,0.22725,0.226,0.22325,0.22,0.2175,0.21625,0.2155,0.21375,0.21025,0.20875,0.2055,0.202,0.2005,0.1965,0.194,0.18975,0.1885,0.1865,0.182,0.18175,0.177,0.17625,0.1725,0.16775,0.16625,0.1635,0.15925,0.15425
0.15075,0.1555,0.1595,0.163,0.1645,0.166,0.16675,0.16825,0.1715,0.17375,0.17525,0.17875,0.18175,0.1825,0.1845,0.18725,0.19025,0.1915,0.1945,0.19725,0.1975,0.19925,0.20225,0.2035,0.205,0.20575,0.20875,0.20925,0.2135,0.21575,0.21975,0.2205,0.22225,0.22275,0.227,0.22825,0.23075,0.23375,0.2345,0.23725,0.238,0.24025,0.242,0.245,0.2465,0.24825,0.24925,0.2495,0.24925,0.25125,0.25325,0.2545,0.2565,0.2595,0.25975,0.26225,0.26475,0.26725,0.26725,0.266,0.268,0.271,0.27175,0.273,0.2745,0.2775,0.278,0.2805,0.28325,0.2845,0.286,0.28875,0.288,0.28975,0.292,0.2935,0.2935,0.2975,0.2965,0.296,0.299,0.3,0.30125,0.30025,0.3035,0.303,0.30325,0.302,0.3035,0.30275,0.304,0.3055,0.307,0.307,0.30825,0.30925,0.3085,0.30725,0.307,0.307,0.3075,0.307,0.30825,0.30525,0.3065,0.306,0.30525,0.30325,0.30225,0.30175,0.299,0.2995,0.297,0.29775,0.29775,0.2945,0.2945,0.2935,0.292,0.294,0.29275,0.292,0.29375,0.291,0.29025,0.2915,0.2905,0.28975,0.289,0.287,0.287,0.286,0.2865,0.28475,0.28375,0.28325,0.2825,0.27975,0.277,0.2755,0.27375,0.27375,0.27225,0.27075,0.27,0.2685,0.268,0.26575,0.26475,0.26325,0.26175,0.26125,0.2595,0.25825,0.256,0.256,0.25275,0.25225,0.252,0.25,0.2495,0.247,0.24375,0.243,0.2405,0.23925,0.23725,0.23425,0.23375,0.23175,0.2305,0.226,0.223,0.22175,0.22175,0.21775,0.21825,0.215,0.213,0.20975,0.20775,0.204,0.202,0.2,0.19625,0.194,0.192,0.18825,0.18625,0.18375,0.18125,0.17675,0.17475,0.17275,0.1685,0.1675,0.16425,0.1605,0.158,0.14975
0.14925,0.15575,0.15725,0.16125,0.16175,0.16375,0.16575,0.1675,0.16825,0.172,0.175,0.1765,0.178,0.18125,0.18325,0.18525,0.188,0.18975,0.193,0.19475,0.196,0.19775,0.1995,0.202,0.2025,0.20425,0.206,0.20825,0.20975,0.2145,0.216,0.218,0.2185,0.22025,0.22425,0.22525,0.2275,0.23,0.23275,0.23275,0.23525,0.23725,0.23925,0.24075,0.24225,0.244,0.245,0.2465,0.24675,0.251,0.25125,0.252,0.25325,0.2555,0.2585,0.25925,0.26125,0.2625,0.264,0.264,0.2645,0.2665,0.26675,0.26825,0.27275,0.27575,0.2765,0.2785,0.279,0.28175,0.28225,0.2835,0.287,0.2855,0.2885,0.29075,0.291,0.2925,0.293,0.294,0.29525,0.2965,0.297,0.29875,0.29775,0.299,0.29825,0.3005,0.29975,0.30125,0.3025,0.30225,0.30275,0.3045,0.30425,0.30475,0.30375,0.30375,0.30375,0.304,0.30325,0.303,0.3045,0.30325,0.302,0.30125,0.302,0.3015,0.299,0.2975,0.29675,0.295,0.295,0.29475,0.29175,0.292,0.289,0.28925,0.2885,0.28825,0.29,0.289,0.28725,0.28675,0.28775,0.28775,0.28625,0.28325,0.2835,0.28475,0.28325,0.28175,0.28325,0.28275,0.283,0.28025,0.2775,0.2775,0.27525,0.2725,0.2715,0.271,0.26925,0.268,0.266,0.26575,0.2625,0.2625,0.26125,0.26125,0.2595,0.25825,0.25625,0.25675,0.25425,0.2525,0.25225,0.25025,0.24875,0.2475,0.2445,0.24275,0.24,0.2385,0.2375,0.23625,0.23575,0.2325,0.23225,0.2295,0.226,0.2245,0.22,0.21975,0.2165,0.217,0.21625,0.21325,0.2105,0.205,0.20425,0.201,0.19825,0.1955,0.19375,0.19375,0.19025,0.187,0.18425,0.181,0.1775,0.1765,0.17275,0.16875,0.168,0.1635,0.16125,0.159,0.15425,0.15025
0.14925,0.15325,0.15625,0.15725,0.161,0.16275,0.16525,0.16675,0.16775,0.1705,0.173,0.17475,0.17625,0.17775,0.18025,0.1845,0.187,0.188,0.19025,0.1925,0.1925,0.1955,0.19775,0.1985,0.2005,0.2015,0.20275,0.2045,0.20925,0.21075,0.2125,0.215,0.217,0.2195,0.22075,0.2235,0.2245,0.225,0.22625,0.23075,0.233,0.236,0.23525,0.2375,0.23825,0.24075,0.2425,0.24525,0.24725,0.24775,0.24675,0.24925,0.252,0.25175,0.25575,0.2565,0.25875,0.25925,0.2595,0.26075,0.2625,0.2625,0.26525,0.26775,0.26875,0.27125,0.27325,0.27575,0.27525,0.27625,0.27975,0.27925,0.2805,0.28375,0.286,0.2865,0.28625,0.28725,0.28925,0.29175,0.29225,0.29225,0.29425,0.2935,0.2945,0.2935,0.29675,0.29875,0.29725,0.298,0.29925,0.30025,0.29925,0.301,0.30125,0.29925,0.30025,0.302,0.301,0.299,0.30125,0.2995,0.29975,0.2975,0.2985,0.29625,0.297,0.297,0.29525,0.2935,0.291,0.29075,0.291,0.28725,0.2875,0.2885,0.285,0.28625,0.287,0.28425,0.28375,0.284,0.2825,0.283,0.28575,0.28275,0.28075,0.281,0.282,0.279,0.28025,0.27875,0.27925,0.28075,0.27975,0.277,0.27325,0.274,0.27125,0.2705,0.269,0.26625,0.26525,0.263,0.262,0.2605,0.25975,0.2595,0.25975,0.25825,0.25675,0.2575,0.256,0.2535,0.25175,0.2505,0.248,0.24675,0.2455,0.244,0.24325,0.24025,0.2395,0.2375,0.23475,0.2345,0.232,0.2315,0.22925,0.226,0.224,0.2195,0.21975,0.21625,0.2155,0.21325,0.213,0.21125,0.20575,0.20325,0.20075,0.19825,0.19525,0.19325,0.192,0.19025,0.1875,0.18425,0.18325,0.1795,0.1775,0.173,0.16825,0.168,0.16525,0.1625,0.15975,0.15575,0.15375,0.1485
0.14675,0.15125,0.15325,0.1565,0.15925,0.16175,0.16275,0.16475,0.16725,0.169,0.17025,0.173,0.1745,0.17525,0.1795,0.18125,0.18475,0.18675,0.188,0.19075,0.19125,0.193,0.195,0.1955,0.1985,0.199,0.20025,0.2035,0.20475,0.20875,0.21025,0.213,0.215,0.217,0.21875,0.22025,0.22275,0.22325,0.225,0.22725,0.22975,0.23075,0.234,0.2335,0.2355,0.23625,0.2385,0.2425,0.24375,0.2445,0.2455,0.24675,0.24775,0.24975,0.251,0.25275,0.25275,0.25425,0.2555,0.25875,0.2585,0.25975,0.26,0.2645,0.2655,0.2675,0.271,0.27225,0.273,0.2745,0.27525,0.27625,0.2775,0.2805,0.2835,0.28275,0.2825,0.28375,0.285,0.28575,0.2875,0.28825,0.28925,0.2895,0.2895,0.2925,0.2925,0.295,0.29525,0.2955,0.2955,0.29525,0.2965,0.296,0.2955,0.295,0.29475,0.297,0.2975,0.296,0.297,0.2975,0.296,0.295,0.29225,0.29325,0.29225,0.2905,0.29025,0.289,0.286,0.28625,0.28325,0.28325,0.28525,0.284,0.284,0.28325,0.28325,0.28125,0.27925,0.28,0.28125,0.28125,0.282,0.28075,0.278,0.278,0.27925,0.2775,0.277,0.27675,0.2755,0.2755,0.277,0.27425,0.27225,0.27075,0.27,0.26925,0.26475,0.266,0.26075,0.259,0.258,0.257,0.2565,0.25525,0.256,0.25525,0.2525,0.25275,0.253,0.2505,0.24975,0.2485,0.24575,0.24475,0.24225,0.24075,0.23825,0.23775,0.23575,0.2345,0.23325,0.229,0.22925,0.2275,0.226,0.22375,0.2205,0.219,0.2165,0.21625,0.21325,0.2105,0.20675,0.20425,0.20275,0.1995,0.1965,0.194,0.192,0.19125,0.19,0.188,0.1855,0.18275,0.17875,0.17825,0.175,0.17075,0.168,0.166,0.16175,0.16075,0.15625,0.1525,0.1515,0.14825
0.144,0.14825,0.152,0.154,0.15725,0.15875,0.16075,0.16325,0.16525,0.1665,0.16825,0.17025,0.1715,0.17425,0.175,0.1795,0.1825,0.18475,0.18575,0.1875,0.18825,0.19025,0.1925,0.1935,0.1955,0.19625,0.20075,0.2015,0.204,0.20475,0.20775,0.21075,0.21375,0.2135,0.2165,0.21875,0.21825,0.2215,0.223,0.2245,0.227,0.22975,0.22925,0.2315,0.23275,0.23375,0.23675,0.2375,0.24075,0.24175,0.24375,0.245,0.24625,0.247,0.248,0.249,0.25025,0.2495,0.25225,0.25375,0.256,0.259,0.26,0.2595,0.26175,0.26525,0.2665,0.268,0.27075,0.271,0.27075,0.27225,0.27425,0.2765,0.27675,0.2775,0.279,0.2795,0.28175,0.2825,0.284,0.28475,0.28475,0.28575,0.2875,0.28825,0.29125,0.2915,0.29175,0.29125,0.29275,0.29275,0.29375,0.2915,0.2915,0.29325,0.2925,0.2925,0.29475,0.2935,0.29325,0.29275,0.2915,0.2885,0.28925,0.287,0.28725,0.28625,0.284,0.2845,0.2835,0.28,0.279,0.28,0.2805,0.2805,0.28025,0.27975,0.2805,0.278,0.2765,0.27475,0.27775,0.2765,0.27675,0.27325,0.277,0.27475,0.275,0.27625,0.276,0.27525,0.274,0.274,0.27225,0.27225,0.26975,0.26825,0.26825,0.267,0.2645,0.26,0.25775,0.25575,0.25575,0.25525,0.25225,0.2525,0.2515,0.2515,0.252,0.24925,0.2495,0.24775,0.2465,0.24475,0.24325,0.24,0.237,0.237,0.23775,0.236,0.2335,0.23075,0.2295,0.2295,0.2285,0.22425,0.2235,0.22125,0.2195,0.2135,0.215,0.213,0.21075,0.20875,0.20425,0.20275,0.2,0.19725,0.19325,0.19125,0.19075,0.18875,0.18775,0.1845,0.183,0.179,0.178,0.17475,0.17125,0.16875,0.16675,0.16375,0.161,0.1585,0.1545,0.15125,0.15,0.14625
0.14,0.14525,0.1485,0.153,0.15375,0.1565,0.158,0.161,0.16275,0.16575,0.1665,0.168,0.17,0.17225,0.1745,0.1775,0.18,0.1825,0.1845,0.1855,0.1865,0.18775,0.19075,0.19225,0.19325,0.19575,0.1965,0.199,0.20175,0.2025,0.2045,0.2075,0.209,0.2125,0.21425,0.2155,0.2165,0.21775,0.2195,0.22175,0.2235,0.225,0.227,0.227,0.23,0.231,0.23425,0.2335,0.2365,0.23825,0.24,0.2425,0.242,0.24325,0.2435,0.24575,0.24675,0.24725,0.24725,0.24925,0.25225,0.25525,0.2565,0.25825,0.26025,0.26175,0.26325,0.26475,0.26575,0.2655,0.2675,0.269,0.2705,0.27375,0.2725,0.27375,0.2755,0.2775,0.278,0.28,0.2795,0.27975,0.28125,0.28175,0.28325,0.287,0.28725,0.28775,0.28725,0.289,0.28925,0.29025,0.28825,0.288,0.28925,0.2885,0.2875,0.28925,0.2905,0.28975,0.289,0.289,0.28825,0.28525,0.28475,0.28325,0.282,0.28125,0.28025,0.28025,0.2775,0.27875,0.277,0.2765,0.27725,0.27725,0.277,0.27625,0.27525,0.2735,0.273,0.2725,0.27175,0.274,0.2715,0.27175,0.27125,0.2725,0.2725,0.2705,0.27025,0.2705,0.27175,0.27025,0.27,0.267,0.2675,0.267,0.26475,0.262,0.25975,0.2575,0.25425,0.25425,0.252,0.25175,0.2515,0.25075,0.2485,0.24975,0.248,0.24725,0.246,0.245,0.24375,0.24325,0.23975,0.23525,0.23375,0.23325,0.2335,0.233,0.22925,0.2275,0.22675,0.22625,0.22275,0.22075,0.21825,0.2155,0.2145,0.214,0.20975,0.21,0.208,0.206,0.2035,0.19775,0.196,0.194,0.1915,0.191,0.1885,0.1865,0.18375,0.1835,0.18025,0.178,0.1755,0.17175,0.16975,0.16725,0.16425,0.16225,0.16,0.15475,0.1525,0.1495,0.1465,0.142
0.13875,0.14275,0.14725,0.15075,0.15325,0.155,0.15775,0.15875,0.16125,0.16275,0.164,0.165,0.16875,0.17025,0.17425,0.176,0.17825,0.1805,0.182,0.18375,0.184,0.186,0.1875,0.19,0.1925,0.1935,0.1955,0.19525,0.1985,0.20125,0.2025,0.2035,0.20675,0.20925,0.213,0.21375,0.213,0.2155,0.21725,0.2175,0.22025,0.221,0.223,0.22525,0.229,0.22975,0.23,0.23175,0.2325,0.23425,0.2365,0.23875,0.239,0.2415,0.239,0.2415,0.24375,0.24325,0.2445,0.24675,0.2495,0.253,0.253,0.25525,0.257,0.25725,0.25775,0.26025,0.25925,0.262,0.26375,0.26575,0.26575,0.269,0.26975,0.26875,0.2725,0.27375,0.27475,0.27575,0.2745,0.27675,0.278,0.27825,0.28125,0.28275,0.2835,0.282,0.2835,0.284,0.285,0.2855,0.284,0.2835,0.28425,0.284,0.28275,0.2835,0.284,0.285,0.285,0.2825,0.284,0.28125,0.2805,0.279,0.27925,0.27675,0.2755,0.2745,0.27525,0.27525,0.27475,0.2745,0.27275,0.27375,0.272,0.27075,0.271,0.26925,0.26875,0.2675,0.267,0.266,0.269,0.26775,0.267,0.2685,0.27025,0.26875,0.26725,0.2675,0.26825,0.26825,0.264,0.2645,0.26425,0.2635,0.262,0.25725,0.25675,0.25425,0.25225,0.2505,0.25075,0.24975,0.248,0.24725,0.246,0.2475,0.246,0.24475,0.24375,0.2405,0.241,0.239,0.23725,0.23425,0.23225,0.2315,0.22825,0.22825,0.22625,0.227,0.22525,0.22175,0.221,0.21825,0.2175,0.2145,0.2125,0.21125,0.2085,0.2075,0.20475,0.202,0.199,0.19475,0.19225,0.191,0.19075,0.18675,0.18525,0.1835,0.18125,0.179,0.17725,0.174,0.1725,0.171,0.16825,0.1645,0.16325,0.15875,0.157,0.15275,0.15075,0.1475,0.143,0.14
0.1345,0.141,0.14425,0.148,0.15,0.153,0.155,0.15675,0.1585,0.16125,0.1635,0.165,0.16625,0.17,0.173,0.17575,0.17725,0.178,0.17875,0.18175,0.18275,0.187,0.18675,0.18875,0.19025,0.1915,0.19275,0.194,0.19725,0.19925,0.20075,0.2015,0.20425,0.207,0.2095,0.2115,0.212,0.214,0.21525,0.21525,0.219,0.21975,0.21975,0.22275,0.224,0.22625,0.22725,0.2285,0.23025,0.23075,0.23375,0.2345,0.2355,0.23575,0.23625,0.23875,0.23875,0.2395,0.242,0.2435,0.245,0.2465,0.25025,0.252,0.2545,0.254,0.25375,0.254,0.25625,0.25725,0.2595,0.26175,0.26425,0.26625,0.26475,0.26775,0.26625,0.26875,0.27075,0.2725,0.271,0.273,0.275,0.27675,0.27725,0.27925,0.27875,0.27925,0.279,0.281,0.28,0.281,0.27975,0.28025,0.2795,0.279,0.279,0.27925,0.27825,0.281,0.27875,0.27875,0.27975,0.278,0.275,0.27425,0.2725,0.27225,0.27075,0.2705,0.2705,0.2705,0.27075,0.26975,0.26975,0.2675,0.269,0.267,0.26675,0.26475,0.26375,0.2635,0.26275,0.26325,0.26325,0.262,0.2645,0.2645,0.2655,0.26575,0.264,0.263,0.264,0.26275,0.26325,0.2635,0.26,0.2595,0.257,0.2565,0.25425,0.25125,0.25,0.251,0.25,0.24875,0.24475,0.2445,0.24425,0.243,0.24075,0.241,0.239,0.23725,0.23625,0.2345,0.2335,0.233,0.23075,0.2295,0.22575,0.22425,0.22425,0.224,0.2195,0.2195,0.217,0.21625,0.21375,0.2125,0.2105,0.20775,0.207,0.2025,0.20075,0.198,0.197,0.19375,0.18925,0.18775,0.1875,0.18675,0.1825,0.1815,0.17775,0.17625,0.174,0.173,0.1705,0.168,0.16475,0.16375,0.16,0.15675,0.154,0.15125,0.14825,0.14475,0.141,0.1365
0.13525,0.13875,0.14225,0.14375,0.14875,0.15025,0.15325,0.1545,0.1565,0.15925,0.162,0.1635,0.16525,0.1675,0.171,0.1725,0.17475,0.17625,0.177,0.17975,0.182,0.18425,0.186,0.18725,0.1895,0.18975,0.192,0.19475,0.196,0.196,0.1985,0.1995,0.20025,0.20425,0.207,0.20875,0.21125,0.2115,0.21275,0.2145,0.21425,0.21675,0.2185,0.21875,0.22125,0.22225,0.2245,0.226,0.2265,0.2285,0.23,0.23075,0.2315,0.23175,0.23375,0.23525,0.23725,0.23725,0.24,0.241,0.2415,0.245,0.2485,0.2495,0.24975,0.25025,0.252,0.251,0.253,0.2535,0.25625,0.258,0.2615,0.26125,0.2615,0.26175,0.2635,0.26325,0.26425,0.269,0.269,0.2695,0.27125,0.27175,0.27325,0.273,0.27425,0.27775,0.27525,0.27525,0.27675,0.27725,0.27525,0.27625,0.2765,0.27525,0.27625,0.276,0.27625,0.27525,0.2765,0.2755,0.273,0.2695,0.26875,0.2675,0.267,0.26625,0.26725,0.26725,0.26625,0.267,0.26625,0.26725,0.2655,0.2635,0.262,0.26175,0.2635,0.26225,0.2595,0.25875,0.26025,0.26075,0.25925,0.2585,0.2615,0.26125,0.262,0.2615,0.26075,0.26,0.25925,0.2595,0.26075,0.258,0.258,0.25475,0.2535,0.25225,0.2505,0.24975,0.249,0.248,0.2475,0.246,0.24475,0.2435,0.242,0.24175,0.239,0.2375,0.2365,0.2335,0.232,0.22975,0.2295,0.2295,0.22925,0.22525,0.22375,0.22275,0.22,0.219,0.2175,0.21525,0.215,0.21325,0.21175,0.20925,0.208,0.205,0.20325,0.201,0.19775,0.196,0.19325,0.19175,0.189,0.18825,0.1845,0.18225,0.1795,0.177,0.17575,0.17325,0.16975,0.16825,0.1675,0.164,0.16325,0.16025,0.15725,0.15475,0.151,0.14775,0.146,0.14325,0.138,0.1345
0.13225,0.1365,0.1405,0.14325,0.14525,0.14825,0.14975,0.15425,0.15525,0.157,0.15875,0.16225,0.164,0.16775,0.168,0.1705,0.1715,0.17475,0.1765,0.17675,0.179,0.182,0.1835,0.1855,0.1865,0.18775,0.18975,0.19175,0.194,0.1945,0.19675,0.1975,0.19975,0.20175,0.20325,0.2065,0.20775,0.207,0.209,0.2095,0.2105,0.21225,0.21425,0.214,0.2155,0.21875,0.22075,0.221,0.225,0.22475,0.22675,0.2265,0.22825,0.22925,0.23075,0.234,0.23425,0.23525,0.23475,0.237,0.23825,0.241,0.24375,0.24575,0.24575,0.24725,0.24875,0.24875,0.2485,0.2505,0.25275,0.25575,0.257,0.26,0.26,0.25975,0.26075,0.261,0.259,0.264,0.2665,0.26575,0.26775,0.2685,0.26775,0.26775,0.269,0.2715,0.2715,0.2715,0.27175,0.272,0.27275,0.27325,0.2715,0.272,0.271,0.27125,0.27125,0.27275,0.271,0.2685,0.267,0.26625,0.2625,0.2635,0.2625,0.26375,0.26275,0.2625,0.26175,0.26175,0.26325,0.26125,0.25975,0.259,0.2595,0.26025,0.2585,0.2575,0.2575,0.259,0.25775,0.258,0.257,0.25725,0.2565,0.25775,0.2585,0.257,0.257,0.2565,0.25675,0.257,0.255,0.25575,0.25375,0.25175,0.24975,0.2475,0.24675,0.248,0.2455,0.24525,0.2445,0.244,0.2425,0.24025,0.24125,0.2395,0.2375,0.235,0.23175,0.23075,0.22725,0.228,0.22775,0.2275,0.22475,0.22325,0.22225,0.218,0.21675,0.21625,0.2135,0.21375,0.2125,0.212,0.2075,0.2065,0.206,0.201,0.1995,0.19525,0.1955,0.1925,0.1915,0.19,0.18875,0.1855,0.18175,0.18,0.17625,0.17575,0.17325,0.17025,0.168,0.16675,0.16325,0.16275,0.16025,0.1565,0.1535,0.1515,0.14875,0.146,0.144,0.1395,0.137,0.134
0.1315,0.1345,0.139,0.14175,0.1435,0.146,0.149,0.15175,0.1545,0.155,0.157,0.1595,0.1625,0.165,0.1675,0.16775,0.1705,0.17175,0.174,0.17575,0.1775,0.17925,0.181,0.1825,0.1845,0.185,0.18775,0.18975,0.192,0.19275,0.19475,0.1965,0.19825,0.1995,0.20075,0.2015,0.20375,0.20625,0.2065,0.20775,0.20925,0.21025,0.212,0.2125,0.21325,0.215,0.21625,0.22025,0.22175,0.224,0.223,0.22375,0.22425,0.22525,0.22925,0.23025,0.23125,0.23175,0.23375,0.2335,0.23575,0.237,0.24025,0.2415,0.24275,0.244,0.24325,0.246,0.24475,0.24625,0.249,0.25125,0.25275,0.255,0.25775,0.257,0.25575,0.2565,0.258,0.2585,0.2615,0.26375,0.26325,0.263,0.264,0.26375,0.26525,0.266,0.26725,0.2665,0.267,0.26625,0.269,0.268,0.26725,0.26625,0.26725,0.26625,0.268,0.26675,0.26475,0.2635,0.26225,0.262,0.259,0.25725,0.25725,0.25925,0.25925,0.258,0.25725,0.25725,0.2565,0.2565,0.2555,0.2565,0.2575,0.2545,0.2545,0.254,0.2545,0.254,0.254,0.25425,0.25575,0.25525,0.25475,0.254,0.25575,0.25325,0.254,0.254,0.2535,0.25175,0.2515,0.25025,0.24925,0.24925,0.245,0.24475,0.24475,0.24425,0.24225,0.242,0.24225,0.24075,0.24125,0.2395,0.23675,0.23475,0.23375,0.23075,0.2295,0.2275,0.2265,0.225,0.22525,0.2225,0.222,0.221,0.21875,0.21525,0.2145,0.21225,0.211,0.21075,0.20875,0.20675,0.2055,0.2035,0.20125,0.19875,0.195,0.1955,0.1925,0.19175,0.18975,0.188,0.1855,0.18175,0.18,0.17725,0.174,0.17175,0.16975,0.168,0.166,0.16375,0.16125,0.1585,0.15725,0.15425,0.1505,0.1495,0.146,0.14475,0.1405,0.138,0.13625,0.13125
0.13,0.13425,0.13625,0.13775,0.141,0.1445,0.14625,0.15,0.15175,0.155,0.15625,0.157,0.1595,0.163,0.16375,0.167,0.1685,0.17025,0.17225,0.17475,0.17475,0.1775,0.1785,0.18125,0.1835,0.18525,0.1855,0.18775,0.19025,0.1895,0.19325,0.19475,0.19475,0.1965,0.19775,0.199,0.20025,0.20325,0.20425,0.2065,0.2055,0.21,0.209,0.208,0.20925,0.21325,0.21375,0.21625,0.21875,0.21775,0.22,0.21975,0.22125,0.2245,0.22725,0.229,0.22925,0.2315,0.232,0.23325,0.23225,0.236,0.237,0.23775,0.23825,0.24,0.24025,0.2415,0.24125,0.24475,0.246,0.24825,0.24925,0.252,0.253,0.25475,0.25275,0.25375,0.2535,0.25575,0.25725,0.2585,0.26,0.25975,0.261,0.261,0.25875,0.261,0.26175,0.2615,0.262,0.26475,0.26425,0.26375,0.26425,0.264,0.26375,0.2645,0.26225,0.26175,0.25925,0.2585,0.25625,0.255,0.253,0.2545,0.2545,0.25525,0.25425,0.25325,0.25325,0.25225,0.2515,0.25175,0.252,0.25325,0.2525,0.25275,0.25075,0.25,0.252,0.2525,0.25125,0.2515,0.2525,0.25225,0.2505,0.2515,0.24925,0.2505,0.25075,0.24975,0.24975,0.248,0.24725,0.245,0.2445,0.244,0.2425,0.2405,0.24025,0.2375,0.24075,0.2405,0.23725,0.23775,0.23775,0.2365,0.23375,0.23225,0.22825,0.2275,0.22625,0.22525,0.223,0.223,0.22125,0.22075,0.21975,0.218,0.21425,0.21175,0.21,0.21075,0.208,0.2075,0.206,0.20525,0.20375,0.1995,0.197,0.19525,0.195,0.191,0.18975,0.1885,0.18575,0.18425,0.18125,0.178,0.17725,0.17625,0.1725,0.16875,0.169,0.1665,0.164,0.16125,0.1585,0.1565,0.154,0.15125,0.1475,0.14575,0.14425,0.14175,0.1395,0.13825,0.13525,0.131
0.12975,0.13325,0.1355,0.13575,0.139,0.1425,0.1455,0.1465,0.14925,0.151,0.15575,0.15625,0.15725,0.15925,0.161,0.1645,0.16675,0.16725,0.16975,0.171,0.1725,0.17375,0.1775,0.17875,0.18175,0.1825,0.18425,0.1845,0.1865,0.18825,0.18925,0.19175,0.19375,0.1935,0.19325,0.1965,0.1985,0.19825,0.20275,0.20325,0.20425,0.20475,0.2045,0.20675,0.2065,0.20925,0.2095,0.21125,0.2125,0.21525,0.21775,0.21725,0.2195,0.22225,0.22275,0.2255,0.2265,0.227,0.2295,0.22875,0.23025,0.231,0.234,0.2345,0.23525,0.2365,0.2365,0.238,0.24,0.241,0.24325,0.2425,0.2455,0.2475,0.25,0.24875,0.2515,0.25225,0.25225,0.25325,0.25275,0.25225,0.2555,0.25725,0.2585,0.25675,0.25525,0.2565,0.25625,0.25575,0.2595,0.2605,0.2595,0.259,0.26,0.26,0.2615,0.262,0.2595,0.25625,0.252,0.254,0.252,0.249,0.24875,0.24975,0.25,0.25125,0.2485,0.25,0.24925,0.24925,0.24775,0.248,0.249,0.24725,0.247,0.24725,0.2485,0.24825,0.24825,0.2485,0.24825,0.24875,0.248,0.248,0.24675,0.246,0.24625,0.24625,0.2475,0.24525,0.2445,0.24125,0.242,0.23975,0.23975,0.239,0.23925,0.2375,0.2375,0.23625,0.23525,0.23625,0.23725,0.236,0.2335,0.231,0.23025,0.228,0.22525,0.224,0.2225,0.22,0.22025,0.21925,0.218,0.21825,0.215,0.213,0.21075,0.2085,0.209,0.207,0.207,0.20525,0.20325,0.20175,0.19925,0.19775,0.195,0.19225,0.19075,0.18825,0.186,0.1865,0.18275,0.18025,0.1795,0.17575,0.17475,0.17175,0.16975,0.1685,0.16575,0.16425,0.16175,0.159,0.15675,0.155,0.151,0.14875,0.14575,0.1445,0.14125,0.14,0.139,0.13725,0.13325,0.12925
0.1285,0.1325,0.13425,0.1345,0.1365,0.14025,0.14125,0.144,0.1465,0.149,0.1515,0.15525,0.15525,0.157,0.16025,0.16275,0.164,0.165,0.1675,0.16925,0.17025,0.173,0.17425,0.17775,0.18,0.18225,0.181,0.18325,0.18275,0.185,0.1875,0.188,0.19075,0.1905,0.1915,0.1925,0.19525,0.19625,0.19675,0.201,0.19975,0.20175,0.2015,0.204,0.20575,0.205,0.207,0.20825,0.2085,0.21125,0.21475,0.216,0.21675,0.21875,0.2205,0.221,0.22275,0.2255,0.2255,0.22725,0.2275,0.2275,0.22775,0.232,0.23225,0.231,0.23325,0.2355,0.23675,0.2375,0.2395,0.24,0.23975,0.24325,0.24525,0.24725,0.24875,0.2505,0.25025,0.2495,0.24975,0.2515,0.251,0.25175,0.252,0.252,0.2535,0.252,0.25,0.251,0.25275,0.25375,0.25625,0.25475,0.2545,0.2545,0.25425,0.256,0.2535,0.252,0.249,0.24975,0.24775,0.2455,0.2455,0.2445,0.24675,0.2455,0.24575,0.245,0.2445,0.24525,0.2445,0.24625,0.24475,0.24325,0.24225,0.24275,0.244,0.2465,0.24625,0.246,0.245,0.2455,0.2455,0.244,0.24325,0.243,0.2435,0.24475,0.24325,0.2435,0.24075,0.239,0.23675,0.23625,0.23625,0.23625,0.23475,0.23375,0.23375,0.23225,0.2335,0.233,0.23525,0.2315,0.22925,0.2295,0.226,0.225,0.223,0.221,0.2215,0.2185,0.217,0.217,0.2145,0.21475,0.211,0.20975,0.2075,0.20675,0.2055,0.2055,0.20275,0.203,0.2015,0.19725,0.1965,0.1935,0.19175,0.18975,0.18825,0.1855,0.184,0.1825,0.17975,0.1765,0.175,0.17475,0.1715,0.16875,0.16725,0.16525,0.163,0.161,0.158,0.15675,0.15425,0.15225,0.1475,0.1465,0.14475,0.142,0.1405,0.138,0.1375,0.1335,0.1315,0.12875
0.12725,0.1295,0.13325,0.13325,0.13525,0.137,0.1395,0.142,0.1445,0.14575,0.14975,0.151,0.1545,0.15525,0.15725,0.159,0.162,0.163,0.16625,0.16675,0.16875,0.16975,0.17175,0.17525,0.177,0.17575,0.1785,0.181,0.18275,0.184,0.1855,0.18675,0.187,0.18825,0.18975,0.19125,0.19125,0.193,0.19375,0.196,0.1965,0.199,0.20025,0.19975,0.20325,0.20425,0.20375,0.2055,0.20575,0.20725,0.20975,0.21275,0.21375,0.215,0.216,0.21825,0.219,0.221,0.224,0.22275,0.225,0.225,0.22625,0.227,0.2285,0.228,0.2295,0.232,0.2335,0.2335,0.23675,0.2365,0.2375,0.2375,0.24125,0.243,0.2445,0.246,0.24775,0.2475,0.24625,0.2465,0.247,0.2445,0.24675,0.24925,0.2485,0.2485,0.249,0.2465,0.2485,0.24775,0.2495,0.25175,0.2495,0.249,0.24825,0.24775,0.2485,0.247,0.24575,0.243,0.2425,0.24325,0.23925,0.24025,0.23875,0.24,0.24,0.24225,0.24,0.2405,0.24125,0.241,0.2395,0.239,0.23825,0.23925,0.239,0.24275,0.2435,0.243,0.24225,0.24175,0.24075,0.24075,0.23925,0.23975,0.24025,0.23825,0.238,0.2355,0.23725,0.23425,0.23325,0.2335,0.23425,0.2335,0.22975,0.23125,0.23125,0.23025,0.22925,0.23,0.229,0.22875,0.22625,0.2235,0.22125,0.2205,0.21825,0.217,0.2175,0.21475,0.213,0.21425,0.2125,0.21,0.20975,0.20525,0.205,0.2045,0.203,0.2015,0.2015,0.19925,0.1965,0.19575,0.19275,0.1915,0.18925,0.1875,0.1845,0.183,0.18275,0.1775,0.177,0.17375,0.17225,0.1705,0.168,0.1665,0.16525,0.1635,0.16275,0.1585,0.1555,0.1535,0.15225,0.1485,0.14675,0.146,0.1415,0.1405,0.13925,0.13825,0.133,0.1325,0.13,0.12675
0.12475,0.12825,0.1305,0.132,0.133,0.134,0.1365,0.14025,0.142,0.1435,0.146,0.15,0.15175,0.15375,0.1545,0.15575,0.158,0.161,0.163,0.16475,0.16675,0.1685,0.16975,0.17275,0.1735,0.1735,0.17575,0.17775,0.1785,0.18025,0.183,0.18275,0.18325,0.1845,0.18775,0.18775,0.18775,0.1885,0.19175,0.193,0.1945,0.196,0.19725,0.19925,0.199,0.19975,0.202,0.20275,0.20425,0.205,0.20725,0.20775,0.21025,0.21175,0.214,0.2145,0.21675,0.2185,0.2175,0.222,0.22175,0.2235,0.223,0.22375,0.22425,0.225,0.225,0.228,0.22875,0.232,0.23,0.23275,0.234,0.23625,0.237,0.23925,0.24025,0.24325,0.24325,0.245,0.2445,0.24375,0.2425,0.24275,0.24175,0.24325,0.24525,0.24525,0.24425,0.24375,0.24275,0.24475,0.245,0.24525,0.24525,0.24325,0.241,0.242,0.24225,0.2415,0.23875,0.24025,0.2385,0.2385,0.2365,0.2355,0.23675,0.23525,0.23675,0.236,0.236,0.23675,0.23675,0.23775,0.2345,0.2355,0.23625,0.236,0.23875,0.24,0.24075,0.24075,0.23825,0.2365,0.2355,0.23625,0.23725,0.23725,0.23675,0.23525,0.232,0.23425,0.231,0.23075,0.23,0.23025,0.2295,0.22975,0.22825,0.2275,0.22725,0.22625,0.227,0.226,0.22525,0.2255,0.22075,0.21875,0.21875,0.21575,0.21625,0.2145,0.21275,0.21125,0.2095,0.21,0.2085,0.20825,0.2045,0.2045,0.2015,0.20075,0.1995,0.199,0.199,0.19725,0.19325,0.19125,0.18925,0.18625,0.18675,0.18475,0.18325,0.1815,0.17775,0.17725,0.174,0.17275,0.169,0.16625,0.167,0.16325,0.16325,0.162,0.15875,0.157,0.1545,0.15225,0.1485,0.14625,0.14525,0.14275,0.14025,0.13925,0.13775,0.13475,0.13225,0.1295,0.127,0.1225
0.1215,0.1255,0.128,0.13025,0.133,0.13275,0.135,0.1365,0.139,0.14075,0.14325,0.145,0.14825,0.15075,0.15275,0.15375,0.15375,0.156,0.16025,0.16175,0.164,0.16625,0.1675,0.16825,0.16975,0.17125,0.173,0.17525,0.17675,0.17825,0.17975,0.18,0.1805,0.182,0.18225,0.1835,0.18375,0.187,0.188,0.189,0.19075,0.1925,0.19425,0.195,0.19525,0.19625,0.19825,0.20025,0.20125,0.203,0.2045,0.20575,0.20675,0.2095,0.21,0.21225,0.214,0.2135,0.21425,0.21525,0.21925,0.21975,0.22075,0.22025,0.22125,0.22,0.22475,0.2235,0.226,0.22625,0.2265,0.2285,0.2305,0.233,0.23525,0.23475,0.23775,0.238,0.23825,0.24125,0.24125,0.2405,0.2385,0.237,0.23875,0.238,0.24075,0.241,0.2405,0.23975,0.23975,0.2385,0.2395,0.24,0.2385,0.2395,0.23675,0.23675,0.237,0.23475,0.237,0.235,0.2355,0.234,0.23225,0.23325,0.231,0.2315,0.231,0.232,0.233,0.23275,0.23225,0.231,0.2325,0.233,0.23275,0.2355,0.23525,0.23575,0.236,0.23725,0.23575,0.23175,0.2325,0.233,0.2335,0.232,0.23275,0.23075,0.23125,0.22775,0.228,0.22575,0.22775,0.22725,0.22675,0.22575,0.226,0.225,0.225,0.224,0.2225,0.222,0.222,0.21975,0.2165,0.2165,0.2155,0.2145,0.2125,0.211,0.20725,0.21,0.20675,0.20575,0.20675,0.2035,0.202,0.20125,0.19925,0.1985,0.1975,0.19675,0.194,0.19225,0.19125,0.19,0.186,0.184,0.183,0.1835,0.1805,0.177,0.17525,0.1735,0.17375,0.16925,0.1655,0.16475,0.16275,0.16225,0.161,0.15825,0.15675,0.1535,0.15275,0.14925,0.14625,0.1455,0.142,0.1405,0.1385,0.1385,0.135,0.13275,0.131,0.12925,0.1255,0.1205
0.1215,0.124,0.1255,0.12725,0.13,0.1325,0.13325,0.13425,0.136,0.139,0.1405,0.1425,0.1455,0.148,0.149,0.152,0.15325,0.15325,0.15575,0.158,0.161,0.16325,0.165,0.166,0.1665,0.16925,0.171,0.172,0.17475,0.1755,0.1775,0.177,0.17775,0.178,0.17975,0.1805,0.18175,0.1825,0.1845,0.1865,0.188,0.18875,0.1905,0.1915,0.19225,0.19425,0.194,0.1985,0.199,0.2,0.2015,0.201,0.204,0.2055,0.20725,0.2085,0.21,0.21025,0.211,0.213,0.2135,0.21675,0.2185,0.217,0.21825,0.21875,0.21875,0.2205,0.22075,0.221,0.223,0.22675,0.229,0.22975,0.23175,0.23275,0.233,0.23375,0.23475,0.235,0.235,0.23575,0.23525,0.23375,0.233,0.23675,0.2345,0.235,0.23525,0.23525,0.2345,0.2345,0.23325,0.235,0.23375,0.23275,0.23375,0.2345,0.23075,0.233,0.23125,0.23275,0.2305,0.22925,0.22875,0.22775,0.22775,0.22525,0.22625,0.2285,0.22875,0.2275,0.22725,0.228,0.22975,0.22975,0.23125,0.22975,0.23275,0.23075,0.23125,0.23125,0.23075,0.23075,0.22875,0.22875,0.2285,0.22825,0.22775,0.22575,0.22475,0.22425,0.2225,0.22425,0.2225,0.224,0.2225,0.221,0.22175,0.222,0.222,0.21875,0.218,0.21875,0.21675,0.21475,0.21375,0.21125,0.212,0.2115,0.21,0.20625,0.20675,0.2065,0.2025,0.203,0.20025,0.20025,0.19825,0.19675,0.19525,0.196,0.194,0.19225,0.19075,0.18775,0.18675,0.18575,0.184,0.18125,0.1815,0.18025,0.1765,0.1755,0.17275,0.17175,0.17025,0.1655,0.16475,0.1625,0.16125,0.15875,0.15775,0.15575,0.152,0.15075,0.14875,0.14575,0.1455,0.14225,0.14025,0.13875,0.13775,0.13525,0.1335,0.13275,0.1295,0.1245,0.1205,0.11625
0.118,0.1225,0.1225,0.126,0.12825,0.129,0.132,0.1315,0.13425,0.13625,0.1375,0.1405,0.14125,0.14425,0.14625,0.14825,0.1515,0.15275,0.15425,0.15725,0.15975,0.161,0.16175,0.163,0.1645,0.16525,0.1675,0.17125,0.17075,0.1715,0.172,0.17425,0.17625,0.1755,0.17625,0.17825,0.1785,0.18025,0.1805,0.18225,0.18525,0.1855,0.18725,0.1875,0.18925,0.1915,0.1925,0.19375,0.19575,0.1975,0.19675,0.199,0.20125,0.2025,0.2035,0.20575,0.20625,0.207,0.20725,0.20975,0.21075,0.2125,0.21525,0.21525,0.21575,0.215,0.21575,0.215,0.219,0.2185,0.22075,0.22225,0.22475,0.22775,0.2285,0.22825,0.229,0.229,0.2295,0.2285,0.2295,0.2305,0.23,0.22875,0.2295,0.23025,0.23175,0.22975,0.22825,0.23025,0.22975,0.22875,0.22825,0.22725,0.22725,0.22775,0.2295,0.22825,0.22825,0.228,0.226,0.2265,0.22775,0.22625,0.22525,0.2245,0.22225,0.22275,0.22325,0.22275,0.22375,0.2235,0.22375,0.2245,0.2255,0.22725,0.22725,0.22725,0.22675,0.2265,0.22575,0.22625,0.22575,0.22675,0.22675,0.22475,0.22475,0.22225,0.22225,0.22125,0.22,0.21925,0.221,0.21975,0.219,0.218,0.2205,0.218,0.2185,0.218,0.21775,0.215,0.21525,0.21175,0.2105,0.2105,0.208,0.20675,0.20675,0.20675,0.204,0.204,0.20325,0.20125,0.201,0.198,0.19725,0.196,0.1955,0.194,0.1935,0.193,0.1895,0.189,0.18575,0.185,0.18275,0.18225,0.17975,0.1785,0.1775,0.1745,0.17425,0.1725,0.17125,0.16825,0.16575,0.16625,0.163,0.16025,0.158,0.15725,0.15525,0.152,0.15075,0.14825,0.146,0.14525,0.1435,0.141,0.138,0.13725,0.13475,0.133,0.1315,0.13025,0.1255,0.1215,0.1185,0.1155
0.11525,0.1205,0.123,0.1245,0.126,0.12775,0.1285,0.1305,0.13225,0.13325,0.13425,0.13825,0.13975,0.1425,0.143,0.145,0.148,0.1505,0.15125,0.15475,0.15675,0.15775,0.15975,0.16,0.16225,0.16325,0.16425,0.16725,0.16875,0.1685,0.17075,0.1715,0.1725,0.17225,0.17275,0.17375,0.177,0.17775,0.18,0.181,0.18275,0.18225,0.18275,0.184,0.18475,0.1875,0.18875,0.1905,0.19125,0.19425,0.19475,0.19575,0.1975,0.198,0.20075,0.202,0.20325,0.202,0.205,0.20475,0.2075,0.207,0.2075,0.21175,0.21075,0.21275,0.2115,0.214,0.2125,0.21525,0.21525,0.21675,0.219,0.22075,0.223,0.224,0.22525,0.22375,0.22325,0.22475,0.225,0.225,0.22525,0.2275,0.22475,0.224,0.2245,0.2245,0.224,0.22425,0.22575,0.22375,0.22275,0.22125,0.22225,0.22225,0.22175,0.22425,0.22275,0.22225,0.22,0.21975,0.2215,0.2215,0.22075,0.219,0.21675,0.21825,0.219,0.2175,0.21825,0.2185,0.21975,0.21975,0.22025,0.22125,0.21975,0.222,0.222,0.2195,0.22075,0.21925,0.2205,0.22275,0.2235,0.223,0.2205,0.21675,0.21625,0.21625,0.21675,0.21475,0.215,0.21375,0.21325,0.2155,0.21475,0.214,0.21225,0.2125,0.21125,0.2115,0.20925,0.2065,0.205,0.20575,0.20325,0.203,0.20325,0.2005,0.1985,0.2,0.1975,0.19675,0.1945,0.19475,0.19425,0.19425,0.19175,0.19075,0.18875,0.18775,0.18625,0.184,0.18225,0.181,0.1805,0.17925,0.1785,0.17525,0.17325,0.17275,0.1705,0.17,0.166,0.166,0.16525,0.162,0.16075,0.1575,0.1545,0.1545,0.15225,0.14875,0.1465,0.14575,0.14425,0.142,0.139,0.138,0.13625,0.132,0.13275,0.1305,0.1295,0.126,0.12275,0.1175,0.11625,0.11275
0.10925,0.1165,0.12,0.12225,0.1225,0.1245,0.126,0.12575,0.12725,0.12975,0.1315,0.133,0.1345,0.13825,0.13825,0.13975,0.143,0.14625,0.1475,0.149,0.1495,0.152,0.15425,0.15675,0.1575,0.15925,0.1585,0.16025,0.163,0.16475,0.16625,0.1665,0.166,0.168,0.1675,0.1675,0.172,0.17475,0.175,0.17625,0.17675,0.1775,0.1785,0.1795,0.18025,0.18075,0.183,0.185,0.18625,0.18825,0.18975,0.18925,0.19075,0.19125,0.193,0.195,0.19625,0.19725,0.19975,0.2,0.2005,0.2015,0.20325,0.20375,0.2055,0.2065,0.20625,0.20725,0.20825,0.2085,0.20925,0.2085,0.21375,0.21225,0.2145,0.2165,0.21925,0.219,0.21825,0.2175,0.2155,0.21725,0.2175,0.219,0.221,0.21825,0.21925,0.218,0.21575,0.21525,0.2155,0.2175,0.21375,0.21575,0.2165,0.21325,0.21525,0.21675,0.21475,0.21425,0.21175,0.21175,0.212,0.21425,0.213,0.21125,0.21175,0.21,0.21025,0.21025,0.21125,0.213,0.213,0.215,0.21525,0.21325,0.213,0.21425,0.21575,0.21425,0.212,0.2135,0.21125,0.214,0.216,0.21575,0.2135,0.212,0.20875,0.2095,0.21,0.20825,0.207,0.20575,0.2085,0.2095,0.20775,0.205,0.20725,0.20475,0.20575,0.202,0.201,0.1995,0.1985,0.19875,0.196,0.19775,0.19675,0.19375,0.1935,0.192,0.1915,0.18775,0.1885,0.1885,0.19,0.18675,0.1875,0.1855,0.184,0.18275,0.18025,0.17775,0.177,0.1775,0.17375,0.174,0.17425,0.169,0.16675,0.16575,0.16625,0.165,0.161,0.16125,0.1605,0.15875,0.15675,0.154,0.15275,0.1485,0.1475,0.14225,0.142,0.14125,0.13775,0.13725,0.1355,0.1345,0.132,0.129,0.12775,0.127,0.12375,0.122,0.1185,0.114,0.11225,0.10475
